hour,month,day_of_week,is_weekend,pm25,pm10,so2,nox,no2,co,wind_speed,temperature,humidity,pm_ratio,nox_so2_ratio,label
9,2,2,0,130.14,141.68,9.16,33.3,20.34,0.493,1.14,20.7,80.1,0.919,3.636,seasonal_inversion
9,12,2,0,72.44,139.15,6.43,130.76,87.59,2.019,0.95,29.4,47.6,0.521,20.331,vehicular
6,11,0,0,224.84,269.21,104.53,33.43,15.92,0.607,2.86,30.5,66.3,0.835,0.32,industrial
20,4,3,0,78.53,103.17,8.38,80.09,41.73,1.675,1.75,34.9,62.8,0.761,9.556,vehicular
9,6,2,0,35.5,21.04,3.5,121.04,86.62,3.383,2.16,32.6,31.3,1.688,34.552,vehicular
5,11,5,1,49.46,51.93,18.24,33.25,23.65,1.308,0.29,13.9,44.2,0.952,1.823,seasonal_inversion
6,4,0,0,135.29,170.36,61.77,3.34,-1.95,0.697,1.69,31.0,61.6,0.794,0.054,industrial
9,7,3,0,83.56,167.14,3.76,61.89,46.44,3.495,2.06,30.8,30.3,0.5,16.472,vehicular
10,2,3,0,132.8,222.35,18.97,11.63,8.3,0.655,0.8,17.5,80.0,0.597,0.613,seasonal_inversion
1,1,2,0,114.7,118.31,77.15,10.9,10.19,0.129,3.0,30.3,76.4,0.97,0.141,industrial
11,12,2,0,104.85,287.44,10.21,36.14,16.23,1.443,3.14,32.5,39.2,0.365,3.539,agricultural_burning
6,1,4,0,83.65,135.19,26.0,19.23,11.55,0.68,0.92,15.5,92.0,0.619,0.74,seasonal_inversion
9,10,1,0,97.62,123.88,7.32,83.68,40.62,3.704,2.19,38.2,67.9,0.788,11.425,vehicular
7,8,3,0,78.53,120.53,4.29,83.37,42.46,2.959,0.97,31.6,47.5,0.652,19.451,vehicular
18,4,3,0,115.43,182.72,10.62,23.26,12.66,2.047,1.02,22.2,63.9,0.632,2.19,agricultural_burning
5,1,5,1,99.06,141.45,15.44,57.37,29.96,0.644,0.25,9.2,63.5,0.7,3.716,seasonal_inversion
22,4,1,0,144.82,170.72,59.22,44.25,28.63,0.84,2.23,25.2,68.6,0.848,0.747,industrial
3,6,0,0,25.8,29.95,4.41,14.17,2.65,0.534,3.76,21.8,51.2,0.861,3.217,unknown
8,11,0,0,104.33,147.67,0.35,27.39,15.64,0.996,0.04,25.2,66.3,0.707,78.442,seasonal_inversion
14,10,2,0,28.94,37.24,5.92,29.74,20.88,0.485,7.97,29.3,68.0,0.777,5.023,unknown
9,4,1,0,26.11,39.35,6.11,26.1,11.09,0.422,2.79,39.5,73.4,0.664,4.275,unknown
9,12,3,0,114.23,273.25,10.21,18.01,6.26,1.515,4.43,42.5,21.2,0.418,1.764,agricultural_burning
7,12,4,0,46.4,85.5,9.34,69.16,37.31,3.485,1.82,32.0,21.9,0.543,7.405,vehicular
16,10,1,0,30.9,60.76,12.9,23.34,7.64,0.42,7.31,47.9,76.8,0.509,1.81,unknown
17,7,2,0,75.33,164.66,12.74,55.3,36.75,2.132,1.35,27.6,45.4,0.457,4.34,vehicular
23,2,4,0,54.11,83.55,9.95,26.25,18.91,0.876,1.18,22.1,86.2,0.648,2.639,unknown
5,5,1,0,179.82,232.83,40.3,10.65,9.71,0.534,3.65,29.8,45.3,0.772,0.264,industrial
13,12,0,0,38.64,67.31,7.67,22.17,13.08,0.742,4.98,33.3,57.1,0.574,2.89,unknown
5,2,0,0,75.73,137.98,13.82,20.1,16.5,0.905,0.27,21.4,90.7,0.549,1.454,seasonal_inversion
22,4,3,0,56.05,79.77,8.03,9.21,7.29,0.758,3.88,20.8,74.9,0.703,1.148,unknown
22,1,3,0,160.67,210.18,53.46,6.28,5.38,1.07,0.8,24.3,57.0,0.764,0.117,industrial
17,3,2,0,104.2,210.33,13.45,16.11,10.71,1.477,4.73,25.1,85.0,0.495,1.198,agricultural_burning
20,4,4,0,86.2,125.96,1.73,103.15,68.3,2.687,1.53,25.0,66.9,0.684,59.787,vehicular
10,2,0,0,81.71,122.94,8.73,93.3,55.48,2.49,2.02,31.6,51.3,0.665,10.685,vehicular
17,8,0,0,21.12,28.11,-1.37,8.37,3.79,0.158,2.19,44.9,43.2,0.751,5.0,unknown
17,4,4,0,210.27,395.97,6.12,22.66,11.08,2.162,3.76,39.4,18.1,0.531,3.702,agricultural_burning
10,9,4,0,69.43,107.39,6.63,105.28,56.83,3.043,2.34,25.6,33.9,0.647,15.878,vehicular
2,7,2,0,164.54,233.6,54.98,32.6,19.71,1.421,3.47,27.2,76.6,0.704,0.593,industrial
18,12,4,0,137.34,322.2,4.87,24.1,11.86,1.863,3.37,34.0,51.5,0.426,4.948,agricultural_burning
5,12,5,1,85.94,134.21,23.85,40.29,19.75,0.87,0.28,14.8,73.9,0.64,1.69,seasonal_inversion
7,9,3,0,85.03,156.96,4.67,88.8,61.74,3.193,2.63,32.8,39.0,0.542,19.006,vehicular
22,11,0,0,215.95,332.36,56.64,28.81,19.83,0.746,1.24,27.1,68.3,0.65,0.509,industrial
23,2,3,0,31.65,32.16,3.51,27.31,16.34,0.989,5.93,23.4,67.6,0.984,7.779,unknown
0,2,6,1,197.06,284.91,62.74,52.04,44.54,1.097,1.41,24.2,69.8,0.692,0.83,industrial
11,6,0,0,31.39,30.22,9.78,26.12,15.68,0.222,1.07,30.9,66.0,1.039,2.671,unknown
3,6,2,0,173.91,260.09,93.59,27.72,17.68,0.443,2.2,30.7,69.7,0.669,0.296,industrial
9,2,2,0,80.27,148.7,7.15,108.17,68.01,3.562,1.37,29.5,26.1,0.54,15.13,vehicular
18,12,1,0,81.62,107.14,9.21,18.74,11.58,1.837,3.11,28.2,49.3,0.762,2.034,agricultural_burning
1,3,0,0,147.06,200.13,83.93,60.91,47.21,0.694,3.99,33.5,78.3,0.735,0.726,industrial
15,12,6,1,221.71,392.84,4.58,8.94,3.92,2.662,4.74,33.2,57.7,0.564,1.953,agricultural_burning
11,4,4,0,183.56,347.14,8.38,26.97,18.35,1.427,1.0,21.5,17.7,0.529,3.217,agricultural_burning
6,6,6,1,31.47,67.44,11.62,15.78,6.24,0.137,6.65,34.3,32.3,0.467,1.358,unknown
8,6,2,0,53.86,90.3,2.31,46.9,36.3,3.239,2.08,32.2,54.5,0.596,20.286,vehicular
11,12,6,1,63.38,99.15,3.25,7.42,3.71,0.716,5.92,29.6,44.2,0.639,2.285,unknown
9,11,0,0,183.35,281.26,7.52,18.27,9.87,2.671,2.76,25.1,43.0,0.652,2.431,agricultural_burning
10,2,1,0,122.0,177.5,8.45,27.28,17.86,0.629,0.67,21.3,79.4,0.687,3.229,seasonal_inversion
14,12,0,0,46.93,133.42,6.46,22.12,6.46,2.116,4.96,35.8,44.6,0.352,3.427,agricultural_burning
14,9,3,0,76.1,146.09,4.49,7.38,8.08,0.604,3.04,19.6,83.8,0.521,1.645,unknown
14,10,3,0,122.24,243.14,12.22,40.19,28.68,0.995,3.51,24.0,65.9,0.503,3.288,agricultural_burning
16,11,2,0,172.21,429.22,9.9,19.44,6.23,1.266,4.8,21.5,15.7,0.401,1.964,agricultural_burning
3,1,5,1,197.0,215.49,63.07,59.48,36.66,0.578,1.26,37.3,80.5,0.914,0.943,industrial
7,12,5,1,80.14,152.64,17.37,44.98,27.91,1.024,0.45,18.4,81.1,0.525,2.589,seasonal_inversion
9,1,3,0,78.97,87.39,5.64,28.24,16.03,1.105,0.55,8.0,68.2,0.904,5.009,seasonal_inversion
3,2,5,1,197.87,283.98,72.5,42.89,29.0,0.599,1.69,35.5,82.2,0.697,0.592,industrial
0,11,3,0,168.39,228.48,43.91,56.07,32.92,0.415,2.11,21.2,64.2,0.737,1.277,industrial
8,3,2,0,23.95,41.43,10.69,27.01,15.03,0.359,7.34,26.2,87.8,0.578,2.527,unknown
14,3,0,0,237.67,356.92,13.6,5.63,2.67,2.807,4.37,39.3,27.9,0.666,0.414,agricultural_burning
14,10,5,1,35.18,42.95,10.01,41.82,25.21,0.369,6.58,23.5,62.3,0.819,4.178,unknown
9,1,1,0,55.36,68.78,16.76,1.84,1.0,1.227,0.63,17.0,67.1,0.805,0.11,seasonal_inversion
15,3,6,1,166.75,297.22,7.86,22.08,13.27,1.366,1.76,28.5,16.4,0.561,2.81,agricultural_burning
7,2,3,0,77.19,100.79,9.3,50.34,32.37,2.205,1.61,34.2,63.9,0.766,5.412,vehicular
1,5,3,0,265.92,329.8,82.28,40.61,30.36,0.845,1.16,27.6,58.9,0.806,0.494,industrial
16,11,6,1,137.3,269.41,4.1,26.77,15.02,1.12,1.62,30.6,26.3,0.51,6.521,agricultural_burning
9,12,4,0,92.34,191.84,12.93,6.52,0.42,0.445,4.66,23.3,45.0,0.481,0.504,agricultural_burning
13,11,3,0,186.32,278.7,1.19,23.16,9.07,0.959,1.58,41.7,30.2,0.669,19.441,agricultural_burning
10,12,4,0,38.33,23.72,3.36,19.31,10.45,0.732,6.68,25.0,54.4,1.616,5.747,unknown
1,1,2,0,137.22,168.96,79.75,37.22,26.13,0.931,2.87,21.3,86.4,0.812,0.467,industrial
8,12,2,0,87.69,134.21,13.2,43.91,24.31,0.7,1.37,17.4,72.9,0.653,3.326,seasonal_inversion
6,5,5,1,55.51,89.87,5.6,21.99,14.63,0.636,5.71,27.8,56.5,0.618,3.927,unknown
18,4,2,0,205.15,292.03,14.02,7.45,2.2,1.436,3.49,40.0,51.5,0.702,0.532,agricultural_burning
9,11,6,1,65.59,87.55,15.23,21.91,14.48,0.341,4.32,14.6,69.4,0.749,1.438,unknown
3,12,5,1,184.99,237.44,65.99,30.33,23.81,0.8,2.46,28.1,56.0,0.779,0.46,industrial
20,3,1,0,100.93,202.1,5.5,127.95,75.55,2.649,2.25,36.5,59.5,0.499,23.261,vehicular
16,10,5,1,109.85,230.63,10.4,25.28,14.29,1.74,3.8,33.2,67.6,0.476,2.431,agricultural_burning
19,12,3,0,58.61,157.85,5.48,84.06,40.06,2.955,1.97,42.2,24.0,0.371,15.325,vehicular
13,12,3,0,169.7,300.67,12.08,37.32,20.77,1.242,3.32,40.6,50.5,0.564,3.088,agricultural_burning
10,12,6,1,235.32,320.54,13.53,41.79,20.67,1.817,2.87,37.6,38.7,0.734,3.088,agricultural_burning
9,4,2,0,206.92,308.56,5.94,13.29,6.64,1.671,3.81,28.5,21.5,0.671,2.237,agricultural_burning
10,11,6,1,59.8,78.16,10.53,5.49,3.74,0.762,5.27,28.2,52.6,0.765,0.522,unknown
6,11,0,0,131.96,166.34,12.59,16.9,13.41,0.551,1.3,13.1,71.7,0.793,1.343,seasonal_inversion
8,2,6,1,79.02,98.94,13.22,29.53,16.28,1.091,1.41,22.7,83.5,0.799,2.233,seasonal_inversion
5,12,0,0,74.23,84.88,-1.51,17.47,13.98,0.694,0.41,20.0,62.8,0.874,5.0,seasonal_inversion
7,12,3,0,48.1,47.23,7.43,32.0,13.43,0.582,7.16,30.1,43.6,1.019,4.309,unknown
2,10,6,1,125.32,207.02,45.34,36.77,23.39,0.707,3.32,32.6,88.2,0.605,0.811,industrial
12,10,4,0,122.6,295.08,2.51,22.14,14.06,1.859,1.09,37.2,25.2,0.415,8.808,agricultural_burning
18,10,1,0,168.62,319.74,11.4,35.29,17.76,1.409,1.26,28.4,58.3,0.527,3.095,agricultural_burning
19,6,5,1,61.66,75.92,12.21,9.7,7.35,0.525,6.48,23.0,60.2,0.812,0.795,unknown
10,2,1,0,106.16,127.11,8.85,31.22,18.86,0.812,0.52,9.4,66.0,0.835,3.528,seasonal_inversion
10,1,2,0,100.18,154.21,9.65,34.29,17.62,0.69,1.23,21.4,85.6,0.65,3.554,seasonal_inversion
10,12,2,0,124.66,172.6,13.74,14.17,4.55,1.035,0.93,20.3,74.6,0.722,1.032,seasonal_inversion
1,3,3,0,149.08,185.85,117.24,67.19,34.53,0.9,2.14,30.3,70.9,0.802,0.573,industrial
7,12,2,0,82.27,145.36,3.21,122.11,57.76,3.165,1.56,28.7,47.4,0.566,38.01,vehicular
8,11,0,0,90.36,134.84,2.87,110.68,60.39,2.887,1.53,40.4,51.7,0.67,38.542,vehicular
1,1,5,1,41.86,89.65,2.36,40.76,23.69,0.435,4.1,31.6,70.1,0.467,17.286,unknown
9,1,5,1,74.94,124.78,19.65,34.61,27.75,1.26,1.17,18.1,67.3,0.601,1.761,seasonal_inversion
17,3,6,1,160.39,264.59,0.15,12.93,9.47,1.552,2.45,39.6,26.2,0.606,83.991,agricultural_burning
5,3,4,0,162.39,234.69,45.57,14.47,7.51,1.37,1.35,28.9,71.0,0.692,0.317,industrial
7,11,4,0,46.59,84.84,8.56,3.17,2.19,1.461,1.43,18.4,77.4,0.549,0.37,seasonal_inversion
16,2,4,0,14.98,9.61,6.16,26.47,12.89,0.56,4.68,24.5,79.1,1.559,4.295,unknown
10,10,2,0,253.01,365.53,14.01,4.07,1.57,1.804,4.04,42.1,66.7,0.692,0.29,agricultural_burning
8,6,1,0,93.64,142.32,3.05,101.89,61.93,3.81,2.99,21.2,74.0,0.658,33.429,vehicular
10,12,2,0,41.86,79.88,18.81,25.86,14.41,1.184,1.33,22.3,64.6,0.524,1.375,seasonal_inversion
19,8,0,0,104.3,174.88,3.05,105.71,70.16,3.337,3.0,28.6,53.8,0.596,34.609,vehicular
0,8,4,0,177.92,238.8,92.88,23.69,7.41,1.028,3.07,24.3,72.8,0.745,0.255,industrial
6,11,2,0,28.4,52.52,2.25,31.07,26.75,0.252,2.9,24.6,43.4,0.541,13.828,unknown
20,2,4,0,92.78,161.29,7.28,88.01,62.48,3.257,1.43,21.3,32.0,0.575,12.092,vehicular
6,1,1,0,98.07,113.96,7.74,21.01,19.99,1.09,1.06,5.6,81.8,0.861,2.714,seasonal_inversion
5,7,1,0,118.96,125.8,58.22,29.05,15.59,1.119,3.72,29.7,53.4,0.946,0.499,industrial
18,11,6,1,226.8,342.75,7.09,25.77,15.26,0.641,1.96,36.3,74.0,0.662,3.635,agricultural_burning
8,7,2,0,12.57,24.43,0.16,75.78,42.28,3.495,2.99,30.0,70.1,0.514,476.008,vehicular
10,12,6,1,100.25,151.19,6.88,26.0,13.85,1.174,0.31,17.9,66.9,0.663,3.777,seasonal_inversion
19,4,2,0,71.76,165.2,7.44,80.48,44.55,2.692,2.66,31.2,58.5,0.434,10.82,vehicular
5,2,6,1,127.44,181.0,14.35,15.55,8.59,0.753,0.44,24.1,62.5,0.704,1.084,seasonal_inversion
8,2,1,0,101.64,181.84,7.14,106.52,60.85,3.003,0.89,35.1,62.8,0.559,14.917,vehicular
17,4,0,0,164.17,295.51,10.73,9.02,3.56,2.34,4.12,36.1,43.8,0.556,0.84,agricultural_burning
9,4,3,0,75.54,85.02,6.09,123.88,86.07,2.686,2.99,34.3,70.9,0.889,20.343,vehicular
13,4,1,0,120.15,222.6,3.39,15.38,10.9,1.184,3.58,27.3,56.9,0.54,4.532,agricultural_burning
18,12,4,0,98.42,192.9,8.75,97.58,66.63,3.595,2.23,30.8,71.9,0.51,11.147,vehicular
2,12,4,0,44.99,71.13,10.07,32.2,25.32,0.409,3.58,34.5,64.7,0.633,3.198,unknown
1,8,3,0,194.83,246.89,83.56,14.43,6.76,1.25,0.78,37.8,99.7,0.789,0.173,industrial
8,11,0,0,68.72,95.55,22.56,23.08,12.35,1.0,1.22,13.1,66.7,0.719,1.023,seasonal_inversion
12,4,2,0,129.75,259.23,4.96,22.41,12.09,2.893,4.43,34.5,51.4,0.501,4.518,agricultural_burning
6,3,2,0,148.0,151.14,84.9,11.18,12.02,0.904,2.77,38.3,50.7,0.979,0.132,industrial
17,9,3,0,51.38,79.97,9.08,62.81,51.97,3.58,3.0,26.4,30.3,0.642,6.915,vehicular
18,7,2,0,27.38,44.28,1.27,18.79,11.48,0.598,3.75,19.6,74.4,0.618,14.747,unknown
6,8,3,0,34.74,32.57,1.46,33.38,18.69,0.544,2.7,25.0,59.2,1.067,22.805,unknown
0,12,3,0,139.89,202.24,96.4,39.11,21.67,0.58,1.53,32.1,87.6,0.692,0.406,industrial
7,12,4,0,114.19,159.26,13.33,34.82,20.46,0.877,0.2,16.0,74.9,0.717,2.612,seasonal_inversion
4,2,6,1,153.49,183.56,72.93,51.08,37.08,1.228,1.07,29.0,62.0,0.836,0.7,industrial
15,6,2,0,48.22,61.61,7.87,29.3,20.38,0.84,6.95,21.4,53.8,0.783,3.722,unknown
23,9,0,0,149.32,210.75,98.49,55.8,44.49,1.034,3.97,24.6,57.4,0.709,0.567,industrial
9,2,2,0,118.77,181.34,9.61,3.91,-2.0,0.611,1.36,11.7,86.0,0.655,0.406,seasonal_inversion
8,11,1,0,72.02,88.42,9.53,31.5,29.6,1.083,0.4,14.8,98.0,0.815,3.305,seasonal_inversion
2,9,1,0,196.16,203.35,59.06,25.27,13.31,0.556,2.56,22.8,71.2,0.965,0.428,industrial
5,12,2,0,95.02,184.91,10.67,39.27,23.34,0.81,0.1,15.6,92.4,0.514,3.678,seasonal_inversion
10,2,6,1,69.94,135.68,4.42,24.31,12.7,1.423,1.13,10.8,71.7,0.515,5.496,seasonal_inversion
10,12,2,0,66.48,144.51,0.09,63.73,28.36,2.218,2.02,33.7,49.4,0.46,689.41,vehicular
1,2,0,0,186.06,239.69,81.98,51.46,35.33,0.351,1.22,31.4,72.6,0.776,0.628,industrial
4,2,3,0,210.7,307.62,56.16,32.77,16.96,0.545,1.53,33.4,79.7,0.685,0.583,industrial
20,1,0,0,62.23,92.45,4.98,70.1,50.55,3.13,2.9,32.2,65.6,0.673,14.074,vehicular
7,11,5,1,179.2,270.98,7.16,16.32,9.38,0.505,0.39,12.1,90.1,0.661,2.279,seasonal_inversion
8,1,5,1,130.01,209.43,13.28,31.71,28.3,0.462,0.73,13.7,94.5,0.621,2.389,seasonal_inversion
12,12,3,0,137.29,232.26,4.91,18.77,14.5,1.534,2.44,32.1,36.6,0.591,3.827,agricultural_burning
9,12,5,1,14.58,28.72,9.24,22.65,12.15,0.459,4.95,25.7,60.7,0.508,2.452,unknown
7,12,2,0,33.92,52.05,5.83,41.19,26.36,3.194,1.96,36.6,32.9,0.652,7.065,vehicular
6,11,6,1,86.36,104.7,14.55,17.95,7.36,0.961,0.83,21.5,69.9,0.825,1.233,seasonal_inversion
18,6,1,0,91.59,140.49,2.29,50.23,24.93,3.236,0.69,22.4,45.5,0.652,21.929,vehicular
0,3,3,0,151.11,227.08,70.02,51.69,40.08,0.538,1.92,30.9,76.3,0.665,0.738,industrial
7,10,3,0,73.55,139.06,7.31,51.48,46.23,1.811,0.87,24.8,74.3,0.529,7.045,vehicular
10,11,1,0,70.64,124.41,6.38,76.73,50.99,2.659,1.59,29.9,73.4,0.568,12.025,vehicular
1,5,2,0,172.95,195.16,87.66,39.85,24.93,1.021,3.33,35.2,57.6,0.886,0.455,industrial
20,12,2,0,74.11,106.44,7.1,111.75,80.68,3.009,2.96,22.6,43.9,0.696,15.73,vehicular
8,12,6,1,88.17,128.77,15.1,29.66,22.13,0.897,0.57,15.6,77.3,0.685,1.964,seasonal_inversion
4,2,2,0,98.27,129.56,93.67,48.14,28.43,0.223,1.39,34.3,65.8,0.758,0.514,industrial
11,4,6,1,158.15,289.79,13.99,38.32,21.94,2.076,3.3,32.5,39.9,0.546,2.74,agricultural_burning
5,10,0,0,140.98,248.59,67.53,39.35,23.08,0.575,0.55,25.0,71.5,0.567,0.583,industrial
5,2,3,0,64.99,104.42,12.7,5.42,1.46,0.587,5.97,27.9,59.8,0.622,0.427,unknown
11,1,0,0,23.2,34.2,5.03,21.28,15.99,0.622,7.79,31.7,65.9,0.678,4.23,unknown
7,6,1,0,11.99,11.39,6.76,24.84,10.19,0.489,7.74,20.3,76.9,1.053,3.674,unknown
14,10,6,1,173.09,304.1,16.85,4.86,3.3,1.158,4.47,25.5,16.5,0.569,0.288,agricultural_burning
1,11,3,0,182.15,240.74,103.43,13.87,10.68,0.918,0.96,22.7,67.5,0.757,0.134,industrial
21,2,6,1,22.08,38.95,-1.39,30.63,17.59,0.428,8.0,21.3,68.3,0.567,5.0,unknown
7,12,0,0,73.58,102.66,8.59,56.31,45.09,1.049,0.03,10.5,71.9,0.717,6.553,seasonal_inversion
9,1,1,0,82.1,110.9,15.37,26.09,20.7,1.045,0.01,16.8,89.7,0.74,1.697,seasonal_inversion
5,8,0,0,213.03,235.03,104.77,41.11,25.27,0.515,3.96,27.7,65.7,0.906,0.392,industrial
2,11,4,0,187.28,291.38,48.47,47.31,36.71,0.961,2.56,27.7,38.0,0.643,0.976,industrial
13,4,3,0,143.73,245.54,7.58,5.15,4.7,1.847,4.71,32.5,39.7,0.585,0.679,agricultural_burning
0,3,3,0,48.27,84.12,10.86,24.52,18.23,0.395,4.82,32.8,60.0,0.574,2.258,unknown
17,2,2,0,53.01,92.88,10.03,114.63,68.49,2.565,1.66,35.7,69.4,0.571,11.425,vehicular
10,11,1,0,65.46,127.96,13.45,116.87,77.79,3.054,2.95,24.4,77.0,0.512,8.689,vehicular
21,1,1,0,37.35,30.11,10.02,34.21,18.24,0.508,2.04,21.3,79.5,1.24,3.414,unknown
15,10,4,0,110.73,246.12,2.57,6.37,7.03,1.669,4.79,23.8,48.3,0.45,2.478,agricultural_burning
20,12,2,0,58.87,93.84,-0.2,70.09,31.29,3.552,2.8,34.1,57.5,0.627,5.0,vehicular
16,4,2,0,145.81,264.88,6.84,16.85,6.12,1.699,2.17,34.9,27.8,0.55,2.462,agricultural_burning
19,12,0,0,64.27,140.16,4.75,34.86,14.76,0.92,0.75,34.3,81.9,0.459,7.333,vehicular
10,11,1,0,136.16,209.64,8.3,24.03,16.09,1.134,0.98,15.8,89.1,0.649,2.896,seasonal_inversion
2,5,6,1,185.21,224.69,73.16,31.13,20.23,0.903,3.31,25.7,57.0,0.824,0.425,industrial
9,2,3,0,107.68,137.9,15.73,8.66,2.66,0.96,0.99,15.5,58.0,0.781,0.55,seasonal_inversion
9,3,3,0,111.94,292.64,6.57,20.81,8.66,0.692,1.4,27.5,36.9,0.383,3.165,agricultural_burning
4,7,3,0,179.97,231.79,96.01,37.54,28.93,1.336,0.55,30.9,86.7,0.776,0.391,industrial
23,10,1,0,33.8,49.74,13.32,26.02,13.66,0.411,1.55,32.4,83.2,0.679,1.953,unknown
17,3,3,0,129.73,222.05,6.43,23.99,14.18,1.193,1.86,22.0,68.8,0.584,3.729,agricultural_burning
10,2,4,0,61.6,93.56,9.67,52.99,38.84,3.879,2.0,32.2,52.8,0.658,5.48,vehicular
18,12,2,0,145.14,308.75,9.14,7.99,2.91,1.647,1.98,33.9,43.8,0.47,0.874,agricultural_burning
16,3,3,0,26.63,52.4,17.79,25.25,12.28,0.468,5.21,40.8,77.8,0.508,1.419,unknown
20,10,1,0,35.44,50.34,8.48,75.1,50.14,1.563,1.77,37.1,73.9,0.704,8.855,vehicular
6,6,0,0,191.49,234.59,46.88,29.51,14.61,1.182,2.14,36.3,68.3,0.816,0.629,industrial
16,3,1,0,111.41,206.74,11.48,16.62,15.49,1.536,2.67,35.8,47.5,0.539,1.448,agricultural_burning
0,8,5,1,155.1,159.6,64.93,39.62,19.68,0.997,2.45,22.9,83.0,0.972,0.61,industrial
17,4,2,0,154.38,245.16,14.12,19.41,10.93,2.177,2.46,38.6,51.9,0.63,1.375,agricultural_burning
18,5,0,0,88.21,173.66,9.83,103.23,57.88,2.87,2.92,30.1,46.7,0.508,10.506,vehicular
13,4,4,0,45.4,66.27,7.82,8.88,6.23,0.153,1.83,34.0,98.0,0.685,1.135,unknown
3,12,0,0,167.5,233.77,120.07,33.9,18.49,0.656,3.22,24.7,53.8,0.717,0.282,industrial
10,4,1,0,184.29,370.87,1.97,13.66,8.9,2.304,4.81,25.7,64.6,0.497,6.94,agricultural_burning
17,7,6,1,44.72,61.58,9.25,20.35,12.67,0.185,3.73,23.5,46.0,0.726,2.2,unknown
2,1,1,0,174.38,246.19,92.42,44.36,35.47,0.943,2.46,27.0,75.8,0.708,0.48,industrial
10,2,5,1,70.19,95.23,21.04,41.54,23.65,1.133,1.29,19.4,79.7,0.737,1.974,seasonal_inversion
2,2,4,0,168.07,183.98,58.95,6.91,3.25,0.81,3.74,27.4,66.0,0.914,0.117,industrial
14,10,3,0,55.87,73.38,10.06,5.49,3.62,0.148,5.08,39.2,44.3,0.761,0.546,unknown
4,1,5,1,190.38,223.56,87.98,35.48,16.0,0.91,1.31,34.5,53.2,0.852,0.403,industrial
13,10,5,1,111.98,227.26,7.29,27.54,18.2,1.09,4.54,28.2,48.4,0.493,3.776,agricultural_burning
7,12,6,1,94.6,137.97,11.62,21.93,14.8,0.605,0.98,17.0,71.9,0.686,1.888,seasonal_inversion
6,12,2,0,85.33,95.33,13.66,29.38,19.27,1.342,1.07,12.4,69.2,0.895,2.151,seasonal_inversion
19,6,1,0,30.41,20.07,2.93,-5.1,-2.57,0.376,5.68,28.3,62.6,1.515,-1.739,unknown
10,12,1,0,72.74,153.76,8.47,64.48,37.94,2.83,2.41,32.4,26.6,0.473,7.617,vehicular
1,4,1,0,36.61,50.64,10.19,23.81,11.26,0.106,1.21,33.2,71.1,0.723,2.337,unknown
6,1,3,0,73.01,88.21,18.76,11.44,11.78,1.026,0.81,26.2,76.5,0.828,0.61,seasonal_inversion
8,2,4,0,105.84,163.67,12.27,39.58,27.76,1.396,1.13,19.8,61.7,0.647,3.225,seasonal_inversion
8,11,6,1,52.28,82.57,9.32,33.51,18.92,0.47,0.03,29.7,60.7,0.633,3.597,seasonal_inversion
14,10,1,0,206.71,276.04,7.56,19.09,7.96,1.812,1.66,32.1,57.0,0.749,2.527,agricultural_burning
8,11,3,0,84.66,126.7,15.37,25.52,10.22,0.792,0.41,15.4,59.9,0.668,1.66,seasonal_inversion
10,2,4,0,78.91,99.6,15.13,41.77,21.19,0.915,0.97,15.6,86.1,0.792,2.76,seasonal_inversion
13,6,5,1,15.35,22.94,21.96,25.02,13.53,0.484,4.33,29.3,79.8,0.669,1.14,unknown
2,2,6,1,196.68,221.51,75.46,11.6,10.07,0.787,1.23,28.1,56.1,0.888,0.154,industrial
12,9,1,0,44.75,51.28,2.56,34.35,20.78,0.603,6.37,41.7,66.1,0.873,13.442,unknown
18,5,4,0,68.51,92.77,4.21,112.59,83.19,4.037,1.75,36.3,90.0,0.738,26.738,vehicular
20,10,3,0,61.01,115.45,10.01,0.65,-4.27,0.587,2.9,26.6,58.6,0.528,0.065,unknown
8,2,0,0,88.76,150.36,17.27,20.03,17.73,1.15,0.4,30.8,93.2,0.59,1.159,seasonal_inversion
11,3,2,0,172.02,272.39,18.04,40.16,27.16,1.527,4.51,26.9,66.1,0.631,2.227,agricultural_burning
7,4,4,0,73.4,110.79,7.2,116.73,56.12,1.265,2.4,31.6,57.8,0.663,16.222,vehicular
6,7,6,1,143.18,173.82,64.0,18.99,9.32,1.059,2.15,18.8,47.1,0.824,0.297,industrial
6,8,3,0,132.04,190.18,53.64,27.8,19.41,0.99,3.62,31.1,40.7,0.694,0.518,industrial
18,8,1,0,33.78,65.81,4.84,40.87,20.0,2.638,1.05,26.7,44.7,0.513,8.439,vehicular
5,12,2,0,57.98,92.37,13.32,19.08,7.38,1.109,1.29,18.1,75.5,0.628,1.432,seasonal_inversion
19,1,2,0,75.29,129.96,13.21,104.41,71.23,2.97,1.29,33.5,44.8,0.579,7.903,vehicular
18,8,0,0,74.65,142.17,2.92,94.33,72.17,3.272,2.0,23.1,66.6,0.525,32.333,vehicular
23,1,6,1,154.62,186.51,81.09,28.72,25.39,0.663,3.61,27.0,72.1,0.829,0.354,industrial
9,11,2,0,113.35,232.0,8.03,10.99,5.58,1.859,1.67,30.5,43.0,0.489,1.369,agricultural_burning
10,11,4,0,118.41,175.17,7.66,34.05,21.82,1.185,0.28,14.2,75.2,0.676,4.448,seasonal_inversion
18,8,4,0,47.79,83.71,4.84,14.97,9.93,0.358,4.22,44.0,38.0,0.571,3.094,unknown
6,1,1,0,132.58,204.04,11.76,50.4,32.35,0.169,0.52,24.8,70.2,0.65,4.286,seasonal_inversion
14,11,0,0,217.94,304.02,8.41,30.55,8.41,1.821,4.13,40.6,41.8,0.717,3.633,agricultural_burning
6,10,6,1,188.68,235.35,64.72,9.32,11.46,0.929,1.43,28.0,81.2,0.802,0.144,industrial
19,10,0,0,113.29,207.69,5.03,85.63,53.76,2.297,2.55,30.7,57.9,0.545,17.021,vehicular
1,7,1,0,141.36,175.99,25.69,10.76,7.76,1.132,3.59,27.7,100.0,0.803,0.419,industrial
4,5,6,1,177.47,267.39,61.52,23.79,15.62,0.738,3.3,26.4,70.0,0.664,0.387,industrial
6,1,2,0,99.7,134.6,12.31,36.05,21.36,0.795,1.23,34.9,66.8,0.741,2.929,seasonal_inversion
13,11,6,1,191.43,409.99,8.62,13.45,9.2,2.855,1.83,34.2,36.3,0.467,1.56,agricultural_burning
17,12,1,0,148.86,272.31,13.46,12.95,3.72,3.407,4.78,26.5,47.3,0.547,0.962,agricultural_burning
7,10,3,0,77.55,136.18,1.36,108.99,85.05,2.707,0.95,29.5,30.4,0.569,80.045,vehicular
9,2,4,0,130.36,156.04,16.56,10.59,5.77,1.275,0.25,26.3,65.4,0.835,0.64,seasonal_inversion
5,10,2,0,121.03,79.08,125.34,44.64,29.78,0.611,2.93,23.0,91.0,1.531,0.356,industrial
17,7,5,1,28.86,57.59,10.21,14.57,12.15,0.501,3.85,25.5,57.7,0.501,1.427,unknown
7,1,0,0,61.44,85.08,18.2,31.08,19.49,0.86,1.17,13.9,64.7,0.722,1.708,seasonal_inversion
19,11,3,0,100.5,152.39,2.36,111.99,65.39,1.331,1.52,33.8,71.7,0.66,47.54,vehicular
8,12,0,0,90.21,127.54,12.51,11.09,10.51,1.373,1.36,8.8,75.9,0.707,0.886,seasonal_inversion
17,3,3,0,150.29,217.91,11.98,6.88,5.36,1.519,2.77,30.6,79.6,0.69,0.574,agricultural_burning
10,2,1,0,62.99,90.67,4.37,16.52,14.09,0.328,1.44,31.1,62.5,0.695,3.779,unknown
18,8,3,0,54.17,59.28,1.6,101.22,63.02,2.64,1.93,27.3,58.6,0.914,63.147,vehicular
16,12,3,0,240.32,401.03,8.77,15.95,7.34,1.593,4.95,29.0,54.9,0.599,1.818,agricultural_burning
19,8,4,0,62.74,114.95,10.82,54.05,33.01,2.554,2.6,29.7,47.6,0.546,4.996,vehicular
10,2,3,0,138.94,224.16,8.36,41.42,20.17,1.419,0.57,26.4,98.0,0.62,4.957,seasonal_inversion
13,6,0,0,45.79,65.56,9.22,25.84,19.42,0.753,4.38,37.4,98.0,0.699,2.802,unknown
12,11,1,0,98.89,208.86,7.73,15.91,10.66,1.512,4.5,29.0,15.6,0.473,2.059,agricultural_burning
4,11,5,1,181.04,238.28,68.83,35.88,17.95,1.07,2.21,22.6,43.1,0.76,0.521,industrial
10,3,3,0,68.19,156.62,9.1,108.38,55.95,1.173,1.77,29.6,57.9,0.435,11.913,vehicular
11,7,6,1,51.08,95.45,11.36,16.38,8.57,0.758,2.78,24.0,68.8,0.535,1.442,unknown
18,9,2,0,105.55,162.35,7.94,130.37,71.6,2.686,1.8,27.6,76.4,0.65,16.415,vehicular
17,11,4,0,104.41,275.95,5.27,12.44,7.29,1.49,1.0,40.4,51.8,0.378,2.359,agricultural_burning
0,6,5,1,89.22,123.18,61.64,19.12,9.25,1.374,2.57,24.5,49.2,0.724,0.31,industrial
19,3,4,0,56.62,74.26,6.63,121.04,86.05,3.06,2.9,23.0,71.8,0.763,18.251,vehicular
13,3,5,1,33.93,18.15,7.26,16.52,11.6,0.458,7.81,28.7,75.6,1.869,2.276,unknown
6,10,4,0,24.84,15.37,6.16,17.39,8.44,0.565,7.73,31.4,47.0,1.616,2.824,unknown
6,12,4,0,57.18,81.02,20.38,7.76,1.94,0.55,2.32,19.9,49.4,0.706,0.381,unknown
1,1,2,0,170.82,301.35,111.05,57.9,32.8,0.581,3.69,26.9,65.6,0.567,0.521,industrial
19,8,2,0,59.63,71.3,3.76,78.07,33.56,2.43,2.58,36.8,78.1,0.836,20.75,vehicular
8,1,3,0,105.98,141.64,3.63,17.33,17.39,1.199,0.45,15.4,54.8,0.748,4.77,seasonal_inversion
22,7,4,0,166.71,183.15,88.09,36.77,21.29,1.485,3.42,29.7,45.1,0.91,0.417,industrial
8,12,4,0,140.15,244.33,12.53,29.24,24.11,0.53,1.14,15.4,68.4,0.574,2.334,seasonal_inversion
9,3,2,0,56.38,79.73,6.81,86.6,49.91,2.149,1.87,27.8,71.6,0.707,12.713,vehicular
6,2,6,1,119.29,200.76,8.85,35.36,30.62,0.426,0.86,12.5,71.3,0.594,3.997,seasonal_inversion
4,4,6,1,221.44,261.17,76.72,71.86,46.5,0.417,2.61,28.2,37.9,0.848,0.937,industrial
3,10,0,0,42.19,72.67,8.42,4.42,3.25,0.298,6.4,38.6,23.7,0.581,0.524,unknown
16,3,6,1,43.35,55.55,6.47,14.44,11.22,0.962,7.46,26.2,72.0,0.78,2.232,unknown
1,10,1,0,40.93,52.85,3.89,27.31,21.76,0.306,1.68,44.1,45.0,0.775,7.022,unknown
8,12,1,0,90.97,158.29,21.42,30.49,22.4,1.111,1.06,19.1,40.0,0.575,1.424,seasonal_inversion
9,4,1,0,139.37,254.6,2.74,7.53,3.32,1.788,3.33,25.4,19.9,0.547,2.749,agricultural_burning
9,12,1,0,75.35,144.9,3.16,15.8,8.33,1.824,1.74,28.4,21.1,0.52,5.001,agricultural_burning
16,11,1,0,161.8,283.87,13.84,12.72,4.31,0.908,2.16,36.9,40.4,0.57,0.919,agricultural_burning
19,9,0,0,90.19,162.01,10.79,78.81,49.24,2.846,1.11,28.9,90.0,0.557,7.305,vehicular
9,9,2,0,68.78,99.16,3.75,123.5,89.17,2.882,2.54,38.9,46.1,0.694,32.906,vehicular
10,1,1,0,91.18,115.78,12.62,62.0,47.37,1.062,1.21,16.5,57.0,0.788,4.911,seasonal_inversion
10,4,2,0,16.95,19.18,8.22,3.69,-0.29,0.133,5.34,10.8,72.7,0.884,0.449,unknown
16,12,6,1,205.06,316.34,2.94,22.59,13.4,1.035,3.61,23.0,68.3,0.648,7.688,agricultural_burning
7,2,5,1,57.13,59.5,5.84,21.13,15.53,0.576,0.41,18.8,72.7,0.96,3.617,seasonal_inversion
8,11,3,0,62.4,122.47,10.17,51.85,30.12,0.861,1.45,30.6,83.9,0.51,5.097,seasonal_inversion
9,12,4,0,93.32,90.25,12.71,30.55,18.05,0.925,0.7,16.2,79.5,1.034,2.403,seasonal_inversion
5,12,4,0,114.28,154.11,8.95,33.64,20.08,0.68,0.02,20.6,85.4,0.742,3.759,seasonal_inversion
1,12,5,1,101.28,124.22,74.72,27.2,12.35,0.755,0.56,32.8,76.6,0.815,0.364,industrial
7,11,0,0,82.6,98.52,15.26,42.52,21.77,1.056,1.32,25.6,58.9,0.838,2.787,seasonal_inversion
7,2,3,0,76.3,103.45,19.39,52.02,39.09,1.253,0.01,26.1,71.2,0.738,2.683,seasonal_inversion
22,8,3,0,181.0,230.35,87.6,57.46,38.19,0.416,0.67,24.6,68.7,0.786,0.656,industrial
9,11,4,0,78.37,116.95,13.53,27.02,18.35,0.895,1.07,11.2,50.9,0.67,1.996,seasonal_inversion
11,3,2,0,107.23,278.25,9.81,34.09,21.84,1.085,3.73,29.9,36.4,0.385,3.475,agricultural_burning
2,4,3,0,144.06,161.63,67.22,43.0,21.13,1.041,1.36,35.6,71.8,0.891,0.64,industrial
9,5,3,0,90.72,173.14,6.75,76.38,51.36,2.015,1.13,32.8,70.7,0.524,11.315,vehicular
13,5,3,0,61.74,74.73,5.45,12.97,4.13,0.111,2.23,29.1,70.5,0.826,2.382,unknown
9,1,6,1,132.64,179.23,17.46,17.88,12.37,1.143,0.4,15.1,88.7,0.74,1.024,seasonal_inversion
2,5,6,1,122.93,163.76,64.45,63.64,31.81,0.482,0.99,12.6,58.6,0.751,0.987,industrial
10,3,2,0,109.09,187.69,6.09,111.23,76.35,2.932,1.54,32.0,72.2,0.581,18.254,vehicular
18,2,6,1,33.1,34.57,1.07,8.57,8.26,0.343,7.68,31.7,35.3,0.957,8.04,unknown
11,2,2,0,33.34,40.59,7.55,22.46,16.73,0.289,2.82,29.8,98.0,0.821,2.974,unknown
19,1,1,0,65.81,104.49,8.66,29.52,25.83,0.745,5.2,34.0,60.9,0.63,3.409,unknown
10,12,4,0,138.23,194.19,3.85,16.37,9.39,1.162,0.26,9.0,72.2,0.712,4.258,seasonal_inversion
1,12,0,0,157.35,197.51,90.54,30.78,21.56,0.917,3.77,29.8,35.3,0.797,0.34,industrial
10,12,5,1,111.43,178.04,18.63,43.8,30.56,1.193,0.29,21.3,59.2,0.626,2.351,seasonal_inversion
10,1,4,0,87.73,138.43,3.54,92.87,59.35,1.462,2.76,26.2,51.5,0.634,26.245,vehicular
5,11,2,0,81.52,104.61,5.02,41.73,29.0,1.344,0.73,26.9,61.8,0.779,8.311,seasonal_inversion
7,2,2,0,84.37,67.28,11.23,22.98,14.22,0.77,0.58,18.4,66.6,1.254,2.047,seasonal_inversion
8,11,4,0,44.89,88.26,6.7,67.94,50.65,1.756,2.64,18.7,81.9,0.509,10.135,vehicular
8,12,4,0,136.97,187.46,6.38,36.19,24.54,0.36,0.11,14.0,79.1,0.731,5.676,seasonal_inversion
7,6,2,0,49.21,100.06,3.57,90.46,66.71,2.182,0.79,34.0,49.6,0.492,25.363,vehicular
8,10,2,0,94.26,169.27,5.29,108.59,80.0,1.119,2.03,31.6,60.1,0.557,20.535,vehicular
14,8,4,0,37.15,63.35,7.8,5.8,2.42,0.785,2.44,34.9,67.5,0.586,0.743,unknown
8,12,5,1,104.36,117.47,5.4,41.87,34.73,0.991,0.39,18.1,81.0,0.888,7.76,seasonal_inversion
9,2,0,0,124.91,178.15,19.48,38.95,22.03,0.691,0.18,12.6,86.2,0.701,1.999,seasonal_inversion
10,5,2,0,83.8,173.87,3.39,114.98,72.5,3.385,0.58,19.5,66.5,0.482,33.875,vehicular
9,2,0,0,107.93,143.07,12.52,6.92,5.97,1.404,1.48,16.6,66.0,0.754,0.553,seasonal_inversion
5,11,1,0,94.94,129.52,6.53,28.05,14.82,0.927,0.77,16.0,81.0,0.733,4.298,seasonal_inversion
20,5,2,0,105.97,144.02,8.17,122.81,89.88,3.821,2.66,29.9,65.5,0.736,15.032,vehicular
23,2,6,1,204.88,248.29,83.25,34.6,29.65,1.114,2.1,30.3,52.0,0.825,0.416,industrial
9,3,4,0,95.36,142.89,6.49,100.35,57.53,2.343,1.97,34.1,60.8,0.667,15.465,vehicular
2,5,1,0,189.93,237.61,78.29,29.61,22.74,0.849,1.35,29.7,48.5,0.799,0.378,industrial
16,3,5,1,287.58,416.47,6.45,19.43,14.01,2.322,2.92,33.7,56.2,0.691,3.01,agricultural_burning
11,3,5,1,47.05,63.19,6.81,36.55,22.56,0.72,3.64,24.5,60.7,0.745,5.369,unknown
7,6,0,0,78.19,104.98,4.26,137.84,95.74,2.637,2.87,27.8,78.3,0.745,32.322,vehicular
15,12,4,0,213.92,388.85,4.32,4.36,-0.54,1.437,4.87,34.7,47.0,0.55,1.008,agricultural_burning
5,11,4,0,85.56,140.62,12.41,24.13,23.76,0.688,0.99,22.6,58.1,0.608,1.944,seasonal_inversion
6,1,1,0,99.79,154.48,7.34,21.37,16.23,1.002,0.74,16.9,78.4,0.646,2.913,seasonal_inversion
20,11,1,0,69.69,121.47,9.02,51.33,29.48,3.044,2.56,34.0,49.4,0.574,5.688,vehicular
20,5,0,0,31.57,32.13,0.79,63.1,45.43,2.263,2.15,24.8,52.7,0.982,79.722,vehicular
22,5,1,0,30.8,39.15,1.48,40.38,18.41,0.558,2.39,29.4,64.3,0.787,27.336,unknown
8,6,4,0,66.93,89.51,6.94,48.15,24.07,1.988,0.52,33.5,38.1,0.748,6.942,vehicular
7,12,3,0,97.66,151.02,20.45,27.76,24.15,1.352,1.32,9.1,56.3,0.647,1.357,seasonal_inversion
15,12,1,0,36.86,50.61,8.83,27.37,11.41,0.583,6.78,43.0,50.0,0.728,3.101,unknown
23,4,3,0,175.94,221.75,72.39,7.06,5.43,0.94,3.32,31.1,83.4,0.793,0.097,industrial
17,3,2,0,128.41,259.62,6.19,83.18,57.44,2.137,0.96,27.4,43.0,0.495,13.433,vehicular
9,6,5,1,69.68,88.93,7.77,10.26,4.85,0.548,7.11,25.2,96.8,0.783,1.32,unknown
5,1,6,1,89.16,131.14,6.93,31.54,23.76,1.248,1.31,21.7,82.4,0.68,4.554,seasonal_inversion
7,1,3,0,79.83,101.95,1.97,30.92,14.61,0.488,0.02,12.1,68.8,0.783,15.73,seasonal_inversion
6,12,1,0,110.65,121.82,9.27,32.5,16.99,1.095,0.82,23.0,63.7,0.908,3.506,seasonal_inversion
13,4,3,0,176.08,248.69,13.46,2.31,-0.94,2.407,4.41,33.2,45.0,0.708,0.172,agricultural_burning
6,12,2,0,127.71,153.59,95.54,23.68,12.85,1.072,3.41,24.9,59.6,0.831,0.248,industrial
2,11,2,0,125.07,215.33,68.21,39.08,28.12,0.769,2.81,35.7,41.4,0.581,0.573,industrial
0,7,2,0,39.23,67.08,2.75,18.01,15.48,0.379,4.01,24.9,41.8,0.585,6.552,unknown
10,6,2,0,90.77,133.0,9.52,61.05,33.37,2.987,1.72,32.4,72.5,0.682,6.414,vehicular
7,2,1,0,57.93,112.94,3.48,73.08,55.49,2.52,1.33,33.3,50.2,0.513,21.016,vehicular
10,12,0,0,106.06,270.01,6.72,26.44,16.53,1.445,2.6,37.5,64.0,0.393,3.933,agricultural_burning
3,3,0,0,12.92,26.37,5.56,32.19,16.87,0.329,3.67,30.2,48.4,0.49,5.787,unknown
10,12,4,0,170.24,239.35,15.77,26.64,13.51,2.81,4.91,31.5,32.8,0.711,1.689,agricultural_burning
18,12,0,0,125.85,290.97,5.73,11.31,6.23,1.737,1.69,23.7,45.4,0.433,1.974,agricultural_burning
7,12,2,0,75.98,86.52,0.95,88.97,49.95,3.862,1.45,21.8,82.1,0.878,93.324,vehicular
9,9,0,0,69.95,124.95,-0.76,54.96,29.49,1.633,2.32,23.0,51.7,0.56,5.0,vehicular
8,1,6,1,63.43,64.02,-2.83,37.67,32.0,0.44,0.18,23.6,71.0,0.991,5.0,seasonal_inversion
17,6,2,0,72.7,128.63,6.31,97.68,74.98,3.377,2.21,32.5,90.0,0.565,15.482,vehicular
5,1,2,0,75.96,112.78,10.36,23.57,18.64,1.168,0.93,18.1,69.5,0.673,2.274,seasonal_inversion
6,12,5,1,125.33,195.28,18.76,14.97,4.77,0.825,0.89,14.9,74.0,0.642,0.798,seasonal_inversion
16,1,2,0,76.51,83.03,8.0,14.34,7.94,0.549,3.96,22.9,71.4,0.921,1.793,unknown
17,1,1,0,59.88,80.79,7.84,74.87,52.77,3.282,2.63,29.0,57.6,0.741,9.555,vehicular
16,3,3,0,218.55,314.99,3.23,14.84,5.79,1.644,4.69,34.1,50.4,0.694,4.597,agricultural_burning
10,4,1,0,154.78,262.68,12.36,16.95,3.7,2.455,1.24,41.3,16.0,0.589,1.371,agricultural_burning
9,1,4,0,54.44,44.99,10.78,44.31,26.85,0.641,1.19,10.5,65.3,1.21,4.111,seasonal_inversion
15,3,4,0,148.85,271.4,7.6,4.03,2.49,2.602,3.39,32.4,54.6,0.548,0.53,agricultural_burning
22,12,4,0,175.72,203.08,83.33,49.13,39.94,0.789,1.17,29.6,61.6,0.865,0.59,industrial
9,4,2,0,113.21,174.07,0.04,4.52,3.22,2.988,3.89,23.9,72.2,0.65,104.949,agricultural_burning
14,3,5,1,41.62,84.75,9.58,22.26,14.58,0.35,2.85,22.4,56.4,0.491,2.323,unknown
7,12,2,0,64.87,47.0,4.72,59.35,34.5,0.381,1.1,17.5,69.4,1.38,12.578,seasonal_inversion
17,4,3,0,157.61,318.84,8.23,20.47,13.72,1.85,1.39,32.1,45.3,0.494,2.488,agricultural_burning
0,11,1,0,185.67,206.41,78.81,26.3,24.98,0.782,3.34,15.9,37.4,0.9,0.334,industrial
0,9,3,0,122.77,132.05,93.11,45.09,26.57,0.545,3.56,32.9,64.0,0.93,0.484,industrial
10,11,1,0,104.84,128.72,26.94,32.18,22.06,1.279,0.07,18.9,68.8,0.814,1.194,seasonal_inversion
9,12,0,0,62.67,81.53,5.01,37.13,29.49,1.183,0.05,26.1,79.5,0.769,7.417,seasonal_inversion
12,11,2,0,170.92,292.88,13.37,27.05,13.9,2.761,2.74,25.6,39.4,0.584,2.023,agricultural_burning
17,3,3,0,111.18,154.63,10.56,5.65,3.58,2.405,1.39,36.7,15.0,0.719,0.535,agricultural_burning
5,5,3,0,175.42,234.34,64.02,51.96,37.42,0.795,3.24,32.3,75.1,0.749,0.812,industrial
6,2,3,0,110.3,142.04,11.32,28.43,23.21,1.486,0.27,14.7,74.2,0.777,2.511,seasonal_inversion
18,9,4,0,25.77,46.72,-1.25,21.28,14.3,0.398,4.41,38.6,49.1,0.552,5.0,unknown
10,3,3,0,140.99,325.45,15.59,20.63,14.36,1.452,2.05,36.6,36.9,0.433,1.323,agricultural_burning
7,4,1,0,42.58,66.93,0.44,54.27,36.21,2.717,2.24,30.8,35.5,0.636,123.128,vehicular
15,3,1,0,156.47,262.51,15.13,13.14,9.26,2.357,4.13,31.5,26.6,0.596,0.869,agricultural_burning
9,11,6,1,110.09,117.57,10.0,32.37,19.87,0.572,1.06,14.2,79.5,0.936,3.237,seasonal_inversion
9,11,3,0,45.12,60.7,8.56,30.93,21.42,0.4,1.79,24.0,90.7,0.743,3.615,unknown
17,11,1,0,102.54,226.41,3.57,15.74,11.15,1.718,1.9,30.2,62.8,0.453,4.404,agricultural_burning
14,3,5,1,152.69,296.39,16.61,29.16,6.97,2.295,3.06,35.6,40.6,0.515,1.755,agricultural_burning
18,7,4,0,111.0,157.08,7.35,149.14,108.65,1.689,2.52,28.3,43.9,0.707,20.284,vehicular
8,1,1,0,91.18,173.51,1.12,129.17,92.24,2.348,1.13,37.2,45.9,0.526,115.457,vehicular
9,9,0,0,59.01,127.15,6.52,88.41,63.42,4.015,0.78,41.0,65.0,0.464,13.552,vehicular
17,12,6,1,147.11,200.67,11.95,16.66,9.92,1.059,4.5,25.6,66.8,0.733,1.394,agricultural_burning
23,11,3,0,144.62,194.15,68.81,32.35,24.14,0.455,1.93,23.7,58.1,0.745,0.47,industrial
4,8,1,0,177.99,226.78,80.52,47.26,36.53,0.579,3.07,16.7,94.9,0.785,0.587,industrial
13,3,4,0,104.15,257.43,2.44,21.62,12.13,1.687,3.93,24.8,31.9,0.405,8.871,agricultural_burning
5,1,0,0,109.61,145.13,13.56,25.46,16.73,0.742,0.36,18.4,69.4,0.755,1.877,seasonal_inversion
10,9,3,0,34.01,48.64,6.21,7.58,3.48,0.607,1.9,25.6,46.9,0.699,1.22,unknown
0,9,6,1,37.57,46.5,11.55,19.31,5.76,0.416,4.52,30.6,73.8,0.808,1.672,unknown
7,12,1,0,61.18,71.42,5.33,54.05,24.47,1.537,2.94,29.3,41.4,0.857,10.147,vehicular
23,5,3,0,166.36,243.15,62.83,49.88,37.35,0.202,2.92,32.9,66.1,0.684,0.794,industrial
8,1,2,0,85.16,98.72,2.09,119.06,90.29,1.957,1.93,29.9,58.0,0.863,56.893,vehicular
7,2,1,0,166.66,235.09,5.25,14.58,9.6,1.007,0.61,16.0,81.2,0.709,2.777,seasonal_inversion
17,10,1,0,180.32,328.39,12.8,35.58,17.36,1.72,1.31,28.8,34.3,0.549,2.779,agricultural_burning
5,10,6,1,57.39,106.16,48.48,15.37,9.85,0.789,1.27,32.4,52.0,0.541,0.317,industrial
7,11,0,0,71.84,117.54,8.72,24.38,12.41,0.918,0.17,17.4,87.4,0.611,2.796,seasonal_inversion
20,2,4,0,81.43,147.95,11.33,69.1,29.8,1.867,2.13,37.9,54.5,0.55,6.101,vehicular
18,4,3,0,76.7,161.78,10.76,36.94,14.8,2.607,4.86,30.0,63.7,0.474,3.434,agricultural_burning
10,1,0,0,60.6,84.33,11.98,25.65,23.31,0.436,1.35,18.8,60.6,0.719,2.14,seasonal_inversion
0,5,6,1,43.68,62.19,9.52,29.18,14.0,0.794,4.7,32.6,69.5,0.702,3.066,unknown
2,5,1,0,26.6,37.1,11.79,29.81,19.23,0.486,7.31,27.1,95.5,0.717,2.528,unknown
6,7,5,1,122.02,199.04,54.5,57.31,45.51,0.993,3.31,27.2,83.3,0.613,1.052,industrial
9,9,3,0,108.12,193.17,5.33,72.39,42.42,3.15,0.56,32.3,65.1,0.56,13.569,vehicular
18,6,4,0,15.91,29.7,3.64,19.46,14.31,0.627,1.0,24.8,66.1,0.536,5.351,unknown
10,7,4,0,26.08,37.59,1.54,26.67,16.71,0.597,2.0,30.6,38.1,0.694,17.358,unknown
9,12,1,0,77.05,136.16,5.22,86.83,53.23,2.089,1.31,26.6,66.2,0.566,16.645,vehicular
2,2,6,1,113.3,143.99,67.68,49.11,24.82,0.834,2.35,35.7,69.1,0.787,0.726,industrial
10,1,3,0,45.46,73.09,7.36,114.27,65.81,1.906,0.59,28.5,50.5,0.622,15.523,vehicular
8,2,2,0,106.87,143.76,9.58,34.76,27.61,0.82,0.64,21.3,73.9,0.743,3.627,seasonal_inversion
4,8,1,0,23.54,50.91,8.41,27.29,13.77,0.358,1.8,30.4,75.4,0.462,3.246,unknown
23,3,0,0,38.49,40.6,5.91,0.92,-0.5,0.635,4.62,27.3,48.1,0.948,0.155,unknown
10,1,2,0,64.07,99.4,14.17,37.13,19.29,0.793,1.23,18.0,73.0,0.645,2.621,seasonal_inversion
23,9,4,0,178.5,250.86,68.72,3.22,-3.72,1.148,3.65,21.9,80.2,0.712,0.047,industrial
5,2,1,0,58.06,94.31,3.08,21.89,20.56,0.632,4.9,40.4,60.5,0.616,7.106,unknown
17,4,2,0,27.7,25.74,5.04,8.76,8.28,0.522,6.46,18.1,19.5,1.076,1.738,unknown
9,10,1,0,193.78,380.26,10.08,17.53,9.15,2.618,4.7,37.5,27.1,0.51,1.739,agricultural_burning
7,2,0,0,102.23,194.29,3.25,96.95,50.31,2.527,1.25,31.2,34.2,0.526,29.853,vehicular
0,3,0,0,165.01,159.05,26.96,41.64,24.28,0.481,0.75,26.3,66.9,1.037,1.544,industrial
9,4,3,0,88.49,117.22,8.72,54.47,26.29,1.847,2.82,17.6,30.6,0.755,6.25,vehicular
17,7,4,0,53.4,60.45,17.95,30.81,19.15,0.469,4.84,22.7,91.8,0.883,1.716,unknown
7,8,4,0,49.26,94.34,8.14,133.07,88.7,2.668,2.1,27.3,57.2,0.522,16.343,vehicular
8,2,3,0,113.33,141.03,9.25,27.49,19.14,1.32,0.85,22.4,79.8,0.804,2.973,seasonal_inversion
11,10,1,0,148.42,267.7,13.56,20.0,12.43,1.274,1.36,35.9,43.1,0.554,1.475,agricultural_burning
22,2,1,0,153.76,218.36,128.54,18.77,14.15,1.353,3.11,24.7,64.5,0.704,0.146,industrial
19,12,2,0,75.37,139.17,5.32,80.01,50.1,2.311,1.38,34.2,28.9,0.542,15.051,vehicular
8,3,4,0,58.38,95.76,7.75,100.76,61.09,3.121,0.52,26.9,59.1,0.61,13.007,vehicular
9,1,4,0,72.86,107.67,16.16,37.69,27.71,0.737,1.34,17.7,76.7,0.677,2.332,seasonal_inversion
6,1,3,0,58.16,52.01,3.27,27.49,15.8,0.829,6.45,32.7,86.5,1.118,8.412,unknown
6,8,4,0,204.57,212.58,88.15,29.5,17.58,1.08,0.88,24.7,45.2,0.962,0.335,industrial
22,3,6,1,107.32,122.78,36.17,41.5,26.96,0.602,3.63,32.9,70.1,0.874,1.147,industrial
9,2,1,0,77.46,141.65,9.16,114.63,65.7,1.742,1.05,30.2,49.6,0.547,12.513,vehicular
18,1,0,0,71.05,111.5,-1.57,91.37,50.78,2.675,2.49,19.6,44.9,0.637,5.0,vehicular
8,3,2,0,64.96,94.05,4.35,106.14,62.6,3.453,1.43,29.9,82.1,0.691,24.39,vehicular
4,3,1,0,165.05,224.54,46.31,57.5,34.59,1.539,3.58,32.7,65.7,0.735,1.242,industrial
12,10,2,0,144.71,249.03,13.59,17.91,11.22,1.552,2.67,24.7,32.0,0.581,1.317,agricultural_burning
3,5,2,0,166.28,215.42,41.3,32.71,12.6,0.516,3.54,37.6,62.9,0.772,0.792,industrial
13,12,6,1,48.94,80.36,6.91,0.38,1.01,0.093,3.17,27.5,52.0,0.609,0.055,unknown
18,10,4,0,203.53,374.78,10.07,27.87,18.73,2.2,3.86,33.2,31.9,0.543,2.768,agricultural_burning
5,2,2,0,69.83,75.34,7.45,20.76,14.78,0.633,0.39,15.9,63.5,0.927,2.786,seasonal_inversion
6,3,3,0,126.6,174.49,77.23,24.14,9.79,0.582,1.59,21.8,79.6,0.726,0.313,industrial
23,9,6,1,207.96,296.29,84.61,49.91,40.92,0.545,2.64,34.6,79.9,0.702,0.59,industrial
16,10,2,0,92.26,238.01,2.34,22.81,13.82,1.704,3.67,36.0,43.1,0.388,9.769,agricultural_burning
10,12,1,0,134.49,199.99,12.9,18.59,5.47,1.056,1.43,16.1,49.4,0.672,1.44,seasonal_inversion
6,11,0,0,179.68,234.23,50.95,10.56,9.04,1.023,3.03,31.6,28.6,0.767,0.207,industrial
0,6,6,1,186.72,257.77,107.66,24.35,12.16,0.766,2.7,21.7,77.7,0.724,0.226,industrial
10,12,2,0,139.42,179.25,7.58,28.82,20.47,0.345,0.42,21.6,78.7,0.778,3.802,seasonal_inversion
9,12,3,0,55.79,65.54,7.14,10.23,7.43,0.821,5.2,29.0,52.3,0.851,1.431,unknown
0,6,3,0,268.95,301.72,79.18,46.73,29.58,0.617,1.92,26.7,43.7,0.891,0.59,industrial
7,12,1,0,101.7,143.45,19.25,15.85,12.23,1.331,1.2,14.5,64.1,0.709,0.823,seasonal_inversion
9,10,5,1,30.71,36.7,9.87,5.4,5.21,0.474,1.58,39.9,57.5,0.837,0.547,unknown
1,2,2,0,48.7,53.07,10.37,31.76,20.6,0.442,4.97,32.9,38.3,0.918,3.062,unknown
2,2,0,0,20.26,28.12,3.63,10.68,5.66,0.367,1.07,25.0,44.6,0.721,2.943,unknown
23,3,6,1,147.82,166.65,65.05,46.61,36.36,0.693,1.12,30.7,54.1,0.887,0.717,industrial
14,12,2,0,139.24,197.91,9.0,13.28,7.47,1.855,4.4,27.4,57.0,0.704,1.476,agricultural_burning
5,4,0,0,172.64,251.39,99.55,51.82,40.92,1.133,0.62,32.3,63.7,0.687,0.521,industrial
16,10,6,1,151.39,257.47,11.06,30.76,12.0,2.028,2.78,30.8,58.3,0.588,2.781,agricultural_burning
6,4,0,0,177.64,237.61,51.44,1.94,2.64,0.681,2.08,28.8,30.7,0.748,0.038,industrial
20,4,4,0,15.85,50.45,2.86,103.48,61.17,1.527,2.98,27.7,47.1,0.314,36.171,vehicular
12,4,5,1,42.7,44.09,12.81,3.73,0.2,0.624,4.79,29.0,56.3,0.968,0.291,unknown
2,9,5,1,210.66,261.73,77.55,35.8,24.22,0.598,2.8,25.7,58.9,0.805,0.462,industrial
10,8,1,0,29.62,50.55,6.52,96.26,54.82,2.421,0.97,32.1,57.2,0.586,14.762,vehicular
8,12,2,0,79.37,119.01,17.94,39.64,26.6,1.405,0.28,13.8,56.5,0.667,2.209,seasonal_inversion
11,9,0,0,36.62,41.16,11.56,11.83,4.61,0.365,1.51,22.2,64.2,0.89,1.023,unknown
20,5,1,0,77.12,91.09,5.11,54.05,27.87,2.722,2.03,30.9,49.2,0.847,10.581,vehicular
7,2,1,0,38.99,54.41,0.84,21.2,15.77,1.094,1.14,20.3,92.3,0.717,25.265,seasonal_inversion
10,3,6,1,125.61,182.37,9.08,23.83,13.56,1.435,2.22,38.9,53.3,0.689,2.625,agricultural_burning
1,6,3,0,110.84,116.96,66.61,64.94,46.8,0.467,3.89,26.7,62.8,0.948,0.975,industrial
13,12,4,0,166.4,354.99,9.54,40.91,19.32,1.092,3.3,27.0,61.6,0.469,4.29,agricultural_burning
8,4,0,0,74.34,136.94,9.17,65.97,31.9,2.635,1.88,35.5,44.7,0.543,7.193,vehicular
0,7,5,1,165.84,250.26,34.34,37.22,21.9,0.852,2.39,25.9,43.7,0.663,1.084,industrial
10,2,2,0,84.75,110.54,5.13,25.62,22.12,1.39,0.17,12.3,67.9,0.767,4.99,seasonal_inversion
17,10,0,0,46.74,64.64,1.56,92.73,64.39,3.749,1.52,27.7,49.3,0.723,59.616,vehicular
3,12,2,0,179.7,269.63,75.11,32.59,26.58,0.858,2.29,33.9,72.1,0.666,0.434,industrial
5,5,0,0,110.56,162.9,92.65,34.79,26.52,0.894,2.02,33.9,71.8,0.679,0.375,industrial
12,4,5,1,209.81,295.84,9.81,30.12,10.08,1.687,4.65,29.0,28.2,0.709,3.069,agricultural_burning
6,1,5,1,252.67,274.09,77.6,29.66,20.69,0.597,2.98,23.4,79.0,0.922,0.382,industrial
0,10,2,0,33.17,69.66,9.42,7.06,3.64,0.555,7.75,26.9,62.9,0.476,0.749,unknown
9,4,0,0,43.81,74.44,9.45,22.54,16.67,0.329,3.59,32.1,56.3,0.589,2.385,unknown
12,4,1,0,56.94,46.89,3.04,7.47,6.26,0.455,4.97,22.0,74.9,1.214,2.456,unknown
6,7,3,0,193.96,286.98,112.1,40.46,26.21,0.353,1.11,32.1,56.0,0.676,0.361,industrial
20,9,3,0,67.5,103.8,7.35,54.46,38.18,1.891,0.55,30.0,48.9,0.65,7.405,vehicular
6,11,4,0,34.22,54.2,16.52,35.33,24.67,1.198,0.36,18.4,79.1,0.631,2.139,seasonal_inversion
10,10,2,0,167.53,288.08,13.19,21.39,15.03,1.176,1.68,30.0,42.9,0.582,1.622,agricultural_burning
10,10,6,1,65.82,135.68,5.05,19.36,9.96,1.432,3.21,28.8,33.4,0.485,3.836,agricultural_burning
7,12,4,0,92.26,109.19,19.53,38.87,19.62,1.04,0.52,16.7,91.2,0.845,1.99,seasonal_inversion
5,2,5,1,112.7,133.93,15.33,13.34,6.44,1.053,0.89,21.7,98.0,0.841,0.871,seasonal_inversion
9,2,3,0,91.6,128.88,16.49,26.97,17.69,0.85,1.05,16.0,74.5,0.711,1.635,seasonal_inversion
6,2,0,0,47.23,64.8,22.01,35.45,24.51,1.218,0.97,18.1,62.9,0.729,1.61,seasonal_inversion
9,2,3,0,101.41,122.2,13.39,31.35,22.14,0.697,0.48,21.7,98.0,0.83,2.342,seasonal_inversion
6,5,6,1,194.76,288.3,39.37,40.66,32.95,0.846,0.7,20.7,69.8,0.676,1.033,industrial
6,11,6,1,145.62,201.2,49.29,64.53,42.55,0.294,2.32,22.1,80.8,0.724,1.309,industrial
10,1,6,1,57.65,66.75,16.97,18.18,14.15,0.237,0.49,18.3,66.5,0.864,1.071,seasonal_inversion
2,4,2,0,21.38,30.9,7.27,25.94,11.38,0.434,4.47,30.9,98.0,0.692,3.568,unknown
0,9,6,1,212.15,332.42,62.9,48.06,34.78,0.849,2.05,32.8,63.7,0.638,0.764,industrial
0,7,4,0,139.94,149.85,103.37,45.09,24.03,0.66,3.28,33.7,78.2,0.934,0.436,industrial
15,10,5,1,140.45,202.49,7.27,24.17,13.18,1.224,2.61,26.2,42.5,0.694,3.324,agricultural_burning
14,11,1,0,218.98,334.52,10.29,15.74,12.07,1.923,4.2,32.7,61.0,0.655,1.53,agricultural_burning
6,6,6,1,61.55,100.0,12.87,16.45,13.75,0.719,6.41,36.0,78.3,0.616,1.278,unknown
6,2,6,1,162.27,212.51,5.82,13.01,4.75,0.683,0.99,21.8,66.3,0.764,2.234,seasonal_inversion
8,12,1,0,128.08,185.57,23.91,32.01,21.73,0.661,1.06,18.1,93.7,0.69,1.339,seasonal_inversion
7,9,2,0,82.33,163.64,5.62,147.3,95.36,2.478,2.71,32.5,69.1,0.503,26.211,vehicular
19,3,1,0,72.53,73.22,15.11,85.58,57.16,0.662,2.83,25.4,54.6,0.991,5.662,vehicular
8,11,0,0,76.66,149.59,10.97,94.14,50.1,2.171,1.33,30.7,62.4,0.512,8.583,vehicular
7,1,3,0,85.03,162.38,0.9,69.86,54.84,3.598,1.3,34.6,48.0,0.524,77.513,vehicular
6,12,5,1,118.72,201.8,10.8,28.04,13.21,0.448,0.52,26.5,80.2,0.588,2.597,seasonal_inversion
10,12,1,0,71.57,75.32,7.32,33.39,20.13,0.789,0.14,14.4,96.6,0.95,4.562,seasonal_inversion
18,10,2,0,62.13,120.59,4.28,105.58,58.06,2.931,1.56,36.2,37.8,0.515,24.65,vehicular
23,12,4,0,229.21,262.71,86.25,44.6,33.13,1.246,3.76,24.6,77.6,0.872,0.517,industrial
20,9,1,0,63.79,103.02,3.56,82.75,54.55,3.283,0.66,33.8,56.8,0.619,23.25,vehicular
20,11,3,0,97.76,211.73,11.37,65.22,41.5,2.784,0.64,25.1,38.1,0.462,5.736,vehicular
10,8,4,0,78.02,128.67,5.56,73.97,48.36,3.959,2.31,28.5,63.1,0.606,13.315,vehicular
18,11,2,0,159.04,292.96,5.23,45.42,25.72,1.972,1.53,30.3,43.8,0.543,8.688,agricultural_burning
8,12,1,0,85.05,97.05,20.65,15.49,12.04,0.764,1.15,25.9,76.7,0.876,0.75,seasonal_inversion
2,1,1,0,216.33,305.71,42.76,45.07,32.84,1.343,2.18,25.3,73.8,0.708,1.054,industrial
7,3,3,0,73.52,100.07,3.66,134.17,107.59,2.522,2.08,34.3,34.9,0.735,36.616,vehicular
10,3,1,0,121.08,345.01,9.43,27.4,17.41,1.938,3.67,39.2,62.0,0.351,2.906,agricultural_burning
10,11,3,0,101.59,135.32,4.3,28.95,18.88,0.851,0.88,15.6,77.8,0.751,6.739,seasonal_inversion
4,7,4,0,182.9,197.54,61.76,32.07,18.24,1.098,0.65,26.8,79.8,0.926,0.519,industrial
21,10,0,0,17.33,23.62,14.21,24.58,14.97,0.771,6.03,32.4,47.9,0.734,1.73,unknown
14,4,0,0,101.26,208.18,12.73,22.83,10.84,1.934,4.29,37.9,43.3,0.486,1.793,agricultural_burning
9,12,2,0,48.5,72.07,14.65,26.81,15.44,0.51,4.13,31.0,68.6,0.673,1.83,unknown
18,8,2,0,2.32,6.04,2.22,22.79,13.66,0.319,7.21,21.4,15.0,0.384,10.261,unknown
5,1,4,0,125.16,122.32,83.49,39.69,37.47,0.981,0.63,25.5,74.7,1.023,0.475,industrial
2,10,0,0,185.16,226.28,89.41,42.05,40.2,0.889,2.46,27.0,49.7,0.818,0.47,industrial
4,7,5,1,43.59,64.3,16.07,27.56,9.58,0.735,6.78,21.8,47.0,0.678,1.714,unknown
6,1,2,0,41.49,52.92,5.15,-1.95,0.44,0.493,2.55,37.0,82.8,0.784,-0.378,unknown
17,11,4,0,168.38,252.74,9.03,12.98,6.91,1.223,4.42,23.8,56.4,0.666,1.438,agricultural_burning
0,3,4,0,23.53,35.1,3.58,5.89,3.97,0.16,4.33,29.7,54.4,0.67,1.647,unknown
18,1,2,0,66.91,113.85,7.37,98.32,57.27,1.875,2.93,21.8,51.6,0.588,13.332,vehicular
9,2,1,0,70.68,87.69,11.86,20.68,10.82,0.661,1.43,24.4,76.5,0.806,1.744,seasonal_inversion
9,5,3,0,23.9,41.24,2.02,25.08,17.99,0.211,6.03,35.8,51.8,0.579,12.389,unknown
17,12,3,0,105.04,214.97,8.32,91.58,59.95,1.584,1.56,29.0,59.6,0.489,11.005,vehicular
7,7,2,0,53.64,29.31,12.38,20.41,16.51,0.601,7.1,25.6,80.9,1.83,1.648,unknown
11,5,5,1,45.78,88.29,-1.55,12.48,5.83,0.644,5.55,28.2,43.8,0.519,5.0,unknown
23,4,1,0,197.22,235.23,81.21,25.59,17.39,1.215,1.03,28.2,82.6,0.838,0.315,industrial
13,10,3,0,237.82,352.27,15.08,33.86,14.19,1.079,1.76,33.8,66.7,0.675,2.246,agricultural_burning
12,2,3,0,33.12,56.44,5.72,25.09,14.86,0.433,7.0,34.0,54.3,0.587,4.389,unknown
14,10,6,1,181.01,311.31,5.11,15.65,6.15,1.023,2.95,29.1,56.0,0.581,3.065,agricultural_burning
10,11,3,0,46.67,90.94,9.57,87.37,51.46,0.91,1.89,38.9,29.0,0.513,9.132,vehicular
12,12,0,0,38.14,33.1,6.53,27.32,21.14,0.833,6.91,38.2,77.4,1.152,4.182,unknown
6,12,5,1,97.88,138.9,17.27,25.13,8.43,0.826,1.21,14.7,70.3,0.705,1.455,seasonal_inversion
20,5,0,0,45.54,65.56,8.36,117.26,62.3,1.637,1.65,35.5,69.8,0.695,14.027,vehicular
3,2,6,1,35.69,44.12,3.37,19.99,12.68,0.479,7.25,29.1,69.8,0.809,5.925,unknown
2,3,1,0,33.63,30.4,1.06,15.08,13.23,0.17,1.74,43.4,56.6,1.106,14.274,unknown
18,1,4,0,71.93,103.02,6.48,73.59,36.67,1.18,2.13,41.6,79.7,0.698,11.352,vehicular
17,9,6,1,54.55,60.18,17.1,18.14,7.1,0.749,4.14,20.8,61.9,0.906,1.061,unknown
8,1,4,0,47.17,73.06,17.28,38.28,26.08,0.661,1.22,17.9,90.4,0.646,2.215,seasonal_inversion
13,12,2,0,206.49,306.33,7.73,9.43,4.9,2.279,4.74,23.0,40.8,0.674,1.219,agricultural_burning
21,8,4,0,30.69,17.52,9.32,17.6,8.5,0.399,1.1,19.3,73.5,1.752,1.887,unknown
21,11,1,0,59.89,61.2,1.65,35.52,25.76,0.671,7.81,21.4,36.3,0.979,21.538,unknown
11,3,6,1,148.06,305.09,5.42,17.21,10.06,2.174,2.72,34.9,55.7,0.485,3.176,agricultural_burning
7,11,3,0,64.64,94.51,11.34,81.75,66.79,3.358,2.75,30.5,21.0,0.684,7.206,vehicular
17,2,4,0,107.65,207.61,4.81,84.31,53.41,2.608,0.79,35.1,51.1,0.519,17.535,vehicular
15,11,5,1,178.52,370.35,4.14,23.61,12.08,1.766,4.67,33.0,39.1,0.482,5.698,agricultural_burning
6,5,0,0,109.29,133.47,72.99,27.88,14.72,1.015,0.58,31.1,80.3,0.819,0.382,industrial
18,9,2,0,83.84,142.03,10.02,46.0,23.85,2.851,2.65,31.0,66.7,0.59,4.59,vehicular
10,6,1,0,43.17,46.12,9.45,21.13,17.24,0.596,1.46,29.4,78.6,0.936,2.235,unknown
12,8,4,0,21.33,29.46,4.88,13.36,10.85,0.495,7.8,26.8,54.8,0.724,2.735,unknown
17,3,1,0,62.73,118.11,8.08,115.72,60.13,2.448,2.44,27.7,60.5,0.531,14.326,vehicular
9,4,5,1,38.12,58.43,4.31,-3.38,-2.17,0.749,6.29,25.3,98.0,0.652,-0.785,unknown
5,11,5,1,81.13,107.46,17.17,26.75,14.05,0.718,0.59,22.8,65.2,0.755,1.558,seasonal_inversion
23,8,6,1,62.99,82.36,11.85,3.23,2.01,0.568,3.46,20.3,75.1,0.765,0.273,unknown
21,3,3,0,51.73,82.87,9.35,18.14,10.77,0.407,6.84,29.7,68.3,0.624,1.94,unknown
6,11,5,1,77.52,77.3,16.55,31.31,27.24,1.176,0.33,17.2,94.3,1.003,1.891,seasonal_inversion
13,12,0,0,46.83,90.95,8.73,16.06,12.99,0.686,6.08,27.6,69.0,0.515,1.839,unknown
10,2,1,0,80.71,134.03,7.94,28.86,19.25,1.044,0.15,17.8,81.8,0.602,3.634,seasonal_inversion
12,10,5,1,84.47,194.18,9.94,21.74,10.06,2.497,2.26,36.1,40.6,0.435,2.187,agricultural_burning
6,2,2,0,83.11,163.39,28.15,17.24,6.16,0.498,0.0,18.4,65.8,0.509,0.613,seasonal_inversion
11,10,0,0,251.24,366.23,3.81,8.24,4.67,1.698,3.93,38.5,20.8,0.686,2.166,agricultural_burning
2,6,5,1,157.2,216.08,59.81,45.03,23.43,0.657,1.48,20.3,57.8,0.728,0.753,industrial
7,11,0,0,94.56,144.31,9.57,83.77,57.94,2.445,1.65,32.9,50.1,0.655,8.751,vehicular
9,5,4,0,80.64,142.26,5.74,68.69,33.52,2.274,0.98,27.5,49.3,0.567,11.973,vehicular
19,7,0,0,94.88,138.87,3.91,64.97,38.87,3.319,2.75,34.2,58.8,0.683,16.616,vehicular
20,7,0,0,23.34,73.66,4.17,61.2,43.84,3.383,2.35,23.5,32.6,0.317,14.678,vehicular
5,9,5,1,137.7,182.41,44.55,38.33,25.99,0.441,0.67,28.6,41.5,0.755,0.86,industrial
3,1,3,0,175.38,259.78,52.81,24.45,16.55,0.34,3.64,31.4,70.7,0.675,0.463,industrial
7,12,4,0,116.76,164.07,11.95,28.75,20.63,1.334,0.94,17.5,82.5,0.712,2.406,seasonal_inversion
9,12,6,1,104.17,157.54,8.66,7.31,1.35,1.195,0.7,14.6,80.8,0.661,0.845,seasonal_inversion
3,1,4,0,13.2,21.42,5.48,5.08,-1.17,0.178,4.77,28.1,41.8,0.616,0.927,unknown
9,1,3,0,70.9,128.96,7.66,65.05,46.66,3.147,1.33,24.8,24.0,0.55,8.49,vehicular
8,10,4,0,52.79,67.02,10.09,28.1,18.23,0.513,2.39,22.0,64.4,0.788,2.786,unknown
18,3,2,0,51.28,67.72,6.68,115.52,68.58,2.895,1.35,29.8,37.5,0.757,17.286,vehicular
22,11,2,0,199.74,278.99,57.66,41.42,21.54,0.978,0.88,20.0,37.4,0.716,0.718,industrial
5,8,6,1,191.15,206.47,82.0,35.28,17.13,0.866,2.02,21.3,65.7,0.926,0.43,industrial
23,5,4,0,82.65,69.4,55.58,18.42,8.03,1.004,3.89,19.5,83.3,1.191,0.331,industrial
23,7,2,0,128.36,200.68,74.93,59.05,32.77,0.972,2.82,35.3,59.3,0.64,0.788,industrial
8,2,5,1,92.21,126.69,5.61,16.94,6.93,1.218,0.03,17.7,81.8,0.728,3.019,seasonal_inversion
7,3,4,0,49.35,62.98,11.41,29.03,18.7,0.027,7.55,30.9,71.3,0.784,2.544,unknown
9,10,0,0,115.45,207.0,3.15,6.49,5.67,1.732,2.19,27.8,50.8,0.558,2.062,agricultural_burning
10,10,3,0,116.95,328.47,7.85,13.17,4.37,1.612,3.63,31.4,60.3,0.356,1.678,agricultural_burning
3,12,0,0,151.86,199.14,86.77,53.98,34.81,1.093,2.57,31.5,59.6,0.763,0.622,industrial
9,10,0,0,213.8,371.79,1.6,10.42,5.41,1.218,3.65,31.0,66.4,0.575,6.528,agricultural_burning
8,2,0,0,110.29,162.47,8.01,10.22,9.84,0.871,0.16,15.1,71.6,0.679,1.276,seasonal_inversion
3,8,6,1,22.96,25.61,5.31,29.46,23.43,0.388,1.92,15.4,77.7,0.897,5.546,unknown
6,2,6,1,107.41,135.94,4.64,17.44,12.25,0.456,1.01,11.8,75.4,0.79,3.761,seasonal_inversion
8,12,3,0,85.33,121.22,9.82,9.51,10.23,1.118,0.01,11.5,74.6,0.704,0.969,seasonal_inversion
17,11,1,0,61.89,237.33,9.26,4.17,-0.06,1.532,3.65,35.7,30.4,0.261,0.451,agricultural_burning
2,12,6,1,146.87,179.58,65.11,16.89,14.45,0.641,1.32,33.8,84.2,0.818,0.259,industrial
17,11,1,0,118.79,279.71,19.01,17.17,4.08,1.13,1.46,23.1,59.3,0.425,0.904,agricultural_burning
2,4,2,0,191.47,265.3,99.06,41.07,22.61,1.199,0.89,16.8,67.0,0.722,0.415,industrial
6,1,5,1,136.21,202.74,9.4,15.19,10.5,0.928,1.19,16.3,80.8,0.672,1.616,seasonal_inversion
9,4,1,0,66.37,119.88,8.44,123.59,88.45,2.186,2.26,33.3,78.9,0.554,14.648,vehicular
7,3,2,0,78.22,127.17,11.55,117.59,61.63,3.128,2.11,30.2,36.3,0.615,10.184,vehicular
7,9,4,0,52.28,96.22,11.44,75.6,36.24,1.546,1.69,34.1,46.6,0.543,6.608,vehicular
5,2,6,1,138.51,170.18,102.9,38.65,23.4,0.796,0.54,25.9,82.6,0.814,0.376,industrial
20,9,3,0,127.17,156.53,3.77,78.0,36.04,2.293,1.25,23.4,75.8,0.812,20.679,vehicular
2,7,1,0,133.2,138.41,82.37,55.66,40.9,1.366,0.73,31.6,65.4,0.962,0.676,industrial
17,1,3,0,17.12,17.11,2.88,10.34,5.3,0.304,7.71,36.1,57.4,1.0,3.595,unknown
7,10,3,0,67.59,106.6,2.56,119.77,67.09,2.073,2.62,34.5,42.4,0.634,46.869,vehicular
0,7,0,0,185.9,245.29,82.22,22.43,7.96,1.094,2.92,35.6,77.1,0.758,0.273,industrial
18,12,0,0,13.53,17.19,8.96,15.61,11.59,0.319,4.12,31.5,80.1,0.787,1.743,unknown
10,3,5,1,110.97,196.4,3.66,16.46,11.14,2.576,3.75,38.5,57.6,0.565,4.492,agricultural_burning
14,4,3,0,179.66,312.94,15.28,14.69,12.02,1.114,1.52,30.8,43.4,0.574,0.961,agricultural_burning
13,10,1,0,184.44,386.73,7.27,21.92,11.42,1.207,2.39,40.7,48.1,0.477,3.017,agricultural_burning
7,2,0,0,51.66,60.78,4.96,117.72,62.33,2.404,1.86,31.2,52.5,0.85,23.74,vehicular
10,10,0,0,174.66,235.53,16.96,15.66,8.11,2.556,4.5,30.6,66.3,0.742,0.924,agricultural_burning
10,12,2,0,106.99,217.5,11.52,30.75,12.63,1.057,2.34,27.2,29.0,0.492,2.669,agricultural_burning
10,12,6,1,65.38,84.82,4.04,10.22,1.1,0.656,0.62,18.2,71.8,0.771,2.532,seasonal_inversion
11,4,4,0,147.38,303.63,11.35,19.07,8.77,1.248,2.15,26.0,51.9,0.485,1.68,agricultural_burning
12,8,5,1,48.96,79.85,5.21,13.95,13.25,0.123,6.56,18.3,60.8,0.613,2.677,unknown
13,3,0,0,53.62,75.24,8.8,27.64,15.95,0.184,1.2,27.4,70.5,0.713,3.142,unknown
16,10,6,1,93.37,188.71,2.3,30.71,15.54,3.286,1.76,38.4,56.8,0.495,13.337,agricultural_burning
10,8,3,0,67.78,100.7,7.52,179.67,122.11,1.804,0.95,18.4,46.2,0.673,23.882,vehicular
9,9,3,0,89.48,141.26,-0.01,81.11,52.91,2.788,0.7,31.7,82.5,0.633,5.0,vehicular
4,5,5,1,182.6,182.47,117.09,2.96,6.32,1.14,3.1,25.0,67.2,1.001,0.025,industrial
3,2,6,1,181.74,243.74,45.19,33.85,21.68,1.029,3.85,18.1,54.6,0.746,0.749,industrial
20,6,3,0,77.03,115.4,5.65,120.7,70.3,3.528,1.41,36.3,53.4,0.667,21.368,vehicular
8,5,6,1,18.66,21.69,9.61,18.51,8.17,0.138,7.9,34.3,90.8,0.86,1.926,unknown
18,11,3,0,76.27,127.95,9.82,9.23,2.57,2.053,2.57,42.6,32.4,0.596,0.94,agricultural_burning
2,6,5,1,208.37,232.03,54.22,54.89,47.09,0.596,2.87,27.0,85.4,0.898,1.012,industrial
5,11,0,0,28.49,64.71,14.33,17.74,13.44,0.642,0.95,18.5,73.0,0.44,1.237,seasonal_inversion
23,4,3,0,70.96,86.41,8.1,35.94,27.86,0.298,2.92,22.7,32.3,0.821,4.437,unknown
14,10,0,0,194.5,296.82,7.98,18.86,4.43,2.11,1.51,29.3,54.7,0.655,2.362,agricultural_burning
10,4,3,0,83.43,138.22,1.5,106.03,68.7,2.728,2.48,35.6,53.4,0.604,70.473,vehicular
9,3,2,0,44.64,58.25,2.28,102.51,69.53,2.912,2.78,27.6,63.3,0.766,45.026,vehicular
4,2,6,1,152.44,270.08,54.75,58.39,33.62,0.694,1.08,27.3,37.2,0.564,1.067,industrial
11,9,6,1,56.22,103.89,6.35,4.92,4.83,0.671,6.28,42.5,80.0,0.541,0.775,unknown
0,1,4,0,156.55,188.94,65.46,5.52,0.82,1.392,1.8,22.1,54.5,0.829,0.084,industrial
10,3,3,0,124.85,253.71,13.22,17.97,11.77,1.366,2.09,34.3,15.0,0.492,1.359,agricultural_burning
5,5,6,1,23.71,28.62,5.03,37.1,30.46,0.341,3.62,20.2,58.2,0.828,7.372,unknown
9,5,2,0,58.83,61.72,7.74,11.33,7.31,0.449,3.99,20.8,72.2,0.953,1.462,unknown
1,3,5,1,178.26,227.16,102.85,48.31,31.36,0.532,1.22,25.7,53.2,0.785,0.47,industrial
10,8,3,0,5.78,7.24,5.69,21.45,11.19,0.526,7.49,25.1,62.3,0.798,3.773,unknown
7,12,4,0,115.97,129.23,19.17,31.76,17.91,0.945,1.43,14.5,61.4,0.897,1.657,seasonal_inversion
23,6,4,0,158.11,246.88,69.55,30.79,24.1,0.567,1.64,16.2,85.5,0.64,0.443,industrial
22,2,0,0,174.87,236.44,89.18,44.88,31.4,1.332,1.92,21.9,53.5,0.74,0.503,industrial
9,8,2,0,28.58,34.83,7.76,149.6,87.77,2.037,2.86,32.7,20.0,0.82,19.28,vehicular
5,2,3,0,113.31,160.1,84.59,28.13,22.84,0.562,2.75,37.8,78.5,0.708,0.333,industrial
5,5,3,0,232.15,296.77,95.8,50.37,18.33,1.167,3.65,29.3,82.6,0.782,0.526,industrial
17,1,0,0,76.83,153.09,2.26,99.77,50.27,3.401,1.21,41.6,75.0,0.502,44.172,vehicular
5,2,3,0,167.77,207.52,74.89,29.51,15.57,0.895,0.77,31.7,58.9,0.808,0.394,industrial
5,1,5,1,65.98,111.3,18.68,38.29,25.67,0.618,0.66,-0.7,66.5,0.593,2.05,seasonal_inversion
6,10,2,0,214.3,308.08,65.32,45.99,32.77,0.544,1.75,19.1,53.7,0.696,0.704,industrial
6,3,1,0,164.42,210.76,78.68,10.55,8.11,0.768,2.83,29.4,86.5,0.78,0.134,industrial
6,1,6,1,115.01,155.08,0.01,39.38,27.19,0.964,1.02,14.8,66.5,0.742,7143.971,seasonal_inversion
15,6,1,0,40.5,60.08,6.3,14.92,7.3,0.503,6.19,30.1,76.0,0.674,2.369,unknown
9,4,4,0,50.9,48.52,9.59,36.71,23.65,0.436,7.61,42.4,35.0,1.049,3.83,unknown
10,2,6,1,110.79,165.6,21.09,41.37,30.04,0.519,1.2,16.0,52.5,0.669,1.962,seasonal_inversion
9,2,3,0,31.33,17.22,20.78,44.76,27.0,0.759,0.15,15.1,80.1,1.82,2.154,seasonal_inversion
21,2,5,1,56.13,47.76,14.3,17.37,8.59,0.651,4.12,30.0,88.3,1.175,1.214,unknown
21,9,3,0,48.91,75.26,8.45,8.47,4.22,0.659,4.25,21.3,62.6,0.65,1.002,unknown
3,3,6,1,169.94,205.52,100.26,31.79,22.69,1.553,1.55,37.8,56.5,0.827,0.317,industrial
18,10,2,0,97.28,180.99,0.14,70.11,51.65,2.819,2.23,27.5,78.1,0.537,492.305,vehicular
15,12,5,1,144.72,280.84,2.76,11.28,7.33,1.769,4.02,34.5,15.0,0.515,4.082,agricultural_burning
9,11,3,0,310.97,437.39,9.55,28.44,14.05,2.699,4.98,37.0,27.3,0.711,2.978,agricultural_burning
5,7,3,0,81.22,102.4,101.84,20.27,16.42,1.021,2.7,27.9,77.5,0.793,0.199,industrial
23,10,1,0,190.13,186.71,83.71,15.03,9.05,0.676,2.8,22.5,60.3,1.018,0.18,industrial
7,1,6,1,134.21,167.68,9.24,23.22,19.2,1.319,1.03,21.2,66.0,0.8,2.513,seasonal_inversion
8,11,2,0,129.86,209.44,18.84,30.11,18.85,1.172,1.12,14.0,70.5,0.62,1.598,seasonal_inversion
18,4,2,0,83.03,126.94,12.62,44.53,24.7,1.012,1.64,33.4,44.8,0.654,3.528,vehicular
4,10,6,1,39.96,54.5,14.61,3.15,1.24,0.552,2.63,31.3,76.8,0.733,0.216,unknown
9,2,4,0,84.6,147.4,15.83,22.07,16.29,1.256,1.08,15.4,65.8,0.574,1.394,seasonal_inversion
0,8,4,0,145.3,212.11,44.44,33.19,20.31,0.852,2.26,27.8,50.0,0.685,0.747,industrial
23,2,0,0,70.27,105.68,3.45,7.51,5.73,0.126,7.9,38.3,28.7,0.665,2.175,unknown
0,1,6,1,163.34,185.82,83.32,33.03,22.23,1.371,2.11,32.8,80.6,0.879,0.396,industrial
15,9,3,0,48.18,59.45,3.0,15.42,6.9,0.925,6.68,32.7,21.1,0.81,5.14,unknown
7,11,0,0,62.23,55.11,3.85,81.24,52.65,2.422,1.29,33.0,62.8,1.129,21.113,vehicular
4,8,5,1,231.12,328.83,26.08,39.1,18.41,1.246,3.59,20.7,62.5,0.703,1.499,industrial
5,12,1,0,95.09,123.25,16.64,33.46,24.28,1.198,1.24,21.2,60.0,0.771,2.011,seasonal_inversion
14,7,2,0,31.85,49.34,-0.04,17.03,11.71,0.633,6.24,26.0,15.0,0.646,5.0,unknown
14,12,4,0,182.37,285.66,6.35,27.91,12.46,1.674,2.56,31.2,40.5,0.638,4.397,agricultural_burning
7,8,3,0,80.44,90.21,0.84,82.85,60.3,2.505,1.45,22.6,74.9,0.892,98.674,vehicular
14,11,6,1,86.07,185.35,4.97,19.01,10.09,2.043,4.18,38.5,61.3,0.464,3.825,agricultural_burning
7,6,6,1,43.7,65.27,0.02,33.53,19.39,0.567,1.67,30.3,90.5,0.67,1953.115,unknown
3,11,6,1,173.94,278.52,44.8,43.27,30.82,1.067,1.14,30.9,78.4,0.625,0.966,industrial
10,11,4,0,78.96,87.74,10.32,27.58,20.46,1.156,0.9,17.9,82.7,0.9,2.673,seasonal_inversion
21,5,0,0,51.45,83.84,3.61,28.27,14.84,0.583,2.92,27.9,53.7,0.614,7.825,unknown
9,12,2,0,64.72,107.23,20.74,32.95,25.76,1.225,0.89,12.9,79.1,0.604,1.589,seasonal_inversion
3,6,2,0,66.16,79.81,3.92,23.42,17.56,0.154,4.74,35.2,77.2,0.829,5.974,unknown
9,11,2,0,96.16,183.15,-1.05,79.8,59.19,2.149,2.27,29.4,67.5,0.525,5.0,vehicular
15,8,6,1,28.97,43.11,11.45,29.23,14.18,0.384,1.43,21.3,74.1,0.672,2.552,unknown
6,2,5,1,105.88,127.56,17.91,25.41,23.93,0.584,0.99,19.7,75.9,0.83,1.419,seasonal_inversion
9,3,4,0,99.55,166.37,3.14,102.4,55.59,3.492,2.8,30.0,77.4,0.598,32.634,vehicular
1,1,5,1,166.74,211.93,61.69,33.83,23.75,0.793,2.89,24.1,76.3,0.787,0.548,industrial
7,1,2,0,99.07,150.18,10.09,46.74,29.51,0.735,1.46,10.8,65.3,0.66,4.634,seasonal_inversion
0,11,2,0,53.18,72.1,7.59,13.23,4.36,0.453,2.2,28.9,64.1,0.738,1.744,unknown
23,12,2,0,146.11,189.81,89.37,40.35,32.19,0.867,1.31,24.9,39.0,0.77,0.451,industrial
6,1,1,0,97.73,121.27,11.05,16.76,11.84,0.76,1.2,15.4,64.1,0.806,1.517,seasonal_inversion
5,8,4,0,164.12,223.89,38.46,35.87,28.66,0.456,2.83,19.4,99.2,0.733,0.933,industrial
7,2,0,0,86.16,101.51,7.61,47.23,30.02,0.561,1.3,9.4,87.1,0.849,6.209,seasonal_inversion
6,1,2,0,116.88,160.71,11.52,25.39,19.68,0.514,0.65,20.4,55.7,0.727,2.203,seasonal_inversion
19,9,2,0,63.21,115.23,10.25,100.44,72.59,2.758,2.31,29.5,62.6,0.549,9.8,vehicular
7,11,5,1,100.58,110.4,14.4,25.25,12.5,1.165,0.64,22.4,74.4,0.911,1.753,seasonal_inversion
8,1,5,1,107.84,166.57,3.59,27.63,18.89,0.673,0.26,12.1,86.2,0.647,7.689,seasonal_inversion
3,4,6,1,17.76,19.47,10.95,33.11,24.56,0.214,1.88,19.6,37.1,0.912,3.025,unknown
3,9,5,1,39.09,44.87,2.3,25.5,11.21,0.513,3.97,27.7,56.7,0.871,11.08,unknown
7,11,3,0,51.62,77.32,13.26,33.81,19.99,1.11,1.13,20.5,69.8,0.668,2.55,seasonal_inversion
10,7,2,0,101.16,190.61,5.45,73.78,53.99,3.782,2.25,31.5,34.6,0.531,13.53,vehicular
2,6,1,0,181.36,222.26,79.64,-0.73,0.5,0.69,3.63,30.4,64.7,0.816,-0.009,industrial
21,3,0,0,16.44,26.38,10.76,17.52,12.0,0.484,5.59,24.3,73.9,0.623,1.628,unknown
17,4,3,0,51.49,77.15,6.25,57.88,44.43,1.36,0.57,14.6,56.4,0.667,9.264,vehicular
9,11,2,0,84.96,75.79,10.28,27.05,22.12,0.454,1.38,18.7,76.5,1.121,2.631,seasonal_inversion
17,5,2,0,43.21,50.17,4.54,91.29,54.49,2.066,1.05,29.3,57.7,0.861,20.1,vehicular
11,11,3,0,179.07,297.79,5.06,24.48,14.28,2.197,3.12,25.0,43.8,0.601,4.834,agricultural_burning
20,6,3,0,76.72,107.5,4.14,57.88,31.94,2.515,2.48,25.2,70.8,0.714,13.972,vehicular
11,3,0,0,30.91,49.52,5.91,25.72,7.21,0.275,3.35,29.9,82.8,0.624,4.355,unknown
5,12,1,0,75.34,122.95,8.26,23.62,12.07,0.798,0.94,24.2,87.1,0.613,2.861,seasonal_inversion
22,8,1,0,158.41,220.09,69.24,10.51,6.82,0.476,3.92,23.2,52.8,0.72,0.152,industrial
19,6,6,1,19.07,36.31,3.59,18.61,7.82,0.299,4.77,33.0,79.7,0.525,5.191,unknown
19,11,2,0,77.3,138.45,4.95,110.38,85.2,3.902,1.11,27.3,47.1,0.558,22.299,vehicular
12,4,4,0,199.75,314.72,0.93,33.46,19.42,2.109,1.71,29.2,34.6,0.635,35.852,agricultural_burning
2,8,3,0,176.31,253.08,55.59,29.58,21.47,0.523,3.33,31.8,69.4,0.697,0.532,industrial
9,3,0,0,93.03,178.52,5.56,21.49,9.61,2.097,4.08,25.9,38.9,0.521,3.862,agricultural_burning
17,12,1,0,100.42,182.59,10.11,25.35,17.74,1.065,1.77,27.6,37.6,0.55,2.508,agricultural_burning
16,2,5,1,27.6,23.94,17.14,28.77,15.02,0.737,3.8,14.4,83.1,1.153,1.678,unknown
10,2,4,0,90.27,146.36,2.4,86.36,59.35,2.461,0.86,19.1,50.9,0.617,35.911,vehicular
0,9,3,0,194.74,262.09,84.57,25.38,20.06,1.012,3.36,34.3,85.1,0.743,0.3,industrial
6,7,1,0,166.11,201.58,87.45,21.73,10.38,0.289,2.1,26.3,76.1,0.824,0.249,industrial
12,3,6,1,155.39,245.23,-0.46,21.39,11.34,1.494,3.92,23.1,66.4,0.634,5.0,agricultural_burning
4,11,0,0,153.74,217.9,109.12,61.62,39.5,0.995,3.08,29.6,65.1,0.706,0.565,industrial
13,3,4,0,185.59,361.77,0.61,26.25,12.14,1.642,3.75,28.7,44.8,0.513,43.213,agricultural_burning
9,8,2,0,34.24,41.41,3.58,75.09,53.74,2.702,0.64,33.3,80.1,0.827,20.976,vehicular
11,12,0,0,112.53,198.47,10.64,16.13,8.26,2.333,2.06,26.7,43.5,0.567,1.515,agricultural_burning
14,11,1,0,204.52,306.92,6.62,27.29,18.98,2.268,3.16,25.8,27.6,0.666,4.121,agricultural_burning
12,8,4,0,19.17,40.46,5.06,43.94,32.58,0.686,7.07,25.4,68.4,0.474,8.689,unknown
1,1,2,0,36.4,37.88,10.52,14.04,9.51,0.253,3.93,26.2,77.3,0.961,1.334,unknown
22,12,4,0,190.05,228.13,59.34,53.15,32.35,1.302,1.81,35.4,53.2,0.833,0.896,industrial
8,3,3,0,46.26,61.58,1.77,67.38,34.64,1.685,2.35,23.5,54.3,0.751,38.014,vehicular
0,5,4,0,30.28,39.86,1.25,35.04,21.77,0.6,3.9,35.4,66.5,0.76,28.069,unknown
9,4,0,0,153.71,252.85,16.22,31.03,18.84,1.589,4.51,29.2,31.1,0.608,1.913,agricultural_burning
5,12,6,1,129.09,221.22,14.08,42.05,34.72,0.899,1.27,19.6,82.2,0.584,2.987,seasonal_inversion
18,3,0,0,95.43,256.45,10.06,21.05,14.32,1.418,3.53,29.8,57.3,0.372,2.092,agricultural_burning
8,12,5,1,116.89,193.49,13.96,40.82,28.32,1.163,1.23,17.5,91.4,0.604,2.924,seasonal_inversion
1,7,1,0,223.64,238.55,81.2,41.32,21.35,0.868,3.72,27.1,68.4,0.937,0.509,industrial
22,4,2,0,33.21,63.4,-0.26,14.5,10.0,0.768,5.81,24.1,69.5,0.524,5.0,unknown
11,10,3,0,246.37,365.24,7.67,13.09,7.05,1.362,3.06,40.2,45.5,0.675,1.707,agricultural_burning
12,4,3,0,73.23,151.58,10.37,23.75,16.57,1.823,1.8,41.0,51.8,0.483,2.29,agricultural_burning
17,12,1,0,131.6,227.78,5.62,26.09,15.92,1.877,3.43,36.1,31.0,0.578,4.644,agricultural_burning
8,2,0,0,90.37,132.65,16.89,22.31,15.62,1.332,1.4,18.0,77.7,0.681,1.321,seasonal_inversion
3,8,0,0,147.41,203.71,87.77,27.71,23.73,1.024,2.65,37.1,82.8,0.724,0.316,industrial
19,3,3,0,41.81,43.49,8.68,17.09,9.15,0.229,2.32,20.0,59.7,0.961,1.968,unknown
3,7,2,0,211.58,274.73,115.57,29.81,22.1,1.114,0.61,33.7,54.0,0.77,0.258,industrial
5,12,5,1,82.52,125.23,20.39,32.08,17.92,1.317,1.11,17.6,78.3,0.659,1.573,seasonal_inversion
11,3,4,0,154.79,232.47,9.28,25.56,13.89,1.652,4.05,41.3,41.3,0.666,2.756,agricultural_burning
18,9,1,0,75.21,127.71,1.39,87.0,53.55,2.197,1.3,32.9,57.8,0.589,62.604,vehicular
12,6,1,0,3.18,-3.91,-0.5,16.0,10.99,0.581,7.3,20.0,94.6,0.5,5.0,unknown
10,11,0,0,44.64,68.36,11.7,69.93,27.42,2.191,2.17,29.7,48.7,0.653,5.977,vehicular
2,11,4,0,65.45,63.6,8.85,28.69,8.45,0.882,4.92,40.8,47.8,1.029,3.242,unknown
4,6,4,0,138.5,200.3,35.23,50.21,32.41,0.575,2.59,37.9,78.1,0.691,1.425,industrial
10,3,1,0,52.01,105.59,3.4,144.83,102.41,3.755,2.8,32.0,41.1,0.493,42.548,vehicular
9,12,0,0,96.86,152.48,15.6,42.27,34.32,0.747,1.35,26.2,96.1,0.635,2.71,seasonal_inversion
16,4,1,0,118.37,290.42,4.41,6.62,5.16,2.68,1.51,30.0,23.2,0.408,1.502,agricultural_burning
13,11,0,0,188.31,277.97,2.77,18.26,4.47,0.967,3.7,26.7,67.6,0.677,6.596,agricultural_burning
11,7,0,0,24.78,26.45,8.45,9.7,7.03,0.733,7.59,36.0,64.0,0.937,1.148,unknown
5,12,4,0,101.59,149.77,20.48,6.06,7.92,0.829,0.79,19.2,87.8,0.678,0.296,seasonal_inversion
11,4,4,0,86.91,151.68,0.14,31.16,19.79,3.503,1.14,26.3,51.7,0.573,220.117,agricultural_burning
10,11,4,0,113.74,178.92,7.81,36.43,33.19,1.308,1.32,20.0,71.1,0.636,4.665,seasonal_inversion
13,6,0,0,38.58,46.32,7.47,15.94,6.1,0.572,1.82,30.1,42.8,0.833,2.135,unknown
19,3,4,0,102.13,199.0,7.82,77.78,43.89,2.606,1.77,29.8,50.6,0.513,9.953,vehicular
7,6,6,1,43.92,86.64,10.27,15.62,9.59,0.482,5.74,28.6,50.1,0.507,1.522,unknown
20,3,3,0,127.11,229.86,4.54,83.51,50.36,3.264,1.27,30.7,45.7,0.553,18.379,vehicular
6,8,4,0,59.01,69.75,3.27,29.63,22.54,0.488,6.07,32.3,55.4,0.846,9.075,unknown
9,1,6,1,90.06,137.18,7.74,9.74,6.17,0.283,1.42,11.5,69.9,0.656,1.258,seasonal_inversion
2,3,3,0,182.15,189.44,51.82,30.65,19.9,0.197,0.58,31.1,45.6,0.962,0.591,industrial
18,4,2,0,116.73,193.26,9.49,147.41,104.2,1.399,1.33,19.3,69.3,0.604,15.54,vehicular
7,12,4,0,92.42,118.68,14.04,21.82,22.53,1.381,0.89,20.4,84.0,0.779,1.554,seasonal_inversion
9,11,4,0,49.49,68.85,10.24,19.66,14.55,0.489,3.25,24.5,58.1,0.719,1.919,unknown
13,10,2,0,36.62,45.14,9.41,27.0,14.5,0.696,6.66,28.9,54.9,0.811,2.868,unknown
13,11,4,0,140.96,316.19,14.76,19.79,8.0,2.097,4.88,24.7,27.6,0.446,1.341,agricultural_burning
4,5,1,0,164.89,212.94,56.94,43.75,33.57,0.921,0.63,26.1,46.0,0.774,0.768,industrial
11,11,6,1,137.6,246.31,4.6,15.15,8.77,2.623,3.5,39.3,30.5,0.559,3.297,agricultural_burning
9,1,1,0,105.12,124.31,20.06,32.6,27.5,0.795,1.15,24.5,83.5,0.846,1.626,seasonal_inversion
7,12,0,0,41.35,49.59,11.01,16.32,7.11,0.498,6.72,19.3,59.9,0.834,1.482,unknown
6,3,6,1,192.78,231.91,66.44,25.52,16.17,0.763,3.0,31.9,68.7,0.831,0.384,industrial
5,7,2,0,161.72,229.58,73.22,47.56,28.66,0.454,3.42,30.2,50.2,0.704,0.65,industrial
5,2,3,0,112.01,166.55,13.11,13.15,4.38,0.64,0.1,12.9,95.6,0.673,1.004,seasonal_inversion
8,4,6,1,77.68,124.06,8.0,3.29,1.97,0.53,7.0,26.3,49.1,0.626,0.412,unknown
9,12,3,0,86.59,129.62,7.69,27.4,20.03,0.759,0.5,21.2,79.2,0.668,3.562,seasonal_inversion
14,10,3,0,140.06,266.25,7.1,12.59,6.83,1.073,2.65,34.0,23.9,0.526,1.772,agricultural_burning
8,10,3,0,58.0,85.37,4.25,186.75,139.21,1.441,1.05,30.2,72.3,0.679,43.986,vehicular
14,11,4,0,134.09,253.13,8.49,15.93,11.44,0.579,4.4,27.1,15.0,0.53,1.877,agricultural_burning
15,3,4,0,85.77,154.74,13.42,23.35,15.52,1.501,2.92,24.1,48.9,0.554,1.739,agricultural_burning
6,1,4,0,91.9,147.64,16.0,17.87,8.67,1.263,1.22,22.1,53.1,0.622,1.116,seasonal_inversion
8,1,0,0,69.34,88.12,1.38,83.04,59.22,2.31,2.53,25.3,55.4,0.787,60.02,vehicular
6,8,2,0,177.14,242.66,58.31,37.14,22.18,0.429,1.53,34.4,48.7,0.73,0.637,industrial
0,5,5,1,173.78,173.9,57.67,41.6,37.47,0.884,0.8,36.1,84.8,0.999,0.721,industrial
1,12,3,0,129.43,202.04,112.65,40.2,25.36,0.919,2.75,25.9,67.4,0.641,0.357,industrial
12,12,3,0,126.85,253.97,9.54,36.34,18.57,1.244,2.94,32.3,57.9,0.499,3.81,agricultural_burning
9,6,5,1,32.27,50.13,13.65,18.92,14.4,0.437,5.34,24.7,45.9,0.644,1.386,unknown
1,6,2,0,35.07,49.95,4.79,4.3,3.25,0.494,1.3,41.1,58.7,0.702,0.896,unknown
6,6,0,0,192.23,262.95,64.44,45.56,31.29,1.033,2.4,33.3,62.5,0.731,0.707,industrial
17,12,2,0,99.46,145.13,4.44,111.66,76.75,3.055,1.51,28.7,64.9,0.685,25.146,vehicular
18,10,2,0,91.67,170.25,5.28,89.68,42.64,3.268,1.92,31.0,61.4,0.538,16.979,vehicular
3,5,0,0,61.03,103.16,5.45,28.13,17.63,0.48,4.01,31.0,36.6,0.592,5.165,unknown
23,6,6,1,123.39,147.9,76.52,27.08,17.62,0.771,3.29,24.9,89.6,0.834,0.354,industrial
22,11,4,0,188.3,224.09,122.37,12.68,9.61,1.26,1.43,33.3,89.6,0.84,0.104,industrial
18,4,0,0,54.35,102.12,8.14,120.0,77.12,3.037,2.73,22.2,50.0,0.532,14.742,vehicular
1,2,5,1,37.91,56.97,12.37,29.81,19.19,0.548,7.43,16.9,56.8,0.665,2.41,unknown
18,10,2,0,35.81,56.96,16.36,66.21,41.83,3.252,2.07,32.5,61.3,0.629,4.046,vehicular
17,11,1,0,79.3,97.65,8.39,94.47,65.27,2.515,1.3,33.1,62.1,0.812,11.265,vehicular
5,7,5,1,91.36,138.0,14.92,6.72,5.3,1.14,7.98,35.6,54.5,0.662,0.451,unknown
10,10,4,0,82.38,106.1,9.7,113.33,67.66,1.306,1.6,24.1,56.6,0.776,11.679,vehicular
7,12,2,0,99.89,154.09,7.91,17.26,8.82,0.761,1.49,23.3,86.0,0.648,2.181,seasonal_inversion
9,12,2,0,160.18,290.26,13.34,24.91,13.42,1.034,4.45,27.3,46.6,0.552,1.867,agricultural_burning
7,8,4,0,33.73,27.69,8.25,28.8,11.74,0.957,4.01,28.7,69.9,1.218,3.49,unknown
6,12,2,0,56.79,59.99,2.75,34.98,18.37,0.272,1.35,11.8,53.3,0.947,12.732,seasonal_inversion
2,1,6,1,174.1,227.96,72.01,54.53,32.43,0.945,1.02,34.1,45.6,0.764,0.757,industrial
8,12,1,0,95.23,104.88,17.68,32.03,14.7,0.525,0.01,17.9,92.5,0.908,1.811,seasonal_inversion
20,3,3,0,83.84,140.02,6.87,92.3,41.83,2.46,1.85,28.3,38.9,0.599,13.438,vehicular
13,10,2,0,195.13,424.67,3.13,24.48,13.54,1.653,3.24,31.1,59.2,0.459,7.824,agricultural_burning
20,11,2,0,12.5,13.42,6.26,135.22,93.0,4.296,2.04,36.9,63.0,0.932,21.607,vehicular
18,5,3,0,58.05,68.59,9.35,79.67,56.27,2.16,1.57,37.1,57.4,0.846,8.525,vehicular
20,6,2,0,106.88,140.14,10.99,114.81,60.81,4.064,1.97,23.9,67.8,0.763,10.451,vehicular
3,1,1,0,27.58,26.89,2.01,24.76,14.66,0.576,4.48,30.9,45.2,1.026,12.294,unknown
10,6,4,0,94.08,167.13,2.83,85.16,61.95,2.09,2.64,37.0,90.0,0.563,30.136,vehicular
20,6,3,0,71.96,76.61,6.04,21.6,13.1,0.365,1.75,31.3,61.8,0.939,3.579,unknown
10,12,5,1,81.01,129.9,11.93,16.76,11.39,0.786,0.72,19.4,75.8,0.624,1.405,seasonal_inversion
18,2,4,0,69.45,112.33,1.96,98.41,66.1,2.035,1.83,32.0,48.5,0.618,50.217,vehicular
3,3,5,1,165.9,234.48,91.5,38.61,19.1,0.087,1.15,32.9,83.1,0.707,0.422,industrial
19,1,1,0,47.29,73.92,18.1,26.78,6.82,0.632,5.97,31.6,51.7,0.64,1.479,unknown
12,6,4,0,52.46,85.51,17.84,16.74,5.03,0.395,7.33,32.0,56.8,0.613,0.938,unknown
10,3,4,0,244.94,337.75,4.43,10.64,6.07,1.436,2.91,30.1,56.4,0.725,2.401,agricultural_burning
7,12,3,0,43.14,57.47,8.34,25.67,18.65,-0.0,5.07,22.8,51.7,0.751,3.078,unknown
12,12,1,0,2.62,5.44,10.01,4.2,-0.42,0.393,5.87,22.2,76.0,0.481,0.42,unknown
8,1,6,1,100.56,136.76,10.02,12.28,5.62,0.617,1.01,26.5,98.0,0.735,1.225,seasonal_inversion
10,10,3,0,142.84,274.86,4.57,7.58,4.52,2.167,1.6,30.5,29.6,0.52,1.658,agricultural_burning
5,2,1,0,81.42,120.69,7.14,20.42,17.36,1.009,0.15,13.1,76.4,0.675,2.859,seasonal_inversion
16,11,0,0,163.29,275.9,13.56,17.2,8.25,1.465,4.19,31.7,60.7,0.592,1.269,agricultural_burning
15,12,4,0,218.86,312.72,9.0,28.41,16.8,2.834,1.75,27.3,46.8,0.7,3.157,agricultural_burning
5,1,6,1,106.29,123.11,3.16,19.89,15.67,0.835,0.22,11.1,84.7,0.863,6.287,seasonal_inversion
23,10,2,0,130.56,147.19,81.5,34.42,28.26,0.032,2.6,34.9,90.1,0.887,0.422,industrial
0,2,6,1,102.49,164.08,37.86,25.12,16.65,0.907,2.14,23.1,50.5,0.625,0.663,industrial
9,11,4,0,71.73,116.13,20.53,6.18,2.05,1.305,0.54,16.7,83.8,0.618,0.301,seasonal_inversion
18,12,2,0,138.45,245.56,8.65,4.88,3.65,1.551,3.55,25.6,39.6,0.564,0.564,agricultural_burning
9,1,4,0,100.31,146.69,24.27,36.1,24.55,0.997,0.11,21.5,91.6,0.684,1.488,seasonal_inversion
16,2,1,0,35.44,64.44,8.89,24.65,14.61,0.62,4.37,27.1,73.2,0.55,2.772,unknown
23,10,6,1,172.35,254.39,77.24,44.46,33.03,1.236,0.7,31.9,42.5,0.678,0.576,industrial
20,1,0,0,28.13,30.74,1.91,20.72,15.21,0.748,3.4,25.8,75.1,0.915,10.829,unknown
7,11,2,0,65.71,74.04,-0.61,111.85,75.5,1.77,2.96,36.1,34.0,0.888,5.0,vehicular
18,6,2,0,65.94,100.45,10.46,91.01,46.86,2.431,1.17,23.3,41.5,0.656,8.7,vehicular
12,4,4,0,178.83,269.59,16.86,30.72,17.97,2.416,1.7,32.5,56.3,0.663,1.822,agricultural_burning
8,10,5,1,34.69,46.48,7.21,-5.91,-3.04,0.303,3.52,33.1,62.6,0.746,-0.819,unknown
4,3,1,0,121.3,139.24,52.87,30.71,12.46,0.617,2.29,27.0,53.8,0.871,0.581,industrial
14,10,3,0,152.38,292.4,8.9,12.83,11.32,1.52,3.9,29.8,25.7,0.521,1.441,agricultural_burning
12,11,6,1,146.72,370.26,16.77,16.16,10.93,1.228,2.87,31.4,51.8,0.396,0.964,agricultural_burning
4,8,4,0,65.36,112.97,10.35,17.02,13.81,0.07,7.73,37.3,39.5,0.579,1.643,unknown
23,11,4,0,199.08,232.24,67.88,32.99,21.65,0.649,1.38,35.0,65.5,0.857,0.486,industrial
0,8,4,0,177.92,255.38,41.73,56.96,37.34,0.965,1.52,30.0,78.4,0.697,1.365,industrial
6,1,6,1,74.82,104.71,14.03,30.02,22.97,0.832,0.06,13.8,87.2,0.715,2.141,seasonal_inversion
17,1,4,0,58.9,106.9,9.37,32.83,25.38,0.416,1.42,25.9,68.0,0.551,3.505,unknown
8,2,2,0,52.75,71.69,8.05,25.59,14.99,1.236,0.03,20.5,80.9,0.736,3.178,seasonal_inversion
12,10,3,0,157.46,369.0,4.07,16.02,13.21,0.649,1.04,28.3,41.4,0.427,3.934,agricultural_burning
6,12,6,1,133.18,212.01,20.31,17.62,14.49,0.966,1.16,19.1,98.0,0.628,0.868,seasonal_inversion
12,11,2,0,6.5,15.34,0.98,16.61,11.21,0.594,7.43,34.0,67.4,0.424,17.019,unknown
0,12,2,0,186.84,239.17,63.62,17.26,7.12,0.65,2.75,24.8,52.9,0.781,0.271,industrial
18,5,0,0,97.24,152.49,3.26,85.04,54.39,2.903,2.57,31.9,33.9,0.638,26.079,vehicular
7,12,4,0,111.35,181.57,3.68,20.86,11.23,0.167,0.18,17.5,61.4,0.613,5.67,seasonal_inversion
23,5,1,0,181.09,230.83,91.2,50.08,34.19,0.773,1.24,38.2,90.8,0.785,0.549,industrial
0,4,6,1,182.81,208.84,27.29,25.71,16.22,0.912,0.89,31.7,62.9,0.875,0.942,industrial
17,3,1,0,59.68,112.42,10.3,105.46,66.23,2.425,1.13,26.2,75.0,0.531,10.235,vehicular
5,2,1,0,93.65,128.41,19.45,20.74,16.81,0.616,0.33,21.4,75.3,0.729,1.066,seasonal_inversion
5,1,3,0,91.35,126.07,26.39,38.5,24.54,0.81,1.33,19.1,68.7,0.725,1.459,seasonal_inversion
22,12,4,0,199.07,244.52,105.62,25.65,20.86,0.274,1.6,28.4,57.7,0.814,0.243,industrial
1,9,6,1,146.58,199.81,45.44,32.3,28.51,0.856,3.38,21.7,87.1,0.734,0.711,industrial
19,4,4,0,70.8,135.33,3.18,69.59,46.87,3.109,0.71,35.2,45.6,0.523,21.86,vehicular
7,2,2,0,111.9,144.01,23.69,11.87,10.74,1.455,0.87,25.8,84.9,0.777,0.501,seasonal_inversion
11,3,1,0,120.15,171.02,11.38,18.07,11.91,2.108,3.82,25.6,57.1,0.703,1.588,agricultural_burning
6,8,0,0,58.06,93.28,9.37,17.38,10.22,0.414,3.5,30.5,42.5,0.622,1.855,unknown
3,1,1,0,191.04,196.18,69.88,29.13,16.14,1.561,3.82,34.4,72.0,0.974,0.417,industrial
7,1,2,0,124.16,164.0,14.03,15.17,9.63,1.198,1.19,12.7,68.7,0.757,1.081,seasonal_inversion
4,6,5,1,40.11,46.04,4.55,6.59,1.52,0.676,3.49,37.2,55.7,0.871,1.449,unknown
17,10,1,0,68.51,114.27,5.9,112.45,62.67,1.93,2.88,26.5,63.1,0.6,19.069,vehicular
22,10,1,0,152.7,213.11,55.03,25.76,9.58,0.548,3.0,36.5,54.8,0.717,0.468,industrial
23,3,6,1,122.4,174.95,112.29,48.62,36.42,1.051,3.52,27.6,52.5,0.7,0.433,industrial
0,10,4,0,142.77,219.11,84.59,10.18,10.09,1.18,1.84,31.9,69.1,0.652,0.12,industrial
9,9,2,0,96.28,160.05,8.92,42.89,23.57,2.769,2.69,29.4,41.9,0.602,4.806,vehicular
4,3,4,0,146.44,231.1,48.19,40.55,20.4,0.348,3.65,30.6,84.0,0.634,0.841,industrial
4,3,2,0,196.29,285.0,81.21,21.52,15.86,0.744,2.81,31.7,57.7,0.689,0.265,industrial
23,9,5,1,141.58,231.06,113.47,10.43,8.08,1.04,3.05,25.3,92.9,0.613,0.092,industrial
9,2,1,0,91.14,92.29,13.93,29.3,24.81,1.887,0.28,10.3,70.6,0.988,2.103,seasonal_inversion
10,3,3,0,190.96,335.82,9.58,9.28,6.6,2.083,3.8,22.4,32.0,0.569,0.968,agricultural_burning
7,12,3,0,76.67,84.05,4.74,22.74,14.59,1.383,1.22,19.0,94.3,0.912,4.8,seasonal_inversion
9,10,4,0,40.62,73.33,4.65,88.13,54.2,2.085,0.8,26.5,33.7,0.554,18.949,vehicular
23,10,0,0,75.59,134.83,97.84,1.96,1.51,0.98,3.62,30.7,58.6,0.561,0.02,industrial
3,3,2,0,149.96,213.52,46.07,41.85,27.91,0.978,1.52,34.7,47.9,0.702,0.908,industrial
17,3,1,0,54.3,80.45,6.11,27.4,19.34,0.622,3.15,34.9,35.4,0.675,4.484,unknown
7,3,1,0,41.81,82.92,7.0,93.47,70.66,1.523,1.1,32.1,44.6,0.504,13.351,vehicular
9,1,4,0,71.08,106.11,5.16,86.08,58.48,2.721,0.7,31.8,84.3,0.67,16.681,vehicular
11,7,5,1,37.6,62.38,8.05,27.09,14.53,0.844,2.14,36.5,73.4,0.603,3.366,unknown
13,12,0,0,144.41,311.08,2.43,8.89,1.92,2.321,3.24,33.5,28.8,0.464,3.665,agricultural_burning
18,8,4,0,47.16,88.78,1.0,86.44,64.8,2.297,0.91,31.7,53.1,0.531,86.224,vehicular
5,2,6,1,113.86,118.95,99.68,34.64,24.8,0.205,3.33,29.1,66.4,0.957,0.348,industrial
5,11,6,1,111.79,152.91,14.24,38.93,25.27,1.227,0.2,19.3,78.6,0.731,2.734,seasonal_inversion
1,11,3,0,179.89,265.48,77.93,38.93,23.7,1.152,1.74,28.9,90.2,0.678,0.5,industrial
6,2,6,1,55.69,71.64,13.22,25.28,18.86,0.766,0.99,10.0,68.3,0.777,1.912,seasonal_inversion
11,12,1,0,160.38,316.71,5.97,23.81,13.76,1.218,4.72,38.2,60.6,0.506,3.985,agricultural_burning
6,3,1,0,162.77,222.23,91.39,37.31,30.79,0.353,1.77,27.4,72.1,0.732,0.408,industrial
6,2,3,0,104.5,174.72,86.64,31.32,20.11,0.946,0.52,28.2,66.9,0.598,0.362,industrial
8,6,0,0,43.11,62.38,12.15,11.85,11.45,0.621,1.24,13.6,35.7,0.691,0.975,unknown
5,11,5,1,94.15,128.55,9.87,19.72,13.62,0.832,1.3,19.5,72.8,0.732,1.997,seasonal_inversion
7,9,1,0,60.71,130.38,-0.94,98.67,63.7,1.264,2.15,36.1,30.4,0.466,5.0,vehicular
13,11,3,0,65.53,140.34,5.28,23.64,10.48,1.931,4.31,31.1,26.3,0.467,4.476,agricultural_burning
14,4,2,0,183.07,266.43,6.58,23.91,11.58,2.429,2.66,33.0,45.4,0.687,3.635,agricultural_burning
18,1,2,0,82.33,96.85,0.5,105.02,81.44,3.049,0.9,38.4,50.2,0.85,208.34,vehicular
14,12,0,0,132.65,308.75,7.06,31.23,22.9,1.931,4.69,27.7,56.0,0.43,4.427,agricultural_burning
21,9,2,0,48.58,85.71,4.47,11.18,3.83,0.236,4.77,44.2,52.0,0.567,2.499,unknown
17,10,0,0,62.82,122.27,6.19,69.62,40.09,2.649,1.36,32.8,54.7,0.514,11.241,vehicular
10,5,1,0,7.11,0.95,5.57,35.53,14.56,0.598,7.29,16.4,58.9,7.45,6.379,unknown
6,8,1,0,185.15,212.13,68.92,17.54,11.09,0.671,1.92,22.9,55.2,0.873,0.255,industrial
5,12,1,0,103.43,159.83,32.27,43.45,31.48,0.766,0.65,20.9,58.9,0.647,1.346,seasonal_inversion
7,11,0,0,30.78,57.52,1.36,32.92,15.99,0.588,1.86,36.0,51.9,0.535,24.281,unknown
7,11,3,0,104.6,189.91,6.52,12.6,7.06,1.288,0.27,15.0,61.7,0.551,1.933,seasonal_inversion
22,10,3,0,171.33,191.21,58.04,41.38,24.68,0.631,2.99,41.5,36.5,0.896,0.713,industrial
7,12,5,1,84.38,99.42,9.26,17.2,17.05,0.984,1.26,20.2,66.9,0.849,1.857,seasonal_inversion
17,10,4,0,70.51,124.76,6.79,95.3,60.26,1.91,2.13,31.4,62.0,0.565,14.028,vehicular
14,11,3,0,138.6,292.13,4.48,18.97,7.87,2.113,3.43,38.7,60.7,0.474,4.237,agricultural_burning
0,6,1,0,99.1,119.19,113.63,34.82,12.05,0.662,2.79,29.7,81.7,0.831,0.306,industrial
10,12,6,1,96.79,198.01,3.55,2.37,-1.45,3.524,1.01,41.9,67.9,0.489,0.669,agricultural_burning
6,10,0,0,194.14,260.64,30.94,36.19,22.14,0.695,0.7,31.3,50.9,0.745,1.169,industrial
10,3,1,0,91.8,109.76,4.28,65.32,29.47,1.155,0.56,24.9,48.6,0.836,15.251,vehicular
18,12,1,0,75.81,101.84,6.66,55.02,34.14,1.116,1.32,22.9,70.6,0.744,8.264,vehicular
23,3,2,0,181.82,261.98,84.92,35.57,26.37,0.48,3.27,27.3,83.3,0.694,0.419,industrial
19,4,2,0,89.06,186.27,2.21,107.32,63.48,2.507,2.19,19.6,66.9,0.478,48.507,vehicular
9,1,5,1,91.52,132.36,21.07,17.16,10.18,0.898,1.01,19.3,62.1,0.691,0.814,seasonal_inversion
20,12,3,0,85.55,156.83,15.11,119.96,86.39,3.081,1.94,23.6,56.2,0.546,7.938,vehicular
3,8,5,1,46.69,54.95,15.64,28.41,16.94,0.397,3.6,15.2,43.2,0.85,1.817,unknown
6,11,5,1,180.05,267.0,106.26,32.96,25.35,0.868,3.46,23.5,71.8,0.674,0.31,industrial
2,7,5,1,178.91,204.02,48.46,30.66,17.68,1.029,2.31,30.1,72.1,0.877,0.633,industrial
10,2,4,0,46.49,71.54,10.75,66.97,47.14,3.399,1.27,34.9,54.5,0.65,6.228,vehicular
4,3,5,1,189.53,273.81,103.0,31.5,21.7,0.802,1.95,31.7,62.5,0.692,0.306,industrial
5,2,3,0,87.02,116.32,21.57,21.71,16.61,0.816,0.88,18.4,73.3,0.748,1.006,seasonal_inversion
0,8,1,0,222.35,278.03,114.47,34.88,23.58,0.579,2.85,26.6,52.7,0.8,0.305,industrial
10,2,3,0,89.02,132.47,-0.97,23.26,12.95,0.799,0.23,6.2,70.3,0.672,5.0,seasonal_inversion
4,11,2,0,157.38,211.83,100.99,42.67,28.09,1.661,2.92,26.5,58.8,0.743,0.423,industrial
23,7,0,0,153.19,146.04,102.11,30.06,16.57,1.042,2.6,30.7,46.9,1.049,0.294,industrial
3,7,0,0,169.44,162.36,45.76,49.85,34.88,1.024,3.79,23.1,74.5,1.044,1.09,industrial
10,11,2,0,100.54,222.2,21.77,3.84,1.19,1.645,2.52,27.0,19.4,0.452,0.177,agricultural_burning
22,6,6,1,180.21,240.28,51.14,38.1,18.21,1.344,1.02,32.9,39.8,0.75,0.745,industrial
19,9,3,0,59.1,94.46,6.71,52.61,37.02,3.373,2.43,29.9,45.8,0.626,7.841,vehicular
20,10,3,0,47.61,49.17,8.33,42.81,24.82,0.577,2.54,36.1,49.3,0.968,5.14,unknown
18,2,4,0,52.15,81.97,6.77,147.45,92.91,2.845,2.13,28.0,61.7,0.636,21.789,vehicular
7,5,4,0,113.02,224.02,6.41,104.31,62.66,2.334,0.81,21.6,53.9,0.505,16.267,vehicular
7,2,6,1,74.77,84.85,9.56,17.85,11.37,0.881,0.58,14.3,76.8,0.881,1.866,seasonal_inversion
14,8,3,0,56.47,64.6,5.39,37.86,29.24,0.087,4.74,22.7,98.0,0.874,7.031,unknown
10,1,5,1,62.0,76.34,15.32,23.09,16.56,0.893,0.53,22.6,82.3,0.812,1.508,seasonal_inversion
14,6,0,0,37.13,68.4,5.05,38.7,31.25,0.602,2.9,26.9,53.5,0.543,7.663,unknown
19,10,4,0,60.58,97.65,14.51,25.04,12.63,0.281,4.71,29.0,60.0,0.62,1.725,unknown
0,8,6,1,145.52,201.43,87.28,31.37,21.56,1.714,3.0,30.3,49.3,0.722,0.359,industrial
9,10,6,1,98.28,265.43,7.22,19.49,9.83,0.319,1.7,33.7,22.2,0.37,2.699,agricultural_burning
15,9,0,0,57.09,69.63,4.3,20.07,13.23,0.435,4.34,34.9,75.4,0.82,4.665,unknown
1,3,0,0,154.61,167.28,83.17,29.73,16.21,0.849,3.22,27.5,43.5,0.924,0.357,industrial
12,12,6,1,182.26,313.19,11.42,13.22,5.03,2.187,4.56,30.1,53.5,0.582,1.157,agricultural_burning
17,6,0,0,98.79,144.33,8.44,47.55,35.13,1.151,2.3,40.8,75.1,0.685,5.637,vehicular
18,9,2,0,52.67,65.45,6.02,80.52,45.76,1.727,0.7,35.2,45.7,0.805,13.378,vehicular
18,4,1,0,111.14,207.61,1.56,27.4,20.39,2.184,3.67,31.3,30.2,0.535,17.538,agricultural_burning
9,11,2,0,87.76,108.67,18.71,8.56,2.2,0.552,0.72,17.6,67.0,0.808,0.458,seasonal_inversion
19,7,2,0,53.59,62.77,2.42,123.72,72.32,4.545,2.51,34.9,65.6,0.854,51.028,vehicular
2,3,4,0,65.79,81.93,12.6,25.43,13.36,0.489,1.66,46.2,50.9,0.803,2.019,unknown
16,10,0,0,39.89,66.9,4.11,37.02,16.37,0.354,4.48,28.6,40.9,0.596,9.015,unknown
11,7,1,0,62.71,58.82,2.19,35.45,13.3,0.56,6.13,25.2,70.2,1.066,16.218,unknown
16,11,6,1,196.25,429.02,7.19,29.77,11.82,1.164,1.3,27.7,22.9,0.457,4.138,agricultural_burning
4,8,0,0,54.88,58.68,9.9,0.6,3.43,0.332,4.41,30.6,76.3,0.935,0.061,unknown
13,10,0,0,117.02,285.73,3.34,17.98,8.28,2.27,2.84,41.2,23.3,0.41,5.384,agricultural_burning
15,11,6,1,145.63,285.74,6.0,1.18,4.11,1.236,3.28,31.1,43.9,0.51,0.196,agricultural_burning
8,4,3,0,73.57,63.84,4.83,41.65,24.39,0.6,2.18,42.2,21.1,1.152,8.626,unknown
1,6,0,0,37.16,37.4,2.2,29.12,14.49,0.779,5.78,30.6,79.5,0.993,13.217,unknown
11,3,1,0,20.82,35.95,-0.0,10.9,4.88,0.491,3.88,26.7,98.0,0.579,5.0,unknown
10,12,6,1,58.46,107.4,9.21,5.77,3.16,1.206,0.87,26.6,90.2,0.544,0.627,seasonal_inversion
6,11,2,0,177.46,246.44,68.5,37.71,25.89,1.009,1.24,36.9,81.0,0.72,0.55,industrial
9,11,3,0,68.23,221.12,13.6,18.73,13.35,1.725,1.37,30.1,29.0,0.309,1.377,agricultural_burning
10,4,3,0,171.44,292.48,10.33,21.53,16.41,2.333,3.17,34.5,52.0,0.586,2.085,agricultural_burning
6,12,5,1,102.52,143.74,3.31,39.06,26.61,1.14,1.38,15.5,76.6,0.713,11.806,seasonal_inversion
16,12,5,1,269.49,363.62,8.12,23.36,14.49,1.79,1.75,29.8,46.6,0.741,2.876,agricultural_burning
0,4,3,0,110.58,138.17,51.48,26.4,11.09,1.154,2.81,24.3,88.1,0.8,0.513,industrial
7,2,3,0,73.77,72.13,19.05,22.2,11.56,0.197,0.99,16.4,73.2,1.023,1.165,seasonal_inversion
10,10,4,0,93.65,171.89,4.7,43.2,29.66,3.308,2.82,35.2,49.3,0.545,9.19,vehicular
18,12,0,0,53.85,75.73,2.0,98.81,71.17,3.887,2.27,29.5,68.9,0.711,49.418,vehicular
2,2,5,1,111.24,122.12,46.36,11.32,3.35,0.467,2.24,34.3,52.8,0.911,0.244,industrial
2,9,5,1,161.01,217.88,87.02,21.95,13.81,0.099,1.39,27.6,89.7,0.739,0.252,industrial
10,2,3,0,22.7,22.85,2.35,-4.65,-2.01,0.653,2.38,34.1,84.9,0.993,-1.984,unknown
9,3,6,1,44.49,54.98,11.9,8.52,-2.35,0.549,2.94,27.3,32.7,0.809,0.716,unknown
7,11,4,0,31.18,60.49,8.92,33.83,31.06,0.135,1.35,8.3,80.2,0.516,3.793,seasonal_inversion
6,1,1,0,67.49,137.82,9.16,29.64,13.3,0.82,0.22,13.6,62.1,0.49,3.237,seasonal_inversion
13,3,2,0,98.86,181.56,11.93,29.16,19.86,2.078,4.72,22.2,39.2,0.544,2.444,agricultural_burning
8,1,1,0,77.82,127.79,4.02,23.55,20.72,1.304,0.99,21.9,72.4,0.609,5.86,seasonal_inversion
5,10,6,1,123.33,130.74,45.29,13.84,4.85,0.928,2.97,24.4,74.3,0.943,0.306,industrial
11,12,3,0,143.87,337.46,4.03,11.68,4.33,0.413,1.12,28.0,25.1,0.426,2.898,agricultural_burning
18,3,2,0,107.01,173.32,15.8,19.42,4.27,2.389,3.99,38.6,20.6,0.617,1.229,agricultural_burning
3,4,6,1,183.87,334.53,88.57,21.68,17.77,0.514,3.63,15.7,64.0,0.55,0.245,industrial
18,12,3,0,63.73,122.61,6.87,124.01,66.39,1.999,2.35,23.9,32.0,0.52,18.059,vehicular
16,11,0,0,1.89,6.96,-1.25,7.99,2.77,0.304,6.24,24.2,63.0,0.272,5.0,unknown
3,10,6,1,150.12,178.24,78.96,31.71,17.85,0.356,2.65,30.8,47.3,0.842,0.402,industrial
7,1,4,0,82.83,170.9,7.9,69.68,48.37,3.07,1.57,25.1,55.9,0.485,8.817,vehicular
17,12,4,0,71.05,108.79,9.59,56.7,39.41,3.738,0.75,18.6,43.4,0.653,5.914,vehicular
4,2,2,0,201.15,236.19,39.13,40.26,29.8,1.174,3.98,24.0,50.9,0.852,1.029,industrial
8,11,4,0,119.81,165.74,11.98,24.72,18.0,1.234,0.58,21.3,56.7,0.723,2.064,seasonal_inversion
13,12,1,0,48.19,76.0,5.38,23.83,10.63,0.182,4.63,30.6,57.3,0.634,4.431,unknown
3,2,4,0,167.33,215.71,93.75,62.47,34.5,1.015,2.08,26.4,76.3,0.776,0.666,industrial
3,2,5,1,210.59,281.98,102.06,42.22,29.04,1.239,1.56,26.6,95.9,0.747,0.414,industrial
17,11,1,0,42.82,37.93,3.17,18.24,4.91,0.5,3.74,33.9,57.0,1.129,5.746,unknown
8,1,4,0,81.01,89.75,10.14,6.8,1.71,0.059,5.89,35.6,64.1,0.903,0.671,unknown
7,11,1,0,45.22,51.97,6.24,114.71,71.28,2.249,1.77,33.6,51.7,0.87,18.371,vehicular
7,2,3,0,104.5,150.03,8.74,41.64,26.16,1.301,0.04,18.0,57.7,0.697,4.765,seasonal_inversion
17,11,5,1,137.19,337.26,7.2,15.73,6.83,2.397,1.92,29.1,79.6,0.407,2.183,agricultural_burning
17,3,1,0,64.63,119.94,6.14,131.68,70.85,2.909,0.69,35.0,50.0,0.539,21.454,vehicular
18,12,4,0,246.03,401.42,10.3,20.86,12.25,1.964,1.81,35.7,37.5,0.613,2.026,agricultural_burning
15,11,0,0,127.2,240.34,2.9,25.21,13.12,1.036,1.23,30.3,45.4,0.529,8.683,agricultural_burning
19,9,0,0,94.79,164.08,7.61,104.74,60.02,3.703,2.17,25.6,64.0,0.578,13.768,vehicular
8,10,1,0,51.29,69.99,7.95,74.92,53.05,1.636,2.46,32.4,39.1,0.733,9.419,vehicular
12,7,3,0,49.65,47.79,12.81,9.51,2.48,0.434,1.75,34.4,83.0,1.039,0.742,unknown
8,10,3,0,50.21,115.11,6.13,116.96,73.64,4.216,0.73,28.7,47.6,0.436,19.073,vehicular
12,3,0,0,100.29,185.01,7.39,21.15,13.68,2.081,1.49,32.7,57.0,0.542,2.861,agricultural_burning
11,4,4,0,290.67,433.78,11.21,38.39,22.64,2.418,3.52,37.9,39.2,0.67,3.426,agricultural_burning
10,11,2,0,72.94,153.81,6.26,9.09,4.88,2.148,2.96,37.3,51.2,0.474,1.454,agricultural_burning
11,5,2,0,25.12,18.55,11.21,2.07,2.48,0.815,7.79,31.1,43.5,1.354,0.184,unknown
3,2,1,0,134.76,179.77,101.12,8.7,5.01,1.069,3.95,28.9,20.0,0.75,0.086,industrial
5,2,5,1,87.28,111.57,16.01,26.76,12.48,1.016,0.13,18.4,98.0,0.782,1.672,seasonal_inversion
9,11,1,0,116.42,174.93,12.62,42.55,27.25,0.234,0.57,19.7,56.2,0.665,3.373,seasonal_inversion
0,1,4,0,33.98,63.64,7.0,21.02,16.05,0.333,5.56,39.5,92.4,0.534,3.004,unknown
2,12,1,0,117.56,162.02,108.79,40.22,28.95,0.833,1.85,15.1,54.3,0.726,0.37,industrial
7,4,4,0,31.48,66.49,5.8,138.49,89.66,2.811,2.29,27.8,79.4,0.474,23.889,vehicular
10,8,2,0,59.32,107.09,5.58,92.23,62.57,1.245,2.61,39.8,60.8,0.554,16.54,vehicular
5,11,5,1,93.54,133.95,12.14,32.49,14.11,1.101,0.75,13.5,96.5,0.698,2.677,seasonal_inversion
0,8,6,1,167.01,221.08,63.34,40.94,34.3,0.629,1.36,30.6,61.1,0.755,0.646,industrial
18,12,6,1,155.71,254.91,8.65,36.24,17.13,1.773,1.05,20.1,22.6,0.611,4.191,agricultural_burning
7,11,3,0,150.77,190.78,16.92,41.96,19.36,0.956,0.59,30.7,67.1,0.79,2.48,seasonal_inversion
9,12,0,0,99.52,133.02,6.08,104.88,77.36,2.774,2.74,29.1,57.8,0.748,17.241,vehicular
14,12,2,0,125.03,193.81,10.71,19.02,9.19,1.667,3.32,21.5,71.4,0.645,1.776,agricultural_burning
4,4,4,0,198.16,234.82,87.38,15.95,8.17,0.484,2.73,28.3,46.0,0.844,0.183,industrial
22,5,6,1,154.17,246.42,69.77,28.53,18.76,0.649,3.21,31.3,61.6,0.626,0.409,industrial
3,4,1,0,172.58,230.93,61.67,26.53,17.57,0.763,2.1,36.0,86.4,0.747,0.43,industrial
19,1,4,0,71.26,111.37,-0.31,122.9,68.23,2.467,0.67,37.9,43.7,0.64,5.0,vehicular
19,4,1,0,57.36,77.91,4.42,90.85,51.98,1.136,0.61,24.1,54.0,0.736,20.54,vehicular
5,12,0,0,109.89,152.94,12.62,39.39,24.38,0.644,0.88,20.9,94.9,0.718,3.121,seasonal_inversion
7,12,0,0,45.02,63.64,6.6,34.97,27.78,0.181,5.04,32.6,57.8,0.707,5.302,unknown
1,2,5,1,153.17,206.66,39.07,-2.6,-0.95,0.682,1.13,38.1,58.3,0.741,-0.066,industrial
17,3,2,0,81.35,107.62,7.2,73.6,54.47,2.57,1.89,41.3,50.9,0.756,10.228,vehicular
16,12,1,0,213.51,362.91,4.9,13.62,10.15,1.842,3.42,34.7,77.3,0.588,2.779,agricultural_burning
13,9,3,0,13.45,8.89,8.34,5.31,4.56,0.597,5.69,45.6,34.8,1.512,0.637,unknown
0,4,4,0,123.55,159.21,66.8,18.88,9.82,0.765,0.9,26.0,72.3,0.776,0.283,industrial
20,10,1,0,113.73,165.98,8.51,53.29,35.53,2.667,0.58,35.1,55.3,0.685,6.261,vehicular
6,5,2,0,133.12,199.61,73.64,26.81,13.58,0.873,2.08,14.9,64.6,0.667,0.364,industrial
9,2,4,0,117.76,195.54,14.12,18.35,6.68,0.818,1.36,15.8,62.6,0.602,1.299,seasonal_inversion
9,1,0,0,74.68,157.97,8.03,98.93,65.08,2.357,2.89,33.5,72.5,0.473,12.313,vehicular
8,1,0,0,120.48,214.1,11.19,37.19,22.14,1.578,0.76,20.4,60.1,0.563,3.324,seasonal_inversion
2,6,2,0,139.84,138.68,30.86,51.89,33.85,1.292,0.62,23.4,68.8,1.008,1.682,industrial
12,10,6,1,167.03,328.4,10.99,40.22,28.62,1.6,1.99,24.3,66.6,0.509,3.658,agricultural_burning
0,1,2,0,48.56,81.3,12.4,22.6,12.19,0.516,2.61,36.1,47.4,0.597,1.822,unknown
17,3,5,1,75.76,218.97,4.41,12.86,9.98,2.35,1.13,32.0,38.4,0.346,2.914,agricultural_burning
9,11,5,1,114.65,254.41,7.37,20.41,9.04,1.015,4.95,32.1,47.7,0.451,2.77,agricultural_burning
1,3,3,0,180.26,260.14,45.87,49.77,40.65,0.927,1.6,32.6,78.1,0.693,1.085,industrial
7,6,3,0,40.99,48.42,9.62,24.12,14.16,0.443,7.16,28.2,93.2,0.847,2.506,unknown
10,4,5,1,111.81,255.11,5.2,26.48,16.95,0.859,2.15,28.5,17.0,0.438,5.09,agricultural_burning
9,12,4,0,92.03,122.77,5.92,107.49,76.5,2.358,0.51,36.2,45.5,0.75,18.163,vehicular
10,8,2,0,70.27,116.98,7.48,61.51,45.32,2.675,1.8,25.9,47.2,0.601,8.222,vehicular
10,9,3,0,95.62,147.58,0.65,157.09,100.43,2.516,2.44,24.5,54.2,0.648,242.396,vehicular
18,5,2,0,64.42,93.77,6.56,77.07,51.7,3.886,2.98,28.9,50.1,0.687,11.748,vehicular
6,3,3,0,148.05,142.57,74.64,17.98,7.19,0.577,0.99,33.3,56.5,1.038,0.241,industrial
9,2,6,1,105.54,156.36,9.26,20.59,11.15,0.778,1.1,19.9,56.7,0.675,2.225,seasonal_inversion
9,2,0,0,74.98,107.87,9.15,40.15,18.17,0.883,1.45,19.2,81.8,0.695,4.389,seasonal_inversion
9,8,2,0,111.53,178.99,1.44,148.33,80.64,3.026,1.31,24.4,50.8,0.623,102.937,vehicular
9,10,6,1,194.77,403.35,6.28,16.24,7.37,1.267,1.57,37.2,80.4,0.483,2.585,agricultural_burning
6,1,3,0,113.48,151.52,12.89,14.32,9.23,0.994,1.43,20.0,86.0,0.749,1.11,seasonal_inversion
14,4,2,0,209.68,296.24,-0.09,15.99,12.89,2.386,4.47,32.0,43.0,0.708,5.0,agricultural_burning
6,5,3,0,187.5,217.34,88.64,41.73,20.66,0.766,1.68,34.6,55.6,0.863,0.471,industrial
10,11,3,0,94.54,136.46,18.39,41.57,25.78,1.22,0.51,15.9,98.0,0.693,2.261,seasonal_inversion
6,3,1,0,167.26,239.53,65.57,30.92,26.19,0.922,0.56,25.5,84.6,0.698,0.472,industrial
3,2,5,1,171.46,216.32,68.4,37.85,24.77,0.395,2.66,31.8,70.5,0.793,0.553,industrial
14,8,0,0,13.88,35.24,9.1,17.77,10.42,0.46,7.43,36.6,89.6,0.394,1.952,unknown
17,9,0,0,42.31,65.78,9.84,24.97,20.28,0.543,7.07,23.0,92.5,0.643,2.538,unknown
9,10,6,1,116.14,273.06,11.99,27.36,18.81,2.753,3.4,31.5,47.4,0.425,2.282,agricultural_burning
12,11,5,1,52.72,72.58,16.02,7.35,3.28,0.32,2.58,30.8,79.2,0.726,0.459,unknown
9,10,3,0,195.66,380.23,8.81,22.36,14.52,1.346,4.71,28.0,60.9,0.515,2.539,agricultural_burning
18,9,1,0,88.88,172.03,8.08,130.45,64.89,2.451,0.71,32.5,50.6,0.517,16.143,vehicular
14,4,5,1,126.82,241.8,13.19,23.9,17.3,1.808,1.23,37.9,33.3,0.524,1.813,agricultural_burning
8,8,2,0,74.46,117.12,3.25,89.76,54.25,2.665,2.22,34.3,90.0,0.636,27.648,vehicular
17,11,0,0,244.27,379.7,8.23,18.43,11.37,2.036,4.38,34.7,47.2,0.643,2.238,agricultural_burning
5,11,2,0,112.94,153.31,5.85,18.17,9.46,0.85,0.75,16.4,98.0,0.737,3.108,seasonal_inversion
9,2,0,0,39.26,65.31,1.1,38.94,21.85,0.843,0.19,23.6,81.7,0.601,35.535,seasonal_inversion
20,12,1,0,78.18,93.42,0.23,73.1,47.04,2.08,0.82,25.6,33.6,0.837,311.102,vehicular
11,3,1,0,167.68,264.38,15.64,44.75,17.72,2.078,4.81,28.1,40.4,0.634,2.86,agricultural_burning
9,5,1,0,69.12,153.13,3.8,107.71,64.59,2.649,2.54,32.2,50.7,0.451,28.335,vehicular
14,3,0,0,106.53,220.12,4.56,14.34,11.57,3.095,4.51,39.3,55.5,0.484,3.145,agricultural_burning
6,1,5,1,35.79,48.47,23.02,8.49,5.09,0.718,1.23,19.1,75.8,0.738,0.369,seasonal_inversion
8,11,5,1,65.6,108.14,-0.94,45.61,29.13,1.011,0.27,21.9,77.9,0.607,5.0,seasonal_inversion
10,10,2,0,99.86,160.25,5.55,71.56,45.99,2.857,0.71,24.8,39.0,0.623,12.901,vehicular
20,5,4,0,56.43,114.64,10.41,84.07,53.71,0.891,1.66,29.6,37.7,0.492,8.074,vehicular
2,11,3,0,22.05,16.43,3.14,40.7,17.43,0.289,3.55,38.0,32.3,1.342,12.946,unknown
15,10,3,0,185.84,288.91,5.6,13.45,3.02,2.185,3.99,38.0,40.0,0.643,2.4,agricultural_burning
4,3,5,1,151.64,198.04,59.23,46.5,36.71,0.895,3.49,25.1,27.3,0.766,0.785,industrial
12,3,0,0,157.84,254.84,4.69,17.09,5.03,0.732,1.02,30.3,68.0,0.619,3.641,agricultural_burning
9,1,6,1,30.7,64.77,4.25,14.7,10.89,0.228,6.52,37.0,54.2,0.474,3.457,unknown
12,12,1,0,152.51,324.05,9.97,32.93,18.24,2.089,1.28,32.1,33.8,0.471,3.305,agricultural_burning
12,5,6,1,30.56,38.38,8.09,12.34,9.93,0.333,3.4,30.9,61.8,0.796,1.525,unknown
14,10,5,1,131.69,212.97,8.49,37.9,18.9,1.846,1.84,33.9,20.0,0.618,4.463,agricultural_burning
6,11,2,0,98.53,138.6,27.9,26.52,11.26,0.881,0.14,15.7,74.8,0.711,0.951,seasonal_inversion
19,4,1,0,53.28,90.43,9.48,108.31,71.18,1.64,0.59,27.1,54.1,0.589,11.423,vehicular
9,7,3,0,87.98,157.95,3.5,103.65,67.85,3.487,1.06,32.5,47.8,0.557,29.654,vehicular
11,3,2,0,125.77,277.33,10.16,22.15,10.7,2.212,4.28,31.6,49.3,0.453,2.18,agricultural_burning
8,6,1,0,88.2,134.27,9.67,75.74,39.24,3.604,1.24,27.6,51.4,0.657,7.834,vehicular
9,12,0,0,87.21,89.82,12.73,32.07,21.31,1.125,0.14,12.5,80.0,0.971,2.518,seasonal_inversion
6,11,5,1,84.99,98.1,21.14,6.22,8.52,1.365,1.13,10.9,95.9,0.866,0.294,seasonal_inversion
2,11,6,1,170.25,162.18,90.49,29.44,22.01,0.954,1.64,22.3,83.4,1.05,0.325,industrial
14,11,2,0,203.02,288.52,8.5,1.61,0.52,1.647,4.93,36.5,83.0,0.704,0.189,agricultural_burning
10,11,5,1,123.83,163.35,15.18,40.68,26.8,0.532,1.33,16.6,68.7,0.758,2.68,seasonal_inversion
11,4,6,1,185.75,318.52,7.53,12.24,2.54,1.558,3.34,28.2,58.7,0.583,1.626,agricultural_burning
18,12,4,0,165.29,322.25,8.19,16.9,7.11,0.687,3.29,26.0,45.3,0.513,2.063,agricultural_burning
10,3,4,0,68.73,100.38,7.0,96.89,75.02,0.963,2.34,30.2,76.3,0.685,13.835,vehicular
8,11,1,0,27.98,51.35,7.48,7.73,3.03,0.495,1.6,20.1,56.4,0.545,1.033,unknown
14,4,0,0,127.81,227.18,12.51,27.87,14.9,2.136,2.56,32.3,44.2,0.563,2.229,agricultural_burning
11,4,6,1,91.39,226.2,7.2,22.09,13.51,2.637,3.9,40.4,37.6,0.404,3.067,agricultural_burning
9,5,4,0,67.0,127.12,9.0,110.12,72.94,3.312,1.3,24.0,34.8,0.527,12.231,vehicular
11,11,0,0,100.01,187.29,3.94,16.3,10.85,1.598,2.1,29.4,30.9,0.534,4.138,agricultural_burning
6,2,4,0,87.58,119.54,12.0,22.83,16.27,1.005,0.83,21.7,54.1,0.733,1.903,seasonal_inversion
5,2,6,1,56.66,61.63,10.99,53.97,39.88,0.68,0.32,11.5,77.5,0.919,4.911,seasonal_inversion
3,8,4,0,27.3,22.04,5.17,34.9,25.4,0.234,6.17,27.7,59.0,1.238,6.744,unknown
8,12,2,0,64.01,142.05,6.58,73.36,32.8,3.748,0.59,33.1,67.5,0.451,11.152,vehicular
9,2,4,0,118.95,175.18,7.72,33.79,30.02,0.89,1.26,20.0,94.2,0.679,4.376,seasonal_inversion
17,6,2,0,50.19,52.53,2.13,79.38,50.35,2.348,1.99,34.1,82.7,0.956,37.225,vehicular
20,7,4,0,63.37,116.36,4.38,63.94,48.86,1.585,2.43,35.7,48.3,0.545,14.594,vehicular
18,11,1,0,26.12,68.03,1.19,70.99,42.54,0.906,1.04,42.2,56.8,0.384,59.664,vehicular
2,4,5,1,157.77,197.65,72.8,52.78,35.21,0.921,3.16,22.0,56.4,0.798,0.725,industrial
2,1,0,0,10.82,4.38,6.74,6.87,2.54,0.195,5.53,30.2,84.0,2.469,1.02,unknown
13,3,2,0,38.78,52.24,2.29,19.88,17.63,0.391,1.8,24.9,81.1,0.742,8.694,unknown
9,2,5,1,99.32,118.73,6.41,4.64,3.71,0.563,1.32,21.9,98.0,0.836,0.725,seasonal_inversion
5,1,6,1,116.98,146.68,42.88,35.4,17.56,0.913,3.05,30.8,70.9,0.798,0.826,industrial
9,2,1,0,108.16,163.46,21.22,3.37,7.04,0.379,1.17,15.8,68.6,0.662,0.159,seasonal_inversion
23,7,5,1,174.71,184.23,75.09,51.71,22.92,0.768,3.72,19.8,64.8,0.948,0.689,industrial
12,10,2,0,137.56,196.37,12.37,19.61,11.69,1.978,3.17,37.1,57.5,0.701,1.585,agricultural_burning
15,10,6,1,41.27,67.73,7.04,41.86,23.8,0.559,3.35,42.7,67.8,0.609,5.944,unknown
3,3,0,0,207.9,231.94,47.39,48.19,29.46,0.952,2.86,24.1,61.2,0.896,1.017,industrial
10,5,3,0,70.97,126.09,5.66,62.6,51.6,2.93,2.61,33.3,39.9,0.563,11.069,vehicular
11,10,1,0,39.77,50.32,8.83,17.9,12.3,0.582,3.26,31.0,71.2,0.79,2.028,unknown
7,11,2,0,101.02,152.04,20.87,22.62,10.58,1.38,1.4,18.4,65.9,0.664,1.084,seasonal_inversion
19,3,3,0,99.28,136.68,10.54,70.69,46.14,2.989,0.83,29.0,34.4,0.726,6.709,vehicular
0,10,3,0,147.14,185.68,92.0,36.4,27.23,0.923,1.27,38.4,88.0,0.792,0.396,industrial
23,12,6,1,178.2,264.62,79.63,-0.81,-2.71,1.014,1.22,32.6,85.0,0.673,-0.01,industrial
23,2,3,0,34.78,37.49,2.31,21.59,17.42,0.319,3.37,30.5,61.3,0.928,9.362,unknown
18,4,1,0,85.84,117.15,7.55,82.25,42.27,2.142,1.14,35.6,90.0,0.733,10.902,vehicular
22,6,6,1,192.57,246.28,74.53,38.23,30.07,1.159,3.24,33.4,67.5,0.782,0.513,industrial
13,3,6,1,11.31,9.17,8.05,16.28,5.54,0.671,2.15,32.1,82.6,1.234,2.022,unknown
9,12,5,1,156.73,258.74,1.31,23.88,12.73,1.997,3.12,35.3,31.8,0.606,18.197,agricultural_burning
23,4,2,0,157.94,212.02,79.13,24.68,18.04,0.783,3.62,25.8,52.6,0.745,0.312,industrial
20,6,5,1,58.45,92.11,17.86,26.75,19.06,0.581,2.24,23.2,79.1,0.635,1.497,unknown
12,3,0,0,115.09,207.12,14.46,16.64,5.99,0.679,1.15,41.9,45.9,0.556,1.15,agricultural_burning
10,1,1,0,39.33,93.58,5.54,77.31,51.67,2.039,2.97,27.6,58.5,0.42,13.96,vehicular
10,12,3,0,84.97,125.89,19.9,51.66,32.82,0.6,0.26,9.4,63.0,0.675,2.595,seasonal_inversion
18,10,4,0,54.79,62.4,9.42,14.54,8.49,0.666,6.2,18.7,69.5,0.878,1.544,unknown
11,11,6,1,135.24,241.06,7.69,17.11,7.0,1.03,1.75,40.6,46.6,0.561,2.226,agricultural_burning
12,4,3,0,174.6,282.15,3.9,35.58,20.44,1.137,4.11,35.9,37.3,0.619,9.127,agricultural_burning
9,12,1,0,69.25,131.84,6.24,57.7,38.23,2.001,0.66,27.6,41.2,0.525,9.247,vehicular
20,1,0,0,38.76,61.38,3.0,58.49,41.05,3.177,1.67,19.9,45.8,0.632,19.5,vehicular
6,6,3,0,-0.15,17.37,10.99,38.1,20.29,0.354,3.6,29.5,72.5,-0.009,3.466,unknown
7,6,0,0,51.79,82.91,9.92,19.31,8.12,0.723,5.51,11.9,77.4,0.625,1.947,unknown
15,3,2,0,191.15,461.64,10.5,18.97,9.48,1.108,4.91,33.0,45.4,0.414,1.806,agricultural_burning
13,4,2,0,126.51,229.26,11.6,10.18,4.01,2.0,3.46,38.0,26.7,0.552,0.878,agricultural_burning
10,3,5,1,99.78,220.71,6.96,35.6,21.59,1.307,3.81,31.6,50.7,0.452,5.115,agricultural_burning
20,10,0,0,36.58,40.73,9.47,17.57,12.13,-0.011,6.1,20.8,21.5,0.898,1.856,unknown
10,10,0,0,67.91,99.42,5.73,109.8,78.51,2.024,1.09,25.3,59.3,0.683,19.16,vehicular
10,10,0,0,126.05,318.96,8.73,38.37,20.43,0.606,3.88,33.1,58.2,0.395,4.395,agricultural_burning
18,12,4,0,223.71,430.97,3.54,4.23,2.34,0.798,3.03,27.8,34.4,0.519,1.194,agricultural_burning
2,6,4,0,150.0,178.97,55.54,17.8,14.34,0.835,3.69,34.6,70.0,0.838,0.321,industrial
18,12,2,0,157.53,316.18,9.27,17.39,13.12,1.54,1.85,31.8,53.6,0.498,1.877,agricultural_burning
10,8,0,0,91.14,151.84,6.87,69.19,43.21,2.024,2.4,25.6,27.0,0.6,10.073,vehicular
19,3,3,0,6.3,14.77,4.13,3.3,-1.16,0.651,6.07,28.0,37.4,0.427,0.798,unknown
10,1,6,1,130.07,178.53,17.0,8.08,3.61,0.419,0.19,11.5,87.7,0.729,0.475,seasonal_inversion
8,5,2,0,75.44,85.06,4.11,138.68,68.86,2.691,1.97,32.2,51.6,0.887,33.768,vehicular
19,3,4,0,49.2,63.28,7.0,14.35,6.6,0.569,6.66,29.5,39.3,0.778,2.05,unknown
6,3,5,1,117.5,135.34,96.93,43.11,22.35,1.438,2.74,30.9,98.6,0.868,0.445,industrial
9,2,1,0,113.02,166.11,11.24,24.15,13.51,1.267,0.87,20.3,78.3,0.68,2.149,seasonal_inversion
9,4,4,0,133.46,292.24,9.26,22.18,14.07,2.434,4.92,31.4,65.0,0.457,2.395,agricultural_burning
1,6,6,1,100.92,146.63,88.21,64.59,43.19,1.184,1.95,23.0,54.0,0.688,0.732,industrial
6,3,4,0,185.69,247.32,78.9,61.99,33.24,0.757,3.61,27.3,73.0,0.751,0.786,industrial
7,1,0,0,102.47,135.06,10.94,44.97,25.3,0.656,0.71,17.2,86.5,0.759,4.11,seasonal_inversion
10,11,1,0,100.05,152.29,5.79,25.29,21.01,1.152,0.94,23.9,61.3,0.657,4.366,seasonal_inversion
14,12,4,0,213.23,281.66,9.72,8.61,5.63,1.36,4.27,26.3,29.6,0.757,0.886,agricultural_burning
6,6,4,0,96.37,164.96,71.73,54.5,26.66,0.598,0.98,28.0,61.9,0.584,0.76,industrial
1,12,1,0,217.12,328.3,79.53,5.75,3.58,0.987,2.9,21.7,60.5,0.661,0.072,industrial
7,7,2,0,76.53,93.7,1.93,85.96,47.69,2.083,1.55,34.9,50.7,0.817,44.569,vehicular
10,5,1,0,89.52,166.83,8.86,92.04,58.47,2.699,1.11,29.4,65.6,0.537,10.393,vehicular
8,1,4,0,83.23,135.07,18.34,41.39,22.38,1.423,1.48,5.7,59.1,0.616,2.257,seasonal_inversion
19,7,5,1,43.94,77.44,4.48,8.73,8.61,0.461,1.97,34.9,83.6,0.567,1.949,unknown
14,3,0,0,196.77,396.38,5.65,34.31,15.6,1.465,3.86,29.8,62.7,0.496,6.074,agricultural_burning
15,12,5,1,178.92,270.35,8.12,18.44,16.69,1.565,4.19,27.8,19.6,0.662,2.271,agricultural_burning
2,7,6,1,155.84,185.62,54.51,21.43,16.54,1.128,3.68,26.3,57.5,0.84,0.393,industrial
2,8,4,0,31.35,31.62,5.82,3.06,0.66,0.398,4.32,23.5,78.8,0.991,0.526,unknown
7,1,3,0,118.88,129.56,8.5,12.71,5.87,1.219,1.1,16.4,80.1,0.918,1.496,seasonal_inversion
5,12,1,0,122.14,189.22,6.96,20.57,9.44,0.206,1.13,8.9,98.0,0.645,2.953,seasonal_inversion
1,11,4,0,99.38,127.3,116.29,23.33,13.91,0.74,2.71,21.5,82.3,0.781,0.201,industrial
9,11,5,1,244.89,393.73,5.58,9.1,-0.86,2.111,2.42,36.9,69.5,0.622,1.632,agricultural_burning
14,11,2,0,123.57,287.85,13.21,33.56,16.61,2.878,3.72,32.3,60.6,0.429,2.54,agricultural_burning
7,2,5,1,91.84,112.93,10.74,21.71,15.42,0.89,1.02,22.3,62.2,0.813,2.021,seasonal_inversion
9,7,6,1,18.91,16.32,1.37,24.05,12.68,0.3,7.46,29.4,70.2,1.159,17.513,unknown
0,9,5,1,162.23,233.06,73.69,26.27,11.33,0.943,2.24,24.8,70.0,0.696,0.357,industrial
10,11,3,0,95.21,159.04,8.34,70.91,38.61,1.2,1.27,30.6,62.7,0.599,8.501,vehicular
1,2,1,0,19.85,25.99,4.78,19.48,7.74,0.433,1.81,26.3,32.0,0.764,4.074,unknown
0,2,1,0,12.38,13.49,4.1,18.59,12.19,0.255,1.3,27.9,78.8,0.918,4.538,unknown
0,12,2,0,103.9,123.04,56.76,7.59,8.9,0.342,1.6,23.2,63.3,0.844,0.134,industrial
4,1,5,1,123.57,114.36,87.81,8.88,3.85,0.942,2.09,22.3,58.2,1.081,0.101,industrial
12,3,6,1,200.85,368.21,13.36,27.31,13.93,1.654,2.07,35.6,53.3,0.545,2.044,agricultural_burning
0,7,2,0,168.75,207.78,92.14,37.72,32.54,1.428,1.45,23.1,44.5,0.812,0.409,industrial
5,5,0,0,3.55,9.43,6.29,21.23,10.61,0.539,5.21,31.7,60.6,0.377,3.372,unknown
10,2,2,0,111.75,120.31,15.75,39.3,12.61,0.921,1.37,17.3,75.1,0.929,2.495,seasonal_inversion
10,3,2,0,81.86,186.14,-0.13,45.73,33.35,3.89,2.01,33.6,50.6,0.44,5.0,vehicular
10,2,1,0,74.12,122.14,5.59,94.21,58.09,2.337,2.85,30.3,46.6,0.607,16.84,vehicular
12,12,3,0,123.29,225.82,12.68,31.77,14.99,1.36,1.02,31.2,31.4,0.546,2.506,agricultural_burning
9,1,0,0,136.59,197.52,15.29,11.11,8.56,0.303,0.92,11.9,88.5,0.692,0.727,seasonal_inversion
8,4,0,0,26.74,31.44,4.37,28.94,19.24,0.686,5.09,20.8,36.7,0.851,6.628,unknown
22,5,4,0,152.83,209.36,73.33,40.84,27.34,0.685,1.54,26.0,43.3,0.73,0.557,industrial
14,7,5,1,34.62,68.92,4.4,25.02,15.22,0.507,6.24,37.8,57.2,0.502,5.684,unknown
1,6,2,0,105.06,166.24,78.83,27.38,16.06,1.469,1.56,27.9,39.8,0.632,0.347,industrial
11,10,3,0,178.01,314.57,7.19,37.77,18.75,2.065,2.47,29.3,26.1,0.566,5.25,agricultural_burning
20,3,1,0,22.02,26.34,5.98,10.0,5.65,0.399,6.87,37.7,52.8,0.836,1.671,unknown
9,11,3,0,63.16,112.13,7.62,28.46,10.04,0.205,0.13,21.6,72.7,0.563,3.734,seasonal_inversion
5,11,1,0,122.64,162.87,7.36,17.17,14.59,1.079,0.47,15.0,77.0,0.753,2.333,seasonal_inversion
3,11,1,0,182.82,190.43,118.91,43.26,31.59,1.12,3.55,27.7,80.1,0.96,0.364,industrial
10,10,2,0,92.45,191.28,0.83,18.47,8.44,1.228,3.81,25.8,38.3,0.483,22.215,agricultural_burning
12,6,2,0,51.69,97.1,15.5,-1.4,-1.28,0.46,5.61,20.2,50.4,0.532,-0.09,unknown
9,1,1,0,67.14,85.67,12.65,32.19,16.76,1.08,0.08,22.0,72.4,0.784,2.544,seasonal_inversion
5,2,1,0,87.09,139.24,14.1,36.04,19.03,0.479,0.39,19.8,71.0,0.625,2.557,seasonal_inversion
9,11,3,0,156.42,311.3,4.38,25.48,13.72,2.391,4.92,26.2,49.9,0.502,5.822,agricultural_burning
5,1,2,0,83.92,142.55,6.88,32.84,25.24,0.809,0.12,25.4,63.6,0.589,4.774,seasonal_inversion
19,8,3,0,112.0,182.0,10.92,103.0,70.92,2.69,1.82,34.1,85.7,0.615,9.432,vehicular
18,9,1,0,31.39,72.41,4.86,36.69,25.8,0.623,1.62,38.4,58.0,0.433,7.549,unknown
1,10,4,0,167.36,244.99,118.5,12.89,7.39,0.065,1.9,26.2,60.1,0.683,0.109,industrial
22,8,5,1,241.95,330.31,88.92,41.01,20.84,0.487,3.03,29.6,63.2,0.732,0.461,industrial
9,12,2,0,113.27,234.82,5.32,30.7,15.81,2.997,4.34,32.3,32.8,0.482,5.771,agricultural_burning
9,2,6,1,57.45,65.83,17.35,14.64,7.72,0.733,1.31,14.4,67.2,0.873,0.844,seasonal_inversion
10,10,0,0,85.46,152.09,9.67,147.01,76.93,2.471,2.59,35.9,62.1,0.562,15.197,vehicular
8,5,2,0,45.29,87.22,8.84,13.11,11.58,0.448,7.12,36.6,75.9,0.519,1.483,unknown
23,6,3,0,221.42,267.89,72.47,25.47,16.07,1.211,1.99,21.3,65.5,0.827,0.351,industrial
10,1,5,1,68.49,93.67,23.32,40.72,28.54,0.671,0.96,16.1,77.7,0.731,1.746,seasonal_inversion
4,10,2,0,10.63,29.5,1.76,7.76,5.48,0.289,3.01,23.5,39.9,0.36,4.412,unknown
8,1,0,0,63.54,96.05,7.69,131.59,69.09,2.198,0.88,29.4,26.0,0.662,17.118,vehicular
10,1,4,0,33.03,56.27,9.29,70.85,36.9,2.489,2.44,28.0,28.5,0.587,7.625,vehicular
17,2,0,0,74.77,99.99,6.92,86.85,61.03,2.313,2.36,20.9,50.2,0.748,12.559,vehicular
3,10,2,0,119.8,170.94,68.1,59.33,32.82,1.037,0.74,34.2,58.9,0.701,0.871,industrial
9,12,6,1,104.46,157.89,8.39,30.04,21.33,1.211,1.11,20.4,82.8,0.662,3.58,seasonal_inversion
16,4,1,0,97.29,157.83,6.87,24.89,14.89,1.127,2.13,38.3,48.8,0.616,3.622,agricultural_burning
18,3,1,0,186.2,316.57,4.11,10.58,7.99,1.964,2.26,31.6,34.2,0.588,2.573,agricultural_burning
12,4,2,0,131.51,200.78,-1.29,16.73,10.45,2.128,3.11,33.9,39.7,0.655,5.0,agricultural_burning
23,3,2,0,183.87,236.16,88.17,33.18,26.85,0.585,1.22,28.3,81.5,0.779,0.376,industrial
8,2,5,1,67.42,93.28,5.62,25.5,16.61,1.423,1.42,23.8,75.0,0.723,4.539,seasonal_inversion
20,12,0,0,39.35,41.84,7.09,31.56,30.19,0.34,7.89,25.9,59.4,0.941,4.449,unknown
20,10,6,1,37.2,51.43,7.9,13.04,7.87,0.368,1.55,32.0,41.9,0.723,1.65,unknown
20,5,4,0,63.52,93.64,7.89,50.98,36.53,4.13,2.89,28.3,71.1,0.678,6.465,vehicular
22,12,2,0,192.52,218.38,95.59,42.1,28.22,0.934,1.64,29.4,51.3,0.882,0.44,industrial
17,12,2,0,123.4,243.32,4.5,6.01,2.41,2.972,1.36,26.1,49.8,0.507,1.334,agricultural_burning
7,1,1,0,89.92,139.08,7.81,44.73,26.26,0.235,1.49,22.8,58.7,0.647,5.724,seasonal_inversion
10,1,6,1,55.37,81.82,10.68,17.02,12.8,0.778,5.97,28.0,49.7,0.677,1.594,unknown
22,2,0,0,127.39,180.25,70.9,18.24,11.65,1.033,1.56,22.5,73.4,0.707,0.257,industrial
16,12,6,1,99.25,203.17,6.6,25.66,13.48,2.772,4.87,31.1,60.8,0.488,3.886,agricultural_burning
10,12,3,0,88.6,117.88,9.07,73.33,57.25,1.163,1.19,28.2,43.4,0.752,8.086,vehicular
17,12,0,0,154.46,297.9,19.21,8.8,5.53,2.763,2.66,29.3,46.7,0.518,0.458,agricultural_burning
9,12,3,0,89.5,123.17,4.5,19.99,13.04,1.251,0.01,28.6,63.7,0.727,4.44,seasonal_inversion
0,10,2,0,118.78,160.89,50.7,26.18,21.3,0.789,1.87,27.4,60.1,0.738,0.516,industrial
1,8,1,0,133.51,158.28,72.48,43.08,30.39,0.708,3.59,25.6,73.3,0.844,0.594,industrial
7,11,6,1,70.7,91.03,14.1,20.85,14.3,0.919,1.13,19.5,54.9,0.777,1.479,seasonal_inversion
8,2,4,0,93.39,148.61,12.19,40.75,25.96,0.947,1.14,11.0,81.7,0.628,3.343,seasonal_inversion
19,3,4,0,69.42,102.49,5.46,63.95,32.19,3.162,1.78,24.3,80.7,0.677,11.716,vehicular
9,12,4,0,232.68,398.69,4.68,3.15,-0.31,1.624,3.5,35.2,70.5,0.584,0.672,agricultural_burning
22,11,1,0,175.49,234.15,55.97,27.46,16.21,0.774,1.55,14.2,42.0,0.749,0.491,industrial
9,2,3,0,80.03,111.02,3.97,8.73,-0.4,0.876,0.06,24.6,69.8,0.721,2.201,seasonal_inversion
13,11,3,0,187.82,267.7,11.37,6.57,2.79,1.697,1.37,25.4,81.4,0.702,0.578,agricultural_burning
10,2,1,0,82.9,136.92,8.08,91.92,55.58,4.157,1.23,37.9,38.7,0.605,11.371,vehicular
9,11,2,0,110.22,269.92,6.26,7.29,4.75,1.624,4.63,24.0,52.7,0.408,1.164,agricultural_burning
11,8,0,0,50.43,98.77,2.96,14.09,8.23,0.535,4.89,26.8,54.9,0.511,4.766,unknown
12,4,0,0,133.5,216.29,8.47,36.76,12.47,2.631,3.65,29.1,15.0,0.617,4.338,agricultural_burning
0,2,4,0,106.81,164.07,138.24,46.01,37.3,0.574,3.72,29.1,82.6,0.651,0.333,industrial
6,2,0,0,150.07,236.94,76.8,36.63,28.5,1.088,3.16,27.2,58.9,0.633,0.477,industrial
12,3,2,0,144.12,210.49,3.86,18.48,7.89,2.879,1.46,32.1,31.2,0.685,4.79,agricultural_burning
10,6,0,0,42.32,60.48,4.09,21.26,14.49,0.493,3.44,31.1,51.9,0.7,5.194,unknown
5,2,6,1,109.61,141.47,14.54,12.33,12.52,1.343,0.84,18.4,83.3,0.775,0.848,seasonal_inversion
7,5,4,0,91.1,117.94,0.44,166.05,99.11,2.856,2.58,35.8,49.3,0.772,376.012,vehicular
10,11,0,0,122.22,143.44,4.21,30.47,21.59,1.2,1.09,21.1,71.7,0.852,7.244,seasonal_inversion
20,7,1,0,80.39,134.61,10.24,61.32,35.0,3.09,2.17,26.7,57.8,0.597,5.991,vehicular
10,8,2,0,87.04,176.85,5.51,108.55,75.8,2.422,2.53,31.6,57.8,0.492,19.692,vehicular
12,4,0,0,39.8,42.68,5.31,33.45,26.55,0.366,7.22,20.9,54.6,0.933,6.302,unknown
18,10,3,0,135.89,271.66,6.19,13.48,6.5,2.264,4.89,30.1,38.9,0.5,2.176,agricultural_burning
10,11,2,0,83.95,121.53,8.0,24.37,12.39,1.33,0.04,10.0,63.3,0.691,3.046,seasonal_inversion
0,10,1,0,133.03,133.47,73.74,40.77,28.79,0.734,3.91,25.0,75.0,0.997,0.553,industrial
16,11,1,0,112.82,263.49,13.42,16.88,5.45,1.887,2.73,34.2,33.2,0.428,1.258,agricultural_burning
6,10,1,0,189.42,264.86,90.92,40.5,23.18,0.653,3.03,29.1,52.9,0.715,0.445,industrial
11,11,6,1,92.99,219.98,16.09,12.61,7.04,2.265,4.54,28.4,34.0,0.423,0.784,agricultural_burning
17,10,3,0,243.45,367.03,1.91,11.66,7.98,1.774,3.54,39.8,58.9,0.663,6.104,agricultural_burning
10,11,6,1,153.24,367.71,9.37,23.06,12.44,1.445,3.54,39.6,30.6,0.417,2.46,agricultural_burning
7,2,0,0,102.91,168.83,8.14,19.61,18.27,1.164,0.93,20.3,98.0,0.61,2.41,seasonal_inversion
5,1,5,1,131.92,152.3,5.03,16.47,11.05,1.687,0.5,19.5,74.5,0.866,3.275,seasonal_inversion
16,4,4,0,294.34,435.09,14.53,14.86,8.15,1.448,3.58,31.4,47.1,0.676,1.023,agricultural_burning
2,1,3,0,176.36,256.77,69.02,40.45,30.37,1.093,2.39,25.7,50.9,0.687,0.586,industrial
7,1,1,0,63.43,106.63,1.28,131.45,81.34,2.306,1.43,25.9,32.6,0.595,102.981,vehicular
10,4,2,0,35.59,30.07,12.87,36.36,26.93,0.661,3.34,35.5,64.7,1.184,2.825,unknown
10,11,6,1,149.05,233.57,9.06,12.91,8.44,0.9,4.14,36.6,57.8,0.638,1.425,agricultural_burning
8,11,1,0,73.83,104.22,13.92,42.2,23.98,0.651,1.21,13.8,58.9,0.708,3.032,seasonal_inversion
16,12,1,0,209.5,356.82,7.17,26.97,12.48,1.968,4.21,28.1,54.2,0.587,3.764,agricultural_burning
18,12,2,0,234.29,341.25,6.04,17.04,7.97,1.034,2.88,20.7,75.1,0.687,2.823,agricultural_burning
8,1,4,0,73.92,145.6,4.8,63.92,44.63,2.004,1.93,26.4,26.9,0.508,13.324,vehicular
6,1,1,0,142.75,156.3,85.65,53.34,31.26,0.179,0.86,27.2,52.4,0.913,0.623,industrial
9,11,4,0,84.08,79.46,13.75,3.6,3.39,1.356,0.62,26.5,70.3,1.058,0.262,seasonal_inversion
5,1,5,1,121.07,140.68,101.67,17.47,15.38,0.903,3.14,37.2,43.9,0.861,0.172,industrial
6,10,6,1,174.62,190.35,85.05,51.73,28.66,0.723,1.25,23.4,35.4,0.917,0.608,industrial
14,2,0,0,57.31,66.76,4.34,34.3,13.45,0.553,1.61,21.3,62.4,0.858,7.899,unknown
7,2,1,0,77.75,109.76,18.18,44.9,34.52,0.826,0.64,31.8,80.7,0.708,2.469,seasonal_inversion
2,8,4,0,184.14,253.54,80.51,58.03,40.7,0.815,1.13,38.9,90.4,0.726,0.721,industrial
2,11,2,0,50.32,80.18,4.88,12.26,5.31,0.418,5.3,38.3,51.2,0.628,2.511,unknown
10,11,4,0,105.12,149.62,6.68,23.0,17.32,0.569,0.87,27.4,76.8,0.703,3.443,seasonal_inversion
18,11,6,1,204.1,363.47,11.24,24.87,14.45,2.18,2.33,31.3,40.8,0.562,2.214,agricultural_burning
9,8,0,0,91.06,115.89,12.89,88.41,74.69,1.907,1.12,32.8,73.5,0.786,6.86,vehicular
2,9,5,1,182.02,290.74,62.92,2.96,-1.58,0.949,0.77,33.8,63.7,0.626,0.047,industrial
0,2,6,1,172.84,278.87,95.63,30.09,13.03,0.888,1.12,27.4,83.6,0.62,0.315,industrial
12,4,3,0,140.99,264.61,12.72,2.48,-0.65,2.343,1.52,30.7,29.9,0.533,0.195,agricultural_burning
7,1,3,0,36.92,57.82,12.29,30.91,24.86,1.043,1.2,14.4,63.4,0.638,2.516,seasonal_inversion
6,1,0,0,90.38,134.43,13.1,25.61,12.24,1.107,0.78,19.7,53.2,0.672,1.955,seasonal_inversion
11,12,3,0,30.61,54.26,5.95,29.07,17.87,0.929,5.88,35.5,85.9,0.564,4.886,unknown
8,2,0,0,95.84,143.8,12.72,45.06,30.29,0.719,1.24,10.7,75.3,0.666,3.541,seasonal_inversion
7,1,6,1,52.82,89.0,9.71,28.3,12.98,1.363,0.16,19.3,62.6,0.593,2.916,seasonal_inversion
10,1,3,0,95.81,114.75,10.9,39.24,19.01,0.905,0.8,18.8,72.0,0.835,3.599,seasonal_inversion
5,1,0,0,93.33,111.17,9.95,35.38,16.73,0.62,0.18,14.1,66.3,0.84,3.556,seasonal_inversion
12,11,2,0,42.44,119.11,10.1,22.44,15.21,2.172,2.85,33.8,54.6,0.356,2.221,agricultural_burning
7,10,4,0,81.52,93.85,5.81,88.3,53.54,2.987,1.89,22.1,59.4,0.869,15.185,vehicular
8,11,5,1,81.63,100.29,8.75,19.23,10.55,0.792,1.28,16.0,89.3,0.814,2.197,seasonal_inversion
7,7,1,0,113.36,177.95,13.63,72.51,36.23,2.476,0.6,34.9,48.5,0.637,5.321,vehicular
2,1,5,1,168.72,198.07,48.06,29.99,25.46,1.243,2.96,31.2,57.9,0.852,0.624,industrial
8,1,4,0,110.03,138.21,5.61,39.09,24.04,0.426,0.05,21.6,98.0,0.796,6.963,seasonal_inversion
0,3,4,0,60.95,59.06,8.57,37.4,28.24,0.535,2.31,29.6,48.1,1.032,4.364,unknown
10,3,1,0,11.94,16.35,8.59,22.49,14.3,0.846,1.32,25.6,49.1,0.73,2.617,unknown
4,8,3,0,53.34,63.06,11.35,24.6,18.41,0.873,6.09,18.5,62.6,0.846,2.167,unknown
4,12,6,1,85.86,118.63,44.47,54.82,27.78,0.754,1.88,36.8,61.3,0.724,1.233,industrial
16,5,3,0,33.15,35.79,7.7,0.55,-0.11,0.343,3.28,37.2,91.1,0.926,0.071,unknown
6,10,1,0,57.89,84.27,48.29,50.74,43.57,0.728,3.31,24.2,61.0,0.687,1.051,industrial
21,9,4,0,82.16,116.75,9.01,24.75,11.22,0.257,7.82,28.4,88.1,0.704,2.746,unknown
8,1,1,0,99.23,144.42,11.76,32.17,21.86,0.703,0.23,10.3,72.5,0.687,2.735,seasonal_inversion
10,12,2,0,68.26,111.65,0.09,71.11,49.14,1.348,1.0,30.9,46.1,0.611,764.989,vehicular
5,6,3,0,177.13,235.12,72.52,25.96,10.56,0.806,2.91,29.5,77.2,0.753,0.358,industrial
15,12,0,0,185.82,362.12,6.29,4.27,7.32,1.235,2.45,27.8,28.7,0.513,0.679,agricultural_burning
20,7,4,0,82.09,147.21,2.99,70.96,55.8,3.586,0.63,35.8,46.6,0.558,23.703,vehicular
7,9,1,0,89.03,168.12,6.23,86.62,59.45,2.687,2.22,26.2,67.3,0.53,13.904,vehicular
3,12,1,0,31.75,32.57,5.54,12.42,9.49,0.551,7.59,28.3,75.1,0.975,2.242,unknown
8,2,3,0,43.65,77.66,13.21,26.47,13.67,0.647,1.18,22.7,66.4,0.562,2.003,unknown
6,11,2,0,106.76,159.22,16.02,36.85,22.6,1.072,1.11,18.0,76.1,0.671,2.3,seasonal_inversion
5,8,2,0,172.86,233.94,83.03,62.43,49.71,1.1,2.98,29.1,64.8,0.739,0.752,industrial
4,11,0,0,35.08,45.36,6.76,30.03,14.49,0.63,1.24,28.0,29.1,0.773,4.441,unknown
5,12,2,0,106.63,140.14,8.61,32.38,21.54,1.443,0.79,10.1,58.5,0.761,3.759,seasonal_inversion
0,5,5,1,139.41,169.44,70.93,63.69,41.24,0.917,2.52,28.2,59.4,0.823,0.898,industrial
6,8,1,0,147.88,174.78,56.71,40.44,19.92,0.78,1.43,26.6,77.1,0.846,0.713,industrial
18,4,4,0,55.59,98.43,7.6,82.56,54.25,3.539,2.89,31.2,67.4,0.565,10.867,vehicular
9,1,0,0,79.41,105.31,6.43,49.52,25.38,2.12,2.68,30.3,42.4,0.754,7.703,vehicular
17,4,3,0,236.18,383.62,13.96,19.62,7.75,2.09,1.93,34.1,63.2,0.616,1.406,agricultural_burning
2,7,6,1,128.78,99.94,74.76,37.8,26.28,0.942,3.58,21.3,87.0,1.289,0.506,industrial
3,5,5,1,46.26,70.16,3.72,13.73,10.68,0.473,3.44,35.9,70.6,0.659,3.688,unknown
14,4,0,0,96.24,194.77,5.99,3.2,4.62,2.082,2.33,31.8,37.7,0.494,0.534,agricultural_burning
10,2,1,0,73.9,128.26,2.79,76.33,56.86,3.559,1.41,30.9,48.2,0.576,27.401,vehicular
8,1,0,0,143.29,204.59,10.28,31.82,23.02,1.101,1.22,19.1,59.3,0.7,3.095,seasonal_inversion
4,2,1,0,105.38,109.05,73.6,49.84,32.61,0.801,2.65,26.3,71.7,0.966,0.677,industrial
8,9,4,0,73.25,139.61,5.85,105.35,58.27,3.828,1.65,38.3,62.4,0.525,18.022,vehicular
10,3,3,0,60.97,85.4,8.18,131.25,75.32,2.584,2.19,30.7,55.2,0.714,16.053,vehicular
7,2,3,0,57.25,106.61,20.84,36.81,32.74,1.322,1.23,12.8,70.3,0.537,1.766,seasonal_inversion
12,3,2,0,152.09,319.18,5.25,22.17,10.75,2.377,4.88,27.5,68.6,0.476,4.221,agricultural_burning
17,4,6,1,226.85,331.46,7.18,16.54,10.36,2.92,2.53,23.8,48.6,0.684,2.304,agricultural_burning
7,12,5,1,84.76,109.55,6.35,25.02,15.76,1.296,1.41,28.0,75.0,0.774,3.942,seasonal_inversion
7,11,1,0,53.65,53.53,14.88,13.18,0.32,1.545,0.38,21.1,64.4,1.002,0.885,seasonal_inversion
17,9,2,0,38.53,53.7,7.01,75.59,43.36,2.498,2.85,30.9,75.0,0.717,10.786,vehicular
23,1,4,0,55.79,67.34,10.83,12.07,6.14,0.633,1.61,31.1,41.0,0.829,1.115,unknown
0,11,3,0,177.44,242.63,92.81,41.81,25.23,0.844,2.44,28.9,60.5,0.731,0.45,industrial
12,11,2,0,132.2,317.33,6.21,3.62,-0.62,1.664,4.44,24.6,44.7,0.417,0.583,agricultural_burning
10,4,4,0,75.26,192.71,2.99,20.57,5.81,0.477,4.1,27.6,36.1,0.391,6.87,agricultural_burning
10,11,5,1,31.3,41.06,15.11,15.37,14.27,0.426,6.51,33.7,98.0,0.762,1.017,unknown
5,7,1,0,184.37,265.19,106.27,44.05,30.48,0.862,1.41,30.2,56.8,0.695,0.414,industrial
6,11,3,0,117.92,132.51,15.55,36.0,25.72,1.072,0.52,17.7,59.4,0.89,2.316,seasonal_inversion
23,12,6,1,184.82,292.17,80.49,32.52,20.21,0.909,3.82,20.8,60.0,0.633,0.404,industrial
6,10,6,1,23.38,30.54,7.03,13.36,7.04,0.514,2.49,34.0,68.7,0.765,1.901,unknown
5,11,3,0,181.22,227.66,68.05,22.21,16.02,0.994,0.9,24.0,64.7,0.796,0.326,industrial
20,6,2,0,125.46,248.78,11.16,78.71,42.49,2.082,1.76,37.8,57.3,0.504,7.055,vehicular
17,10,2,0,226.64,358.39,10.42,12.4,11.57,1.665,4.49,30.9,44.4,0.632,1.19,agricultural_burning
6,11,0,0,60.7,67.92,4.73,57.15,45.77,0.645,0.26,13.8,74.8,0.894,12.075,seasonal_inversion
17,7,1,0,30.04,38.08,14.21,12.62,4.5,0.843,6.91,30.2,29.6,0.789,0.888,unknown
5,12,0,0,97.77,129.11,17.72,39.86,27.39,0.338,0.95,15.6,78.1,0.757,2.249,seasonal_inversion
3,9,2,0,131.77,163.37,84.75,20.52,17.88,0.656,2.23,26.3,56.2,0.807,0.242,industrial
6,4,4,0,119.41,149.71,108.48,20.04,14.96,1.184,3.0,27.2,64.1,0.798,0.185,industrial
16,4,2,0,182.7,348.34,5.69,37.66,10.01,2.699,4.09,34.6,32.9,0.524,6.623,agricultural_burning
6,6,1,0,185.93,228.42,61.57,24.61,13.86,0.961,1.85,27.5,39.0,0.814,0.4,industrial
19,4,1,0,91.42,178.38,9.02,101.74,61.52,2.943,2.57,28.0,41.9,0.512,11.281,vehicular
15,12,4,0,90.7,219.31,8.3,18.24,11.98,1.939,2.59,34.4,35.4,0.414,2.197,agricultural_burning
15,10,3,0,252.57,334.48,15.81,48.56,22.1,1.434,4.59,31.7,33.4,0.755,3.072,agricultural_burning
8,11,5,1,108.86,136.75,15.46,32.64,22.17,0.312,0.88,6.4,89.5,0.796,2.111,seasonal_inversion
11,11,2,0,51.49,71.63,-2.6,37.98,25.84,0.575,5.9,25.5,57.1,0.719,5.0,unknown
10,1,5,1,62.99,58.08,9.71,24.87,17.37,0.855,0.0,20.5,83.0,1.085,2.56,seasonal_inversion
9,11,2,0,50.95,90.15,17.35,27.53,10.46,1.151,1.32,17.4,57.5,0.565,1.586,seasonal_inversion
14,10,5,1,159.54,277.73,9.42,21.36,12.0,2.236,1.9,28.6,61.5,0.574,2.267,agricultural_burning
18,12,0,0,72.13,62.77,0.3,101.97,72.0,1.779,1.39,29.5,55.3,1.149,336.262,vehicular
19,4,5,1,51.55,39.35,16.34,37.85,18.45,0.568,2.61,34.7,47.6,1.31,2.316,unknown
3,7,1,0,37.34,48.68,9.23,8.42,5.84,0.568,1.57,27.3,58.4,0.767,0.912,unknown
17,7,4,0,18.96,30.36,3.07,88.56,52.42,0.749,1.31,35.0,55.7,0.625,28.831,vehicular
1,11,1,0,142.69,203.18,91.14,46.02,30.78,0.499,3.66,23.3,63.8,0.702,0.505,industrial
20,12,2,0,77.59,112.4,6.6,115.78,82.17,2.215,2.6,21.2,54.8,0.69,17.531,vehicular
22,7,6,1,80.6,87.55,47.48,36.29,26.03,0.829,2.55,33.8,57.2,0.921,0.764,industrial
5,2,5,1,52.4,56.88,15.21,43.67,30.65,0.768,0.63,23.8,64.5,0.921,2.872,seasonal_inversion
18,9,0,0,57.57,86.77,6.42,85.34,54.71,2.726,1.6,29.5,68.7,0.664,13.303,vehicular
12,12,3,0,112.27,161.77,4.5,6.07,4.36,1.714,1.6,30.4,51.9,0.694,1.347,agricultural_burning
7,1,6,1,42.91,103.05,2.76,26.16,18.29,0.81,1.04,14.1,90.0,0.416,9.464,seasonal_inversion
18,3,0,0,230.85,400.88,1.78,13.22,7.11,2.439,2.87,31.0,52.9,0.576,7.423,agricultural_burning
6,12,5,1,142.4,143.97,111.85,20.24,14.84,1.003,2.28,32.3,71.1,0.989,0.181,industrial
18,7,4,0,35.93,49.17,4.79,50.21,26.16,3.821,2.25,22.7,50.3,0.731,10.491,vehicular
8,1,4,0,115.27,187.0,10.44,26.71,22.05,0.988,0.71,13.2,84.7,0.616,2.559,seasonal_inversion
5,1,3,0,97.55,116.42,19.6,49.93,36.54,0.686,0.38,19.8,80.8,0.838,2.547,seasonal_inversion
10,1,5,1,112.35,159.26,16.51,27.64,21.29,0.77,0.02,19.8,83.8,0.705,1.674,seasonal_inversion
21,4,1,0,24.75,20.34,12.2,28.85,15.39,0.649,7.43,24.6,37.6,1.217,2.365,unknown
18,12,1,0,25.85,34.64,8.02,14.63,11.18,0.24,3.59,35.5,68.1,0.746,1.825,unknown
5,1,5,1,108.07,127.02,4.6,46.65,34.12,0.54,0.64,16.8,70.4,0.851,10.14,seasonal_inversion
10,3,4,0,35.11,46.58,9.73,50.83,30.43,0.205,5.64,30.6,42.0,0.754,5.227,unknown
20,7,6,1,69.73,86.13,6.76,7.78,5.08,0.2,4.21,38.1,80.2,0.81,1.15,unknown
14,10,2,0,127.04,262.93,0.49,32.57,15.52,2.051,1.75,34.9,60.2,0.483,66.995,agricultural_burning
8,12,0,0,101.2,125.75,3.74,37.6,25.14,1.064,0.98,9.9,60.5,0.805,10.043,seasonal_inversion
16,4,2,0,155.8,262.05,9.75,20.12,14.34,2.139,2.22,36.1,28.1,0.595,2.063,agricultural_burning
20,11,3,0,60.95,139.08,9.89,88.11,59.07,1.907,1.52,32.0,31.0,0.438,8.905,vehicular
10,1,6,1,109.94,153.12,13.76,22.99,15.52,0.99,0.71,24.3,94.3,0.718,1.671,seasonal_inversion
6,11,5,1,70.38,125.05,12.74,7.66,8.08,0.874,0.19,25.3,83.7,0.563,0.601,seasonal_inversion
1,5,2,0,142.87,218.02,50.29,33.45,11.98,0.719,3.63,31.3,72.5,0.655,0.665,industrial
4,1,1,0,166.82,223.37,90.2,57.79,31.12,0.665,1.8,34.9,49.4,0.747,0.641,industrial
0,8,6,1,162.15,146.02,92.31,51.16,25.04,0.491,3.3,23.4,66.5,1.11,0.554,industrial
20,10,0,0,56.41,63.07,4.77,35.28,18.19,0.415,3.14,31.9,66.1,0.894,7.39,unknown
17,11,4,0,106.0,263.69,16.09,21.77,14.46,1.627,1.24,33.8,34.8,0.402,1.353,agricultural_burning
22,3,4,0,23.48,26.87,13.8,21.73,7.6,0.632,6.93,35.0,40.6,0.874,1.575,unknown
7,12,6,1,108.72,160.25,21.9,28.83,21.55,0.476,0.41,21.5,63.3,0.678,1.316,seasonal_inversion
23,4,4,0,19.06,24.94,6.18,10.18,6.5,0.596,2.53,28.4,69.9,0.764,1.648,unknown
12,4,2,0,148.49,277.31,10.98,17.57,11.39,2.031,4.73,35.0,39.6,0.535,1.601,agricultural_burning
15,12,2,0,180.38,356.04,10.82,21.74,11.3,2.204,4.29,24.9,37.7,0.507,2.009,agricultural_burning
7,9,2,0,61.41,93.2,2.75,111.72,85.85,3.184,1.51,28.9,68.9,0.659,40.689,vehicular
19,6,0,0,83.77,171.1,5.69,104.4,62.6,1.074,0.53,26.6,50.7,0.49,18.354,vehicular
12,11,4,0,206.05,327.96,9.74,26.88,12.85,1.936,1.26,27.8,49.4,0.628,2.761,agricultural_burning
6,11,3,0,95.38,124.86,18.38,39.68,21.36,1.313,0.76,16.8,55.6,0.764,2.159,seasonal_inversion
6,12,5,1,155.03,192.57,6.72,17.06,8.14,1.097,1.38,14.5,60.2,0.805,2.537,seasonal_inversion
12,10,5,1,87.0,235.54,14.79,21.9,10.92,1.464,1.47,31.4,62.6,0.369,1.481,agricultural_burning
5,3,2,0,153.66,225.12,41.67,47.38,31.95,0.814,2.1,34.4,50.2,0.683,1.137,industrial
3,11,6,1,44.4,60.99,6.21,27.06,15.21,0.534,1.41,33.3,49.2,0.728,4.358,unknown
13,11,3,0,183.9,327.48,4.6,16.31,10.52,0.983,2.93,28.4,43.5,0.562,3.546,agricultural_burning
9,4,4,0,273.31,402.41,3.97,8.82,4.73,2.973,1.95,37.4,41.5,0.679,2.224,agricultural_burning
9,5,2,0,10.06,-3.94,8.9,84.27,48.15,2.848,0.97,32.3,51.9,0.5,9.464,vehicular
16,9,4,0,32.97,30.07,3.76,22.55,7.23,0.255,5.46,38.3,26.3,1.096,6.004,unknown
22,6,4,0,225.13,272.61,98.27,27.54,15.84,0.984,3.81,26.5,84.2,0.826,0.28,industrial
3,6,0,0,34.35,46.03,10.68,2.63,2.6,0.657,1.55,31.3,68.1,0.746,0.246,unknown
13,2,4,0,35.16,30.78,-2.16,23.39,10.12,0.979,3.73,25.4,19.8,1.142,5.0,unknown
3,10,4,0,193.27,227.8,65.05,23.41,16.56,0.597,1.13,32.5,87.9,0.848,0.36,industrial
11,11,5,1,216.91,327.7,13.03,11.65,3.21,2.158,3.31,35.7,35.9,0.662,0.894,agricultural_burning
18,1,5,1,10.57,24.51,9.12,27.33,9.8,0.621,5.89,24.5,43.0,0.431,2.995,unknown
18,4,3,0,230.91,324.71,15.33,11.56,7.32,2.057,1.21,28.8,49.8,0.711,0.754,agricultural_burning
15,10,6,1,185.7,328.49,8.9,25.83,14.24,2.79,4.1,31.2,29.6,0.565,2.901,agricultural_burning
5,5,3,0,150.8,229.63,74.97,52.62,37.73,0.536,1.07,34.7,76.5,0.657,0.702,industrial
5,5,1,0,120.83,200.54,77.85,41.46,27.07,0.928,1.45,34.3,70.8,0.603,0.532,industrial
19,11,4,0,25.55,43.24,7.82,13.38,4.88,0.24,3.9,27.6,50.1,0.591,1.711,unknown
9,10,5,1,113.81,228.95,16.1,30.65,18.47,2.323,3.26,39.4,47.6,0.497,1.903,agricultural_burning
5,2,0,0,94.38,142.64,6.6,47.07,24.32,1.248,1.18,11.5,75.1,0.662,7.13,seasonal_inversion
13,11,1,0,128.58,304.07,11.14,24.43,14.36,1.461,4.2,40.8,38.4,0.423,2.192,agricultural_burning
17,8,2,0,97.11,177.95,5.45,84.43,60.95,3.501,0.56,27.2,47.3,0.546,15.48,vehicular
8,1,4,0,11.68,11.4,10.97,19.96,9.0,0.701,2.45,25.8,70.4,1.024,1.819,unknown
20,1,4,0,79.12,148.14,4.71,115.96,70.66,1.857,0.79,31.7,48.0,0.534,24.642,vehicular
20,7,1,0,70.92,100.37,1.22,131.1,66.8,2.388,2.55,29.1,61.1,0.707,107.827,vehicular
10,11,0,0,139.2,208.17,19.44,34.35,22.32,0.855,0.98,20.3,75.9,0.669,1.767,seasonal_inversion
2,12,2,0,151.03,224.53,75.34,38.9,22.56,0.829,2.14,30.9,65.7,0.673,0.516,industrial
10,12,1,0,89.65,105.59,6.64,97.91,57.29,2.583,2.89,27.8,49.7,0.849,14.747,vehicular
3,7,1,0,60.07,96.98,-0.38,31.93,17.76,0.723,3.32,24.3,67.3,0.619,5.0,unknown
22,8,4,0,47.86,74.4,4.0,17.08,14.04,0.382,4.2,31.8,53.5,0.643,4.271,unknown
3,10,5,1,167.02,157.2,88.87,34.32,28.2,1.253,3.62,25.8,33.4,1.062,0.386,industrial
6,1,0,0,30.8,36.72,5.42,7.45,6.64,0.434,1.75,26.0,43.6,0.839,1.375,unknown
10,11,6,1,117.31,240.97,8.3,3.32,2.5,0.429,4.37,27.5,38.4,0.487,0.4,agricultural_burning
6,12,4,0,157.41,207.31,53.79,22.08,9.55,0.514,3.49,35.9,82.5,0.759,0.411,industrial
10,12,3,0,46.32,46.55,7.59,33.12,21.27,0.664,1.29,6.4,56.4,0.995,4.361,seasonal_inversion
4,11,3,0,210.61,273.41,51.02,35.64,28.46,0.322,3.8,19.5,70.9,0.77,0.699,industrial
17,4,0,0,113.37,195.42,15.01,12.39,8.13,1.7,2.4,33.0,38.5,0.58,0.825,agricultural_burning
22,10,6,1,51.98,83.03,9.67,27.48,15.7,0.604,2.19,28.7,60.2,0.626,2.842,unknown
0,3,2,0,180.04,175.97,103.85,23.13,10.37,0.651,3.09,25.4,43.3,1.023,0.223,industrial
6,2,4,0,113.34,173.71,5.44,17.29,11.54,1.045,0.16,16.5,77.5,0.652,3.175,seasonal_inversion
6,12,0,0,119.25,156.03,4.32,26.18,13.97,0.747,0.51,26.1,79.5,0.764,6.059,seasonal_inversion
9,1,0,0,54.63,80.53,4.36,23.45,20.54,0.916,0.74,27.3,88.0,0.678,5.376,seasonal_inversion
18,4,1,0,86.65,153.96,11.93,25.02,9.84,1.908,4.17,30.4,43.8,0.563,2.097,agricultural_burning
21,4,2,0,11.55,30.32,2.39,26.54,17.85,0.718,1.36,27.0,84.6,0.381,11.114,unknown
14,10,3,0,110.87,237.42,8.59,35.98,14.21,1.563,4.77,44.2,44.1,0.467,4.187,agricultural_burning
18,7,1,0,39.17,58.98,17.4,14.94,7.39,0.343,4.96,27.3,44.8,0.664,0.859,unknown
8,12,1,0,107.98,138.71,5.36,31.8,22.94,1.125,0.49,18.1,87.6,0.778,5.927,seasonal_inversion
15,11,2,0,204.3,361.75,11.87,36.66,18.7,1.65,3.29,41.3,59.4,0.565,3.087,agricultural_burning
10,10,1,0,31.25,40.99,13.06,15.54,4.89,0.613,5.53,24.5,65.2,0.762,1.19,unknown
5,1,6,1,124.5,141.72,13.2,31.1,24.58,1.026,1.22,16.4,58.2,0.878,2.357,seasonal_inversion
10,10,0,0,50.4,187.12,14.02,38.37,12.42,0.498,4.05,32.5,41.7,0.269,2.736,agricultural_burning
22,5,1,0,45.8,50.94,10.81,1.9,0.41,0.736,3.64,27.6,53.0,0.899,0.175,unknown
7,11,5,1,107.29,181.81,19.3,36.75,24.49,1.361,1.19,18.9,73.0,0.59,1.904,seasonal_inversion
22,3,1,0,138.89,164.09,66.78,29.52,21.26,0.87,2.64,37.9,65.7,0.846,0.442,industrial
20,8,3,0,83.59,147.62,7.72,85.09,48.73,3.38,2.68,35.6,52.6,0.566,11.023,vehicular
10,2,6,1,67.96,93.41,10.1,33.53,16.73,1.336,0.24,17.2,91.8,0.728,3.318,seasonal_inversion
1,4,6,1,169.23,257.82,106.35,47.61,23.14,0.816,2.63,24.8,58.7,0.656,0.448,industrial
2,9,2,0,158.24,211.62,65.69,39.77,24.72,1.44,0.56,24.4,100.0,0.748,0.605,industrial
7,1,0,0,73.25,103.35,4.32,106.62,82.24,2.385,2.94,31.9,20.0,0.709,24.706,vehicular
5,6,3,0,13.75,35.45,7.32,29.3,20.18,0.336,7.48,28.6,28.7,0.388,4.003,unknown
11,10,5,1,164.64,257.49,9.75,9.53,4.73,1.122,2.08,37.8,41.9,0.639,0.978,agricultural_burning
19,8,0,0,109.48,204.43,9.33,101.59,74.83,2.763,1.51,30.2,28.9,0.536,10.884,vehicular
10,10,6,1,5.78,2.77,1.26,38.77,14.6,0.194,5.67,32.0,24.7,2.087,30.881,unknown
8,4,3,0,72.77,154.52,8.18,104.87,70.15,2.937,0.73,30.9,54.5,0.471,12.824,vehicular
1,10,2,0,229.8,334.54,71.91,17.76,11.14,1.46,2.55,27.7,71.2,0.687,0.247,industrial
10,11,1,0,123.94,173.42,12.97,36.89,31.58,0.553,0.01,18.0,81.0,0.715,2.844,seasonal_inversion
20,6,0,0,50.56,94.39,1.98,71.15,36.8,2.164,1.54,30.0,60.2,0.536,35.847,vehicular
4,6,3,0,149.71,163.86,73.38,52.35,38.35,0.994,2.25,19.3,58.7,0.914,0.713,industrial
18,6,1,0,64.03,100.95,6.97,57.2,39.29,2.619,1.62,32.1,53.7,0.634,8.208,vehicular
4,2,1,0,43.22,60.75,5.88,23.4,17.01,0.344,2.02,31.2,43.8,0.711,3.982,unknown
8,2,3,0,36.37,51.24,11.36,44.91,22.73,0.625,2.35,29.1,48.9,0.71,3.952,unknown
17,1,1,0,49.15,96.0,5.91,145.63,81.4,3.821,2.69,22.7,56.5,0.512,24.658,vehicular
18,1,2,0,35.21,40.52,6.33,33.27,17.3,0.737,6.17,34.4,54.5,0.869,5.257,unknown
9,3,1,0,144.73,251.76,11.71,6.99,2.57,1.577,4.5,31.5,55.0,0.575,0.597,agricultural_burning
4,11,4,0,195.03,287.54,86.59,41.79,25.43,0.77,2.63,22.3,38.2,0.678,0.483,industrial
9,5,3,0,40.25,53.33,4.44,110.57,68.43,2.85,0.83,31.4,35.2,0.755,24.914,vehicular
5,2,2,0,122.32,166.23,52.48,50.11,39.76,0.71,0.66,28.1,66.3,0.736,0.955,industrial
18,3,2,0,60.21,106.0,10.41,48.69,27.27,3.178,1.53,35.9,61.2,0.568,4.677,vehicular
9,2,4,0,93.41,130.23,14.93,35.4,29.01,0.735,1.43,13.6,94.7,0.717,2.371,seasonal_inversion
23,2,2,0,190.78,224.49,39.68,30.08,18.03,0.544,0.58,33.2,57.0,0.85,0.758,industrial
20,6,1,0,73.68,90.63,3.35,57.84,34.11,1.896,1.64,35.2,57.1,0.813,17.289,vehicular
18,3,6,1,144.72,314.54,2.73,17.84,5.85,2.527,4.66,38.9,18.4,0.46,6.528,agricultural_burning
13,3,0,0,117.47,199.33,0.33,4.69,0.72,2.161,2.6,30.5,43.7,0.589,14.333,agricultural_burning
4,5,1,0,207.83,293.82,74.21,25.6,20.69,0.895,3.4,24.4,78.1,0.707,0.345,industrial
15,4,4,0,155.95,274.27,6.85,33.98,13.59,1.075,3.56,28.4,48.9,0.569,4.963,agricultural_burning
19,11,1,0,91.19,111.01,8.06,64.8,38.01,1.996,0.64,26.1,60.8,0.821,8.039,vehicular
10,11,0,0,94.18,121.01,12.78,16.42,12.06,1.343,0.61,18.6,84.4,0.778,1.285,seasonal_inversion
10,12,1,0,51.57,57.63,9.98,29.89,26.77,0.888,1.42,19.4,88.2,0.895,2.996,seasonal_inversion
20,5,2,0,99.98,184.6,0.82,138.6,76.32,3.294,1.07,27.0,58.8,0.542,168.843,vehicular
7,7,0,0,93.9,178.89,7.95,90.59,46.86,3.572,2.77,35.9,69.4,0.525,11.4,vehicular
6,11,2,0,83.4,131.37,16.42,29.24,13.32,0.784,0.61,23.7,87.9,0.635,1.781,seasonal_inversion
22,1,1,0,121.78,170.67,59.85,42.92,24.17,1.034,3.55,32.6,78.5,0.714,0.717,industrial
7,5,1,0,104.12,202.78,5.63,120.9,61.87,2.998,0.75,29.1,31.9,0.513,21.474,vehicular
19,8,4,0,68.45,135.27,9.4,94.38,48.84,1.89,1.29,31.2,55.0,0.506,10.045,vehicular
5,11,5,1,99.21,114.77,11.88,27.2,23.74,1.569,0.62,13.3,53.7,0.864,2.29,seasonal_inversion
3,12,3,0,165.88,241.91,77.99,55.93,34.63,0.627,1.39,20.4,73.2,0.686,0.717,industrial
9,12,5,1,123.27,239.86,7.5,37.15,22.68,0.859,4.36,26.9,50.8,0.514,4.954,agricultural_burning
13,10,4,0,210.22,336.1,3.51,26.71,17.77,1.752,2.02,39.4,47.4,0.625,7.61,agricultural_burning
10,1,6,1,37.85,56.31,3.8,42.62,23.47,0.659,0.91,9.1,76.9,0.672,11.218,seasonal_inversion
13,3,6,1,67.72,109.49,2.68,27.01,15.56,0.662,3.69,39.6,88.8,0.618,10.094,unknown
15,11,3,0,133.76,280.18,7.66,17.65,8.48,1.65,1.66,25.4,57.2,0.477,2.304,agricultural_burning
17,2,2,0,78.69,157.63,8.68,53.23,28.87,3.202,1.89,30.3,20.0,0.499,6.133,vehicular
17,4,2,0,116.12,225.06,7.67,33.26,16.89,2.193,2.31,32.1,46.5,0.516,4.338,agricultural_burning
18,4,6,1,129.71,229.61,11.68,25.58,11.56,2.012,4.7,32.4,37.0,0.565,2.19,agricultural_burning
16,4,4,0,192.57,349.53,8.07,4.8,1.93,1.58,1.71,25.2,15.0,0.551,0.595,agricultural_burning
8,2,4,0,112.84,159.22,17.76,40.71,17.45,0.978,1.26,16.4,73.8,0.709,2.293,seasonal_inversion
19,5,4,0,45.82,76.99,8.65,79.39,33.22,3.19,2.18,28.5,48.6,0.595,9.174,vehicular
18,8,0,0,57.24,113.95,10.5,110.14,68.48,1.882,0.75,30.1,39.5,0.502,10.492,vehicular
5,4,3,0,164.66,211.98,52.44,33.23,15.71,0.967,3.64,30.3,53.3,0.777,0.634,industrial
20,7,3,0,103.81,194.63,8.03,63.43,34.6,1.637,0.64,34.9,54.5,0.533,7.895,vehicular
19,1,0,0,32.26,80.38,1.8,109.8,55.98,0.997,2.55,32.6,59.5,0.401,60.909,vehicular
7,1,1,0,73.44,107.78,7.57,65.41,31.83,2.266,0.97,26.5,42.0,0.681,8.639,vehicular
4,7,1,0,18.53,32.8,9.9,6.34,6.49,0.073,7.97,24.1,39.7,0.565,0.64,unknown
11,11,6,1,122.64,292.55,6.86,18.64,12.46,0.602,2.7,35.5,50.3,0.419,2.718,agricultural_burning
17,12,3,0,153.62,211.31,3.08,32.88,16.13,2.02,4.42,35.4,49.9,0.727,10.66,agricultural_burning
9,7,2,0,25.04,19.69,7.41,21.27,16.54,0.474,6.25,34.8,64.3,1.272,2.87,unknown
10,1,0,0,65.92,91.45,2.61,108.07,55.59,3.036,0.6,27.8,67.2,0.721,41.487,vehicular
5,2,0,0,71.49,75.71,6.92,19.28,13.09,1.131,0.51,17.8,63.7,0.944,2.786,seasonal_inversion
10,12,2,0,43.41,60.31,3.76,32.5,21.47,0.407,1.42,34.5,58.5,0.72,8.636,unknown
19,4,1,0,76.96,115.68,5.31,96.15,65.08,2.074,2.05,28.7,39.3,0.665,18.124,vehicular
1,4,6,1,22.19,25.01,4.04,20.27,11.92,0.698,2.84,30.2,63.8,0.887,5.02,unknown
6,10,2,0,13.47,27.89,5.31,23.31,12.62,0.533,4.18,27.1,42.5,0.483,4.387,unknown
20,12,3,0,79.33,106.92,3.52,97.09,62.95,3.743,0.75,33.3,40.1,0.742,27.557,vehicular
3,12,0,0,147.94,176.98,111.34,58.28,35.91,0.528,1.93,33.2,76.7,0.836,0.523,industrial
6,12,6,1,42.0,58.05,5.14,20.77,18.79,0.208,1.92,40.5,48.2,0.724,4.041,unknown
13,4,0,0,143.05,242.32,7.05,19.65,7.74,1.702,4.68,30.2,46.9,0.59,2.785,agricultural_burning
11,3,0,0,225.38,345.75,5.24,33.85,18.14,1.202,4.18,41.3,54.8,0.652,6.467,agricultural_burning
12,3,5,1,156.45,307.48,13.1,24.6,9.89,1.45,3.02,37.3,36.2,0.509,1.878,agricultural_burning
5,1,6,1,51.45,75.33,19.18,29.3,22.59,1.105,1.15,11.5,86.2,0.683,1.528,seasonal_inversion
16,3,3,0,183.54,326.2,9.56,14.85,12.68,1.66,3.06,29.2,21.3,0.563,1.555,agricultural_burning
1,7,3,0,48.44,93.65,12.46,31.33,14.4,0.388,6.2,33.1,38.0,0.517,2.514,unknown
9,12,2,0,69.6,64.81,10.04,16.9,9.5,0.991,0.31,26.9,79.9,1.074,1.683,seasonal_inversion
18,9,2,0,83.6,149.67,4.98,68.48,43.79,3.149,0.77,31.8,47.6,0.559,13.751,vehicular
5,8,2,0,33.92,50.63,10.4,27.23,7.44,0.507,7.47,23.5,62.1,0.67,2.619,unknown
0,1,4,0,148.5,191.83,61.87,33.93,17.8,0.781,3.42,30.8,63.3,0.774,0.548,industrial
15,11,5,1,202.35,292.53,9.32,15.14,8.2,1.061,3.11,34.7,62.6,0.692,1.626,agricultural_burning
18,12,2,0,89.09,139.82,2.82,90.76,60.16,2.594,1.91,27.2,50.5,0.637,32.211,vehicular
12,10,6,1,77.33,172.7,3.74,17.34,9.08,1.81,2.69,31.7,53.6,0.448,4.635,agricultural_burning
10,3,5,1,90.15,165.19,0.45,35.1,15.38,2.629,3.93,38.3,77.7,0.546,77.173,agricultural_burning
3,5,3,0,95.49,135.22,70.61,49.6,27.91,0.424,1.24,29.4,60.1,0.706,0.702,industrial
9,1,5,1,76.2,108.79,19.8,37.71,28.3,0.935,1.04,21.1,82.5,0.7,1.905,seasonal_inversion
19,4,3,0,54.32,66.08,11.03,63.1,40.93,2.516,1.62,30.8,55.5,0.822,5.722,vehicular
10,6,0,0,63.13,87.78,3.95,119.63,79.51,1.495,1.22,30.6,62.7,0.719,30.282,vehicular
0,10,4,0,132.16,224.56,74.26,40.62,33.62,0.193,2.64,31.7,65.2,0.589,0.547,industrial
20,5,1,0,62.97,113.62,8.57,90.68,59.02,3.02,2.11,30.0,53.9,0.554,10.584,vehicular
20,3,3,0,86.39,171.4,6.16,106.71,70.25,2.58,1.48,31.4,52.5,0.504,17.324,vehicular
4,6,4,0,187.34,200.37,68.48,38.18,30.91,0.464,3.59,19.0,73.0,0.935,0.558,industrial
15,11,2,0,100.63,201.19,12.62,19.49,12.29,2.369,2.85,24.4,56.9,0.5,1.545,agricultural_burning
17,1,4,0,48.87,41.49,1.15,106.93,77.43,2.358,2.8,25.3,51.0,1.178,92.65,vehicular
10,11,3,0,169.28,294.05,4.24,25.24,16.27,2.056,4.21,23.8,31.4,0.576,5.958,agricultural_burning
10,2,2,0,111.78,178.82,0.05,9.9,8.86,0.695,0.12,20.0,71.4,0.625,180.138,seasonal_inversion
7,2,0,0,76.13,128.1,4.39,78.53,40.13,0.71,0.72,33.5,58.3,0.594,17.891,vehicular
9,2,4,0,78.85,133.58,0.84,115.35,76.8,2.224,0.5,34.9,57.1,0.59,137.307,vehicular
9,2,3,0,81.99,99.4,4.99,39.74,20.69,1.087,1.26,8.1,93.1,0.825,7.968,seasonal_inversion
11,11,5,1,142.5,299.91,13.29,8.32,4.66,1.859,1.64,33.9,43.3,0.475,0.626,agricultural_burning
15,10,0,0,180.42,324.89,7.67,19.69,13.32,2.876,2.45,27.0,54.6,0.555,2.566,agricultural_burning
7,1,4,0,112.66,135.91,19.36,24.22,17.47,0.937,0.52,16.6,66.9,0.829,1.251,seasonal_inversion
6,11,1,0,59.13,61.58,12.03,25.17,10.13,0.702,0.77,17.8,79.2,0.96,2.092,seasonal_inversion
5,8,6,1,191.28,251.45,74.74,30.4,23.55,0.497,3.9,27.5,74.6,0.761,0.407,industrial
9,1,5,1,75.67,90.98,5.52,33.66,26.83,1.26,0.69,16.8,82.9,0.832,6.092,seasonal_inversion
10,12,4,0,91.56,94.64,14.09,39.52,20.12,0.928,0.69,24.8,66.4,0.967,2.805,seasonal_inversion
18,12,6,1,110.32,223.62,4.84,22.05,14.62,2.714,3.67,33.6,47.4,0.493,4.558,agricultural_burning
19,6,3,0,85.82,156.92,6.89,66.88,45.97,3.888,1.25,29.9,58.1,0.547,9.707,vehicular
10,8,1,0,58.84,68.37,9.83,29.45,14.38,0.367,4.04,34.7,59.8,0.861,2.997,unknown
20,5,6,1,81.23,133.85,12.89,14.45,9.24,0.64,1.45,23.5,50.3,0.607,1.122,unknown
11,4,3,0,148.37,288.06,9.68,24.03,15.63,2.261,2.6,25.9,60.4,0.515,2.482,agricultural_burning
5,11,1,0,31.04,29.8,21.4,27.06,19.13,1.313,0.36,12.6,90.8,1.042,1.265,seasonal_inversion
15,3,5,1,181.63,262.08,4.8,35.25,18.53,1.343,1.47,24.6,48.9,0.693,7.348,agricultural_burning
2,4,0,0,57.19,51.32,86.01,57.19,26.49,0.935,2.9,36.9,61.1,1.114,0.665,industrial
2,1,0,0,91.93,162.8,89.92,41.1,33.28,0.177,2.19,27.8,70.3,0.565,0.457,industrial
9,11,5,1,95.34,109.7,10.38,48.79,31.39,0.5,0.39,26.8,66.8,0.869,4.7,seasonal_inversion
0,9,2,0,37.17,70.83,3.12,11.43,7.37,0.509,6.2,19.8,88.4,0.525,3.666,unknown
12,4,1,0,125.81,191.35,6.33,14.55,11.42,2.404,2.2,27.9,50.6,0.657,2.298,agricultural_burning
8,12,1,0,40.11,86.36,1.55,144.29,104.14,2.484,0.53,23.6,58.8,0.464,92.968,vehicular
2,10,5,1,130.01,170.6,126.61,25.87,17.65,0.863,3.43,28.9,71.6,0.762,0.204,industrial
14,3,1,0,183.46,343.31,7.4,34.58,20.62,0.465,4.17,33.5,65.9,0.534,4.673,agricultural_burning
6,5,0,0,129.98,185.02,95.66,41.12,31.59,0.49,0.86,27.9,69.9,0.703,0.43,industrial
1,5,5,1,152.96,240.97,99.04,21.95,14.39,0.767,1.81,25.8,67.0,0.635,0.222,industrial
2,2,3,0,151.67,228.53,62.24,28.59,17.41,1.242,3.42,21.8,60.6,0.664,0.459,industrial
8,1,3,0,59.64,114.47,5.23,95.31,56.23,2.718,0.55,19.7,30.3,0.521,18.21,vehicular
6,11,3,0,107.48,152.69,2.69,23.35,11.16,0.807,0.74,14.1,56.0,0.704,8.672,seasonal_inversion
17,10,3,0,52.62,90.08,11.75,99.75,65.56,1.669,2.4,38.2,48.6,0.584,8.49,vehicular
4,9,1,0,206.88,269.55,53.19,47.26,29.91,0.845,1.7,25.9,80.4,0.768,0.888,industrial
6,10,6,1,179.49,215.15,85.8,52.13,28.47,0.379,3.34,27.3,23.6,0.834,0.608,industrial
5,2,2,0,103.13,108.0,8.48,36.13,29.83,1.032,0.9,15.0,90.0,0.955,4.259,seasonal_inversion
10,12,5,1,76.32,98.57,12.58,19.47,18.04,0.765,1.16,9.0,98.0,0.774,1.548,seasonal_inversion
6,8,4,0,192.32,221.35,92.2,46.76,32.01,0.601,2.6,38.3,89.0,0.869,0.507,industrial
6,6,3,0,153.73,250.99,71.87,31.02,16.09,0.521,1.69,31.4,55.3,0.612,0.432,industrial
16,10,3,0,205.65,377.26,1.23,21.81,11.44,2.93,3.98,31.2,63.7,0.545,17.712,agricultural_burning
15,11,4,0,29.14,53.13,10.26,14.5,7.43,0.334,6.6,19.7,33.5,0.549,1.413,unknown
17,11,4,0,34.47,54.88,11.71,4.11,3.91,0.404,3.85,30.9,56.2,0.628,0.351,unknown
2,10,4,0,130.78,181.98,91.62,49.54,31.03,0.817,1.41,31.1,62.8,0.719,0.541,industrial
6,1,5,1,99.46,130.68,14.77,26.37,15.56,1.2,0.68,18.0,80.6,0.761,1.786,seasonal_inversion
4,12,6,1,173.74,289.4,42.86,39.94,27.94,1.244,2.66,22.2,65.8,0.6,0.932,industrial
10,12,2,0,124.91,189.34,7.26,20.47,10.06,0.653,0.63,23.9,58.9,0.66,2.821,seasonal_inversion
9,1,0,0,82.1,143.62,9.09,10.33,8.53,0.752,0.66,19.9,62.8,0.572,1.136,seasonal_inversion
5,12,4,0,107.57,168.78,10.51,24.2,14.65,0.921,1.19,14.1,73.7,0.637,2.302,seasonal_inversion
18,11,5,1,228.84,389.66,7.57,10.95,4.72,2.305,1.68,31.8,77.7,0.587,1.446,agricultural_burning
11,12,1,0,161.39,275.13,2.33,20.99,16.03,2.397,1.27,32.6,34.7,0.587,9.008,agricultural_burning
10,3,0,0,137.48,306.59,6.28,16.42,8.11,1.725,4.53,36.6,48.5,0.448,2.613,agricultural_burning
10,10,3,0,69.24,119.41,8.5,80.73,31.62,2.782,2.77,38.0,74.5,0.58,9.5,vehicular
17,12,5,1,160.15,301.12,10.33,10.18,8.45,0.654,2.02,38.8,58.4,0.532,0.985,agricultural_burning
6,3,0,0,77.81,74.75,35.17,27.97,25.04,0.773,0.94,24.9,76.4,1.041,0.795,industrial
9,12,2,0,110.95,154.49,9.35,6.47,3.62,1.086,0.67,22.5,77.0,0.718,0.692,seasonal_inversion
6,2,6,1,68.35,113.26,10.83,33.9,20.39,1.403,0.26,14.8,71.9,0.603,3.129,seasonal_inversion
7,12,5,1,128.07,177.84,22.01,19.52,19.41,1.4,1.49,23.1,78.9,0.72,0.887,seasonal_inversion
3,8,2,0,201.71,312.33,79.87,40.71,33.81,0.472,0.64,22.8,63.5,0.646,0.51,industrial
14,12,0,0,205.95,303.25,4.71,17.21,8.75,1.182,2.7,31.9,51.8,0.679,3.652,agricultural_burning
13,9,2,0,38.83,60.06,19.79,34.43,26.94,0.768,4.59,32.7,56.3,0.647,1.74,unknown
7,1,4,0,84.32,175.08,5.12,165.08,109.22,1.643,1.14,28.5,70.3,0.482,32.24,vehicular
2,4,4,0,124.66,178.3,65.47,42.9,23.72,0.801,2.65,24.1,79.3,0.699,0.655,industrial
3,12,4,0,148.84,225.08,89.51,38.93,16.29,0.746,2.69,23.4,78.8,0.661,0.435,industrial
12,5,0,0,10.4,5.87,9.98,24.97,13.27,0.081,5.81,27.7,66.6,1.771,2.5,unknown
20,11,1,0,101.84,192.28,5.45,99.26,71.5,2.86,1.79,32.0,78.0,0.53,18.213,vehicular
6,1,2,0,173.39,244.06,92.15,28.85,13.18,1.033,1.32,25.7,67.0,0.71,0.313,industrial
5,2,3,0,100.3,141.4,12.66,33.28,18.8,0.978,1.06,18.7,70.4,0.709,2.628,seasonal_inversion
20,7,4,0,64.49,66.17,5.66,17.82,5.05,0.443,7.31,21.2,88.8,0.975,3.15,unknown
9,8,0,0,51.08,53.86,9.25,14.0,9.2,0.329,1.87,38.3,76.7,0.948,1.514,unknown
7,11,1,0,121.97,183.24,2.48,28.99,13.13,0.815,0.11,18.1,74.5,0.666,11.668,seasonal_inversion
20,9,1,0,44.4,35.0,-1.06,7.73,7.26,0.271,2.83,28.6,42.1,1.269,5.0,unknown
9,3,5,1,7.42,-3.96,7.94,6.44,2.44,0.298,5.57,39.5,53.1,0.5,0.811,unknown
14,6,2,0,57.68,87.7,16.75,11.77,6.27,0.46,6.08,25.2,49.3,0.658,0.703,unknown
7,11,5,1,99.77,131.92,13.37,34.8,26.45,0.483,0.16,21.7,98.0,0.756,2.602,seasonal_inversion
0,5,1,0,224.96,271.92,57.12,38.23,28.18,0.355,1.02,27.2,60.9,0.827,0.669,industrial
12,10,6,1,95.69,261.66,13.83,28.24,14.79,1.974,4.27,35.4,64.7,0.366,2.042,agricultural_burning
8,1,4,0,104.32,116.41,4.42,22.49,16.61,1.115,1.3,22.0,74.7,0.896,5.094,seasonal_inversion
4,5,4,0,149.77,162.45,75.5,39.34,34.62,0.931,2.3,25.4,35.0,0.922,0.521,industrial
10,2,4,0,82.2,132.11,4.36,28.11,17.52,1.176,0.12,17.3,84.6,0.622,6.443,seasonal_inversion
0,12,0,0,168.19,254.98,61.07,56.35,34.5,0.048,1.75,26.4,69.2,0.66,0.923,industrial
12,11,6,1,213.48,391.22,0.25,12.24,5.76,2.356,2.8,31.2,49.2,0.546,49.052,agricultural_burning
10,11,4,0,-0.29,-6.27,5.67,-1.56,0.96,0.847,2.39,25.9,63.2,0.5,-0.275,unknown
4,5,1,0,200.73,270.88,79.9,53.77,32.76,0.813,0.64,25.8,79.7,0.741,0.673,industrial
19,3,2,0,76.1,131.55,3.64,105.68,65.37,2.897,2.56,34.0,54.2,0.579,29.052,vehicular
10,1,3,0,65.15,97.64,5.44,8.33,-0.4,1.083,0.22,18.8,53.8,0.667,1.53,seasonal_inversion
17,10,1,0,161.96,315.55,9.95,19.96,14.2,1.442,2.41,35.2,28.5,0.513,2.005,agricultural_burning
9,6,0,0,60.49,94.05,2.37,70.26,49.88,2.467,0.91,29.0,47.7,0.643,29.594,vehicular
9,11,5,1,84.26,147.45,14.55,34.55,26.85,1.312,0.12,25.4,82.3,0.571,2.375,seasonal_inversion
20,11,0,0,16.36,29.28,6.25,10.16,6.99,0.224,1.87,14.8,44.6,0.559,1.627,unknown
6,2,5,1,53.85,59.02,7.45,33.96,18.1,0.153,4.36,46.8,15.0,0.912,4.559,unknown
6,11,3,0,113.89,159.44,14.87,30.22,14.83,0.414,1.38,17.5,79.6,0.714,2.033,seasonal_inversion
19,10,3,0,100.39,123.88,0.22,100.61,48.19,3.522,2.34,19.7,56.6,0.81,466.16,vehicular
0,6,4,0,192.74,252.15,48.37,33.64,19.35,0.769,0.89,31.8,61.6,0.764,0.696,industrial
2,10,1,0,144.81,176.63,89.24,36.09,23.75,0.695,1.48,36.1,50.6,0.82,0.404,industrial
15,3,1,0,144.08,193.7,13.76,14.09,6.14,1.706,1.12,30.0,25.2,0.744,1.024,agricultural_burning
7,11,1,0,71.98,127.81,4.18,15.4,6.64,0.509,2.08,32.0,61.0,0.563,3.687,unknown
17,3,0,0,3.55,3.24,4.48,5.76,-0.17,0.172,7.63,29.9,66.6,1.096,1.286,unknown
14,6,1,0,25.94,43.07,6.84,22.2,11.43,0.623,6.26,34.0,76.2,0.602,3.244,unknown
16,11,6,1,200.3,323.12,13.39,11.63,7.79,1.304,1.03,30.2,44.8,0.62,0.869,agricultural_burning
15,11,6,1,123.26,237.93,4.04,31.58,8.55,2.007,1.76,31.4,51.0,0.518,7.809,agricultural_burning
14,12,2,0,253.85,424.6,7.48,11.29,10.32,2.768,4.69,36.8,60.2,0.598,1.51,agricultural_burning
14,12,6,1,213.93,300.33,7.76,33.58,13.98,2.887,2.07,27.1,55.3,0.712,4.328,agricultural_burning
4,5,0,0,30.07,32.95,6.28,38.76,26.91,0.583,7.08,29.7,77.5,0.912,6.169,unknown
7,5,0,0,77.99,151.77,7.9,69.22,58.63,3.607,2.86,22.4,69.8,0.514,8.757,vehicular
3,3,2,0,172.87,213.96,87.4,40.72,22.35,0.189,3.58,26.8,40.7,0.808,0.466,industrial
9,12,2,0,62.28,78.34,6.53,9.11,4.6,0.532,1.02,41.2,95.7,0.795,1.396,unknown
3,12,5,1,152.78,187.62,69.13,10.44,7.87,1.107,2.88,26.2,55.3,0.814,0.151,industrial
7,2,5,1,53.4,49.05,13.5,35.84,25.83,1.456,0.54,17.2,74.4,1.089,2.656,seasonal_inversion
14,3,4,0,96.62,178.62,12.59,29.76,17.34,1.159,2.52,28.7,33.9,0.541,2.363,agricultural_burning
16,11,2,0,107.58,251.59,11.42,27.21,18.79,1.45,4.39,32.2,45.1,0.428,2.383,agricultural_burning
9,1,1,0,90.85,182.57,4.0,57.12,35.56,2.603,2.41,31.0,51.6,0.498,14.289,vehicular
15,12,1,0,149.19,267.04,8.19,24.64,9.44,1.65,3.25,29.6,50.6,0.559,3.009,agricultural_burning
10,11,6,1,125.23,215.44,13.88,21.12,13.27,0.698,1.16,14.3,79.1,0.581,1.522,seasonal_inversion
11,11,4,0,131.6,243.66,3.95,2.2,2.66,1.499,2.06,30.8,56.4,0.54,0.557,agricultural_burning
18,12,3,0,65.87,148.74,7.03,138.36,88.51,1.384,1.76,31.6,49.8,0.443,19.675,vehicular
23,1,1,0,162.2,239.93,85.29,36.61,19.62,0.588,0.84,33.7,79.9,0.676,0.429,industrial
9,12,4,0,55.53,66.45,9.77,88.23,52.96,1.176,2.25,22.2,71.6,0.836,9.03,vehicular
5,12,1,0,111.14,150.97,20.36,27.8,24.07,0.667,0.55,12.4,93.6,0.736,1.365,seasonal_inversion
19,10,3,0,43.73,78.25,7.08,22.39,15.1,0.61,5.66,36.2,38.6,0.559,3.16,unknown
4,10,4,0,122.84,147.83,83.91,8.96,2.33,1.13,2.21,28.7,80.6,0.831,0.107,industrial
15,10,3,0,200.46,351.45,7.14,16.83,11.12,0.551,2.22,27.9,48.6,0.57,2.357,agricultural_burning
17,12,6,1,138.94,236.32,9.95,22.84,12.95,1.629,4.49,29.7,26.3,0.588,2.297,agricultural_burning
19,8,0,0,68.94,151.54,5.13,66.41,38.28,2.192,2.83,25.3,48.8,0.455,12.939,vehicular
13,10,1,0,186.39,343.39,7.63,16.33,12.81,1.998,1.32,24.5,48.6,0.543,2.141,agricultural_burning
4,3,4,0,53.22,69.75,6.39,4.37,4.4,0.625,3.99,27.5,93.3,0.763,0.684,unknown
10,8,0,0,104.2,184.57,5.49,66.93,46.11,3.04,1.79,32.7,68.9,0.565,12.201,vehicular
0,12,2,0,174.11,251.51,82.47,54.54,43.61,0.896,2.84,38.9,60.1,0.692,0.661,industrial
3,9,6,1,167.29,201.08,59.76,10.62,12.92,0.807,1.8,34.5,53.7,0.832,0.178,industrial
19,10,3,0,94.55,198.22,6.38,100.9,69.02,1.92,2.96,27.5,62.1,0.477,15.82,vehicular
15,12,1,0,158.58,248.48,6.65,21.67,12.22,2.209,4.29,32.6,38.1,0.638,3.257,agricultural_burning
20,1,1,0,84.46,183.25,6.9,130.74,61.86,1.534,2.99,28.9,61.7,0.461,18.94,vehicular
16,4,3,0,64.56,90.32,12.39,12.37,3.02,0.304,6.52,28.1,64.8,0.715,0.998,unknown
4,2,0,0,207.7,291.7,54.11,55.68,40.28,0.587,3.77,17.4,54.2,0.712,1.029,industrial
5,1,0,0,120.45,163.73,10.58,18.61,9.61,1.119,1.4,15.5,54.8,0.736,1.759,seasonal_inversion
4,4,0,0,45.69,81.95,11.6,32.16,20.49,0.721,1.81,30.6,63.2,0.558,2.772,unknown
5,1,2,0,43.11,47.97,16.21,19.9,15.06,0.503,1.74,34.8,61.4,0.899,1.228,unknown
14,11,4,0,44.06,80.5,5.73,6.57,1.78,0.497,3.9,21.2,57.3,0.547,1.146,unknown
6,5,2,0,167.6,214.58,82.56,36.66,28.54,0.708,1.45,35.2,86.9,0.781,0.444,industrial
11,4,5,1,225.89,302.57,7.16,17.22,11.97,2.369,1.23,36.9,64.0,0.747,2.403,agricultural_burning
9,11,4,0,101.7,240.26,12.59,19.26,11.53,2.778,2.36,32.7,24.6,0.423,1.53,agricultural_burning
10,1,6,1,75.53,131.77,15.63,17.28,9.68,0.916,0.51,19.4,79.6,0.573,1.105,seasonal_inversion
13,10,4,0,144.84,233.65,7.18,10.84,9.17,1.24,1.53,28.5,42.9,0.62,1.509,agricultural_burning
3,5,5,1,263.88,318.48,129.6,29.42,18.27,1.161,1.67,38.1,71.8,0.829,0.227,industrial
4,2,4,0,195.16,258.32,79.96,32.25,22.61,0.758,1.01,21.0,85.7,0.755,0.403,industrial
18,2,0,0,44.49,44.34,6.02,33.72,19.01,0.659,4.57,28.7,48.0,1.003,5.606,unknown
7,2,4,0,63.06,113.08,10.07,10.75,2.81,1.098,0.11,22.1,72.8,0.558,1.067,seasonal_inversion
23,1,0,0,157.35,202.76,60.93,51.76,35.53,0.48,3.51,34.9,67.0,0.776,0.85,industrial
4,7,0,0,171.95,223.96,111.13,20.06,9.59,0.753,3.97,25.3,66.5,0.768,0.18,industrial
18,5,6,1,26.47,54.15,6.68,37.6,21.18,0.096,3.56,15.4,45.3,0.489,5.629,unknown
20,4,6,1,26.69,35.06,3.2,13.04,4.34,0.312,4.05,34.9,91.4,0.761,4.077,unknown
22,6,4,0,140.52,171.65,44.51,41.52,24.79,0.486,2.3,30.6,71.6,0.819,0.933,industrial
18,3,2,0,76.16,128.3,6.54,129.43,83.1,1.707,1.4,38.9,85.0,0.594,19.803,vehicular
0,4,4,0,141.55,156.65,91.48,26.33,17.27,1.006,2.91,33.8,79.1,0.904,0.288,industrial
7,2,0,0,59.86,63.46,10.68,35.84,20.84,0.868,0.84,16.1,65.3,0.943,3.356,seasonal_inversion
9,9,3,0,26.45,44.91,8.39,12.18,9.24,0.608,1.83,21.2,36.0,0.589,1.452,unknown
3,7,4,0,63.63,113.54,6.85,11.89,3.62,0.564,7.68,29.0,20.1,0.56,1.737,unknown
5,12,1,0,76.48,147.97,5.71,20.91,8.65,0.71,0.93,11.9,91.1,0.517,3.664,seasonal_inversion
5,1,4,0,188.17,231.66,74.25,33.05,24.98,1.045,2.87,29.1,48.1,0.812,0.445,industrial
9,1,3,0,101.48,165.56,10.72,89.73,58.32,3.145,1.23,28.0,68.5,0.613,8.37,vehicular
10,11,1,0,196.72,299.84,5.86,15.86,8.64,1.771,2.47,24.5,41.7,0.656,2.709,agricultural_burning
7,1,2,0,123.03,174.54,12.0,32.43,22.94,1.443,1.39,11.4,57.0,0.705,2.703,seasonal_inversion
17,9,0,0,19.42,10.98,5.55,33.79,20.46,0.287,6.96,27.5,15.0,1.769,6.092,unknown
7,11,6,1,57.74,97.77,8.97,36.48,30.76,0.839,0.48,24.9,93.1,0.591,4.066,seasonal_inversion
4,9,5,1,123.98,167.06,63.92,34.16,17.35,0.759,1.41,31.7,73.7,0.742,0.534,industrial
5,12,6,1,122.84,187.99,13.41,36.33,24.98,0.858,0.6,23.0,95.2,0.653,2.709,seasonal_inversion
6,11,0,0,96.34,152.03,15.45,40.64,18.85,0.878,1.4,16.6,77.7,0.634,2.63,seasonal_inversion
10,6,1,0,20.32,32.62,1.83,24.79,19.4,0.622,6.92,30.8,65.1,0.623,13.523,unknown
18,10,3,0,178.36,264.59,13.29,10.88,4.66,1.984,4.05,26.2,42.3,0.674,0.819,agricultural_burning
18,1,4,0,80.57,133.27,4.6,87.54,64.74,2.652,2.29,25.5,44.0,0.605,19.036,vehicular
11,4,1,0,133.17,297.94,1.06,24.32,13.24,2.441,3.6,31.6,54.5,0.447,22.927,agricultural_burning
6,1,0,0,84.68,113.82,14.51,27.84,17.26,0.837,1.48,15.9,88.1,0.744,1.919,seasonal_inversion
4,6,2,0,181.59,205.06,50.48,33.61,22.77,0.528,2.28,30.1,82.8,0.886,0.666,industrial
2,7,5,1,143.73,168.48,74.56,37.65,30.17,1.391,1.4,36.5,57.2,0.853,0.505,industrial
12,3,0,0,241.47,341.58,6.48,18.49,11.13,1.314,3.44,29.1,15.0,0.707,2.853,agricultural_burning
20,11,3,0,73.43,82.67,15.49,71.43,49.3,2.826,1.19,34.4,56.8,0.888,4.613,vehicular
5,10,5,1,163.89,194.34,85.45,51.73,32.6,0.717,2.35,27.9,60.6,0.843,0.605,industrial
10,7,1,0,108.09,157.21,6.62,60.76,27.48,2.398,2.8,28.7,56.2,0.688,9.177,vehicular
18,1,1,0,86.99,134.73,7.76,33.6,5.72,3.111,1.85,26.0,38.7,0.646,4.33,vehicular
10,2,0,0,70.36,92.89,1.72,101.29,62.84,3.056,1.66,28.4,40.4,0.757,58.852,vehicular
10,4,2,0,61.76,75.0,5.82,72.6,48.19,2.083,1.94,29.1,61.0,0.824,12.476,vehicular
23,4,3,0,70.72,84.53,9.19,8.7,6.27,0.654,7.33,31.7,64.0,0.837,0.947,unknown
19,11,0,0,49.1,59.22,2.54,63.77,38.9,4.122,2.98,30.9,47.3,0.829,25.121,vehicular
14,3,3,0,139.69,236.03,6.64,-1.65,-2.16,1.911,2.89,32.5,33.4,0.592,-0.249,agricultural_burning
10,6,0,0,65.29,110.83,2.82,76.79,53.29,2.957,0.82,32.0,70.6,0.589,27.275,vehicular
5,7,2,0,16.93,14.29,3.46,14.46,9.5,0.713,5.89,28.7,70.3,1.184,4.176,unknown
6,11,3,0,84.83,128.12,17.53,40.38,16.2,1.211,0.11,17.9,76.0,0.662,2.304,seasonal_inversion
10,11,2,0,23.76,21.14,-0.14,44.98,34.27,0.66,6.18,39.0,52.0,1.124,5.0,unknown
2,2,6,1,131.35,113.3,123.19,27.25,15.26,0.627,3.47,32.5,68.0,1.159,0.221,industrial
20,11,4,0,90.37,154.7,5.9,49.5,14.61,3.563,2.22,23.4,48.3,0.584,8.391,vehicular
18,3,6,1,133.58,286.08,8.22,37.42,24.52,1.51,2.0,31.6,40.7,0.467,4.551,agricultural_burning
13,11,6,1,209.12,350.36,16.83,18.56,6.84,1.246,3.6,28.4,41.9,0.597,1.103,agricultural_burning
17,10,1,0,134.54,192.01,1.18,18.38,9.76,1.866,4.99,27.2,34.2,0.701,15.555,agricultural_burning
5,12,4,0,53.89,83.09,14.8,30.46,21.97,0.991,0.95,12.9,66.2,0.649,2.059,seasonal_inversion
23,8,2,0,39.69,38.97,8.37,4.59,0.74,0.137,5.99,17.1,82.7,1.019,0.548,unknown
9,1,6,1,81.91,99.6,12.5,27.28,19.56,0.89,0.02,20.7,55.3,0.822,2.182,seasonal_inversion
9,12,0,0,199.83,302.2,1.22,21.22,15.68,1.1,4.83,35.9,44.7,0.661,17.379,agricultural_burning
20,4,4,0,85.25,112.6,7.11,57.28,27.26,3.296,2.97,27.3,68.4,0.757,8.06,vehicular
17,2,2,0,72.24,138.92,4.66,96.13,49.85,1.272,2.32,25.8,62.4,0.52,20.65,vehicular
19,4,1,0,99.32,183.94,6.97,130.87,70.21,2.546,2.0,23.4,64.2,0.54,18.774,vehicular
10,12,4,0,129.58,179.16,14.18,23.09,12.55,1.441,0.18,12.7,60.8,0.723,1.628,seasonal_inversion
8,1,0,0,112.87,179.96,7.9,35.27,15.47,1.056,0.25,18.0,98.0,0.627,4.464,seasonal_inversion
10,9,1,0,95.35,130.61,7.36,93.93,69.45,2.558,0.9,37.0,45.6,0.73,12.756,vehicular
23,10,0,0,158.99,253.95,46.61,15.95,15.96,0.942,2.16,33.7,68.2,0.626,0.342,industrial
20,2,2,0,58.68,94.38,0.17,92.79,57.29,1.551,2.96,37.9,39.5,0.622,537.996,vehicular
7,2,0,0,44.78,83.44,10.23,131.65,89.62,1.222,2.47,34.6,66.6,0.537,12.869,vehicular
10,12,1,0,88.47,177.32,8.35,37.68,25.15,0.957,2.83,29.9,52.1,0.499,4.512,agricultural_burning
15,4,4,0,171.04,313.81,17.0,23.99,15.06,2.687,3.76,43.3,30.4,0.545,1.411,agricultural_burning
19,6,0,0,121.31,162.67,8.18,98.15,39.34,2.797,0.92,34.8,55.1,0.746,12.003,vehicular
8,10,4,0,46.07,52.18,4.98,21.12,14.23,0.334,7.85,23.1,47.7,0.883,4.241,unknown
6,11,3,0,156.42,215.8,73.77,17.12,14.05,0.332,3.24,29.2,67.4,0.725,0.232,industrial
8,8,1,0,111.6,231.6,5.07,102.96,77.37,3.06,1.38,28.6,72.6,0.482,20.288,vehicular
9,3,2,0,129.6,258.2,10.37,20.04,9.83,1.648,3.63,28.1,38.8,0.502,1.933,agricultural_burning
0,6,3,0,23.06,15.17,14.05,13.62,8.51,0.536,2.78,43.4,60.1,1.52,0.969,unknown
15,5,6,1,37.55,43.66,13.07,3.94,2.24,0.389,5.57,24.0,65.5,0.86,0.302,unknown
11,12,5,1,198.72,336.15,6.53,9.65,4.78,1.508,3.28,27.6,57.0,0.591,1.477,agricultural_burning
9,5,3,0,79.03,115.29,5.66,99.58,72.8,1.459,1.38,24.5,58.5,0.685,17.6,vehicular
9,12,1,0,99.63,134.33,17.65,-0.92,3.35,0.705,0.03,17.3,93.8,0.742,-0.052,seasonal_inversion
8,8,1,0,50.23,101.78,7.39,50.8,29.85,2.218,2.8,30.0,71.4,0.494,6.875,vehicular
7,12,5,1,76.66,71.71,15.47,24.37,13.87,0.573,0.56,21.1,98.0,1.069,1.575,seasonal_inversion
5,12,5,1,142.4,235.98,8.12,36.9,26.2,0.87,1.24,14.7,69.1,0.603,4.543,seasonal_inversion
5,1,0,0,86.61,144.12,26.2,14.14,8.81,0.874,0.18,13.0,73.5,0.601,0.54,seasonal_inversion
16,11,1,0,100.93,265.93,10.71,24.61,14.91,0.969,1.53,31.8,64.7,0.38,2.298,agricultural_burning
9,12,3,0,65.25,90.11,14.76,29.64,17.28,1.485,0.2,22.0,78.3,0.724,2.008,seasonal_inversion
6,7,0,0,52.9,89.46,11.78,15.19,6.09,0.4,3.72,20.2,71.4,0.591,1.289,unknown
12,11,0,0,-7.93,-2.56,12.02,8.34,4.67,0.091,2.85,21.2,71.6,0.5,0.694,unknown
18,11,3,0,166.38,244.89,3.91,34.24,19.9,0.221,4.78,35.5,36.8,0.679,8.758,agricultural_burning
13,10,5,1,108.96,272.21,10.73,28.58,17.61,1.23,1.13,39.3,39.1,0.4,2.664,agricultural_burning
20,6,3,0,138.89,267.85,0.27,79.25,56.5,1.906,1.39,29.7,67.2,0.519,289.446,vehicular
6,1,1,0,109.31,132.95,12.06,23.07,14.91,0.849,0.38,18.0,72.8,0.822,1.914,seasonal_inversion
10,1,4,0,74.61,135.0,0.29,74.13,39.63,2.082,2.32,30.4,61.9,0.553,259.822,vehicular
8,5,4,0,67.39,78.51,2.33,22.89,12.21,0.603,6.63,28.0,72.9,0.858,9.833,unknown
5,8,3,0,98.91,99.53,104.18,22.76,21.76,0.782,3.13,30.2,66.3,0.994,0.218,industrial
9,11,6,1,116.89,163.55,13.48,38.51,25.65,1.376,0.96,19.3,73.8,0.715,2.857,seasonal_inversion
13,10,0,0,22.63,29.47,7.59,6.97,4.64,1.02,4.51,28.9,93.1,0.768,0.918,unknown
8,2,2,0,33.69,67.28,10.08,96.78,69.92,2.196,1.72,23.9,23.8,0.501,9.604,vehicular
15,1,4,0,50.74,83.03,4.51,39.8,23.46,0.784,1.19,26.4,58.3,0.611,8.83,unknown
5,3,0,0,174.31,279.61,63.27,17.36,17.65,0.998,2.69,24.4,69.1,0.623,0.274,industrial
9,2,6,1,50.0,59.55,21.61,41.5,29.72,0.875,0.07,15.1,73.2,0.84,1.92,seasonal_inversion
22,4,6,1,48.4,63.12,8.04,17.64,13.35,0.402,1.87,27.4,69.0,0.767,2.194,unknown
0,2,3,0,58.24,105.17,12.01,17.54,9.0,0.713,2.89,28.7,30.2,0.554,1.461,unknown
13,12,0,0,175.62,344.68,5.74,33.52,17.73,0.436,4.99,36.4,36.9,0.51,5.84,agricultural_burning
16,11,0,0,2.8,-19.02,-0.23,6.22,3.19,0.49,2.03,31.5,70.0,0.5,5.0,unknown
11,4,0,0,148.11,229.06,8.83,-4.86,-3.74,2.07,2.32,34.9,44.0,0.647,-0.55,agricultural_burning
18,10,6,1,200.25,273.66,3.34,22.46,14.16,1.897,1.59,37.3,48.5,0.732,6.724,agricultural_burning
6,2,4,0,78.9,92.42,13.01,24.3,13.72,1.308,0.4,23.1,59.2,0.854,1.868,seasonal_inversion
23,7,1,0,180.43,211.17,41.65,25.31,15.59,1.316,2.19,27.2,67.6,0.854,0.608,industrial
7,1,1,0,101.73,142.92,-1.37,7.79,4.72,1.108,1.38,19.4,78.5,0.712,5.0,seasonal_inversion
13,10,1,0,103.32,260.53,10.47,29.98,10.64,1.174,4.07,27.2,68.4,0.397,2.865,agricultural_burning
5,11,5,1,61.94,78.62,5.27,23.41,14.88,0.549,0.01,27.2,61.5,0.788,4.438,seasonal_inversion
10,10,1,0,122.01,192.55,5.32,18.34,11.25,1.766,4.26,35.6,56.1,0.634,3.449,agricultural_burning
20,7,4,0,88.33,166.04,7.91,105.14,66.85,3.794,0.51,27.7,53.3,0.532,13.292,vehicular
5,2,1,0,112.59,173.33,15.71,24.59,13.28,0.562,0.74,18.7,57.4,0.65,1.565,seasonal_inversion
7,1,2,0,100.86,161.72,18.67,24.12,19.98,1.124,0.86,16.2,84.6,0.624,1.292,seasonal_inversion
15,4,5,1,101.76,211.75,9.53,15.57,9.43,3.754,2.95,39.2,48.7,0.481,1.634,agricultural_burning
19,4,1,0,81.94,128.36,5.66,109.47,74.1,2.17,2.93,34.8,37.6,0.638,19.352,vehicular
19,10,4,0,63.08,100.33,4.44,115.12,71.94,2.127,0.95,33.0,40.0,0.629,25.938,vehicular
15,12,5,1,101.01,162.85,8.86,37.62,25.74,1.529,4.89,24.4,33.3,0.62,4.246,agricultural_burning
20,7,3,0,38.63,57.33,8.53,6.18,5.14,0.53,5.9,44.0,39.9,0.674,0.725,unknown
17,10,2,0,66.76,111.37,10.13,63.35,50.03,1.508,2.86,29.7,77.1,0.599,6.254,vehicular
1,12,3,0,7.95,9.79,8.37,6.71,4.64,0.65,2.22,31.9,96.6,0.812,0.801,unknown
4,6,1,0,51.62,64.7,7.29,17.77,10.62,0.549,2.42,24.9,83.4,0.798,2.436,unknown
23,12,6,1,46.61,41.89,8.52,22.5,12.32,0.595,3.26,34.2,67.9,1.113,2.641,unknown
3,1,6,1,109.41,106.2,56.41,19.89,7.34,0.989,1.51,29.9,53.8,1.03,0.353,industrial
6,10,6,1,188.39,278.76,41.96,37.52,28.74,0.603,3.76,31.6,57.2,0.676,0.894,industrial
8,2,1,0,106.0,137.22,9.7,34.81,23.41,0.861,1.17,15.5,71.5,0.772,3.587,seasonal_inversion
10,1,6,1,10.73,4.58,0.42,19.17,9.9,0.082,5.28,23.8,92.8,2.341,45.769,unknown
10,3,3,0,212.97,358.14,2.55,5.1,4.06,2.177,4.96,32.2,45.2,0.595,2.003,agricultural_burning
10,11,1,0,151.78,253.93,6.7,17.86,6.53,0.236,1.35,8.1,81.4,0.598,2.666,seasonal_inversion
5,4,6,1,145.03,159.34,80.49,39.74,29.9,0.203,2.72,29.0,60.0,0.91,0.494,industrial
5,1,2,0,46.26,77.54,13.62,26.43,16.49,0.846,1.26,19.3,89.3,0.597,1.941,seasonal_inversion
11,3,5,1,200.43,311.99,4.7,21.15,13.82,1.636,2.4,40.1,69.5,0.642,4.501,agricultural_burning
2,6,4,0,122.81,145.01,60.13,55.24,35.99,0.936,3.65,30.7,51.1,0.847,0.919,industrial
17,3,2,0,64.49,106.27,14.19,113.33,69.48,2.638,1.34,30.2,50.8,0.607,7.984,vehicular
5,11,0,0,117.14,142.36,7.23,27.87,19.33,0.602,1.47,10.1,88.6,0.823,3.856,seasonal_inversion
5,12,6,1,108.43,143.51,6.89,23.37,15.86,0.624,1.28,20.1,70.6,0.756,3.393,seasonal_inversion
6,10,4,0,147.11,193.5,116.85,58.48,45.16,0.718,3.8,22.7,66.9,0.76,0.5,industrial
6,1,4,0,79.8,107.84,6.1,30.19,24.16,0.747,1.17,18.5,77.8,0.74,4.951,seasonal_inversion
6,11,3,0,87.31,112.96,6.23,7.5,1.3,1.245,0.81,4.8,79.1,0.773,1.203,seasonal_inversion
18,5,4,0,63.41,78.45,0.86,101.62,61.01,2.537,0.59,28.4,24.2,0.808,118.28,vehicular
19,9,2,0,72.83,111.17,1.08,78.07,39.09,1.692,2.39,19.8,28.8,0.655,72.578,vehicular
8,1,0,0,99.62,125.96,9.61,21.01,13.87,0.984,0.36,15.7,85.0,0.791,2.187,seasonal_inversion
10,3,4,0,125.43,198.07,12.02,20.12,13.72,2.285,1.28,30.6,72.6,0.633,1.673,agricultural_burning
18,12,1,0,127.26,258.42,4.73,19.43,15.1,3.044,3.98,43.1,37.7,0.492,4.105,agricultural_burning
0,8,0,0,46.1,56.89,7.49,14.69,10.21,0.657,7.73,29.0,80.2,0.81,1.961,unknown
12,10,1,0,134.46,353.06,10.18,24.62,17.3,1.733,1.64,31.5,32.0,0.381,2.417,agricultural_burning
9,10,3,0,201.3,291.76,3.87,9.12,5.87,2.218,3.46,40.7,34.6,0.69,2.352,agricultural_burning
9,1,2,0,75.53,110.32,7.18,32.73,19.54,0.413,0.36,13.4,74.5,0.685,4.561,seasonal_inversion
2,10,3,0,194.36,217.11,81.18,30.04,18.95,0.684,1.63,32.6,72.5,0.895,0.37,industrial
9,12,5,1,110.91,115.12,4.92,20.98,16.92,1.195,0.18,18.1,53.2,0.963,4.269,seasonal_inversion
20,3,3,0,51.02,93.12,7.17,82.58,55.57,2.904,2.47,30.7,26.1,0.548,11.521,vehicular
16,4,0,0,138.65,247.51,1.73,-0.15,-1.82,2.073,3.84,33.8,68.1,0.56,-0.085,agricultural_burning
12,10,2,0,129.37,316.21,3.42,28.97,11.77,1.572,2.85,31.4,36.7,0.409,8.475,agricultural_burning
23,3,5,1,217.49,318.04,70.95,27.56,13.97,1.044,2.58,28.2,70.3,0.684,0.388,industrial
8,4,2,0,113.68,152.5,10.43,99.8,66.33,3.407,2.26,29.8,21.0,0.745,9.568,vehicular
12,3,3,0,134.76,291.97,1.68,8.38,3.72,1.251,4.75,29.8,29.4,0.462,4.985,agricultural_burning
1,5,5,1,26.26,36.89,4.58,25.83,12.83,0.372,7.79,29.4,28.7,0.712,5.633,unknown
8,2,2,0,100.27,116.44,15.88,16.05,10.2,0.747,0.74,26.2,82.7,0.861,1.01,seasonal_inversion
20,6,1,0,68.05,130.98,4.1,63.65,42.31,1.799,2.7,27.8,65.6,0.52,15.534,vehicular
4,6,5,1,206.03,212.1,67.22,35.4,27.21,0.72,0.85,26.6,87.0,0.971,0.527,industrial
23,10,2,0,218.09,310.44,66.21,29.01,12.86,0.425,1.21,28.3,67.9,0.703,0.438,industrial
15,3,3,0,205.43,316.03,9.79,18.36,10.69,1.353,3.86,30.4,26.7,0.65,1.876,agricultural_burning
23,2,4,0,29.86,30.37,3.39,5.08,1.45,0.632,6.96,31.1,76.0,0.983,1.498,unknown
23,5,3,0,152.16,220.18,60.34,28.67,21.13,1.396,3.16,34.5,62.7,0.691,0.475,industrial
23,11,0,0,164.87,265.17,77.42,33.69,15.79,0.614,3.76,22.8,55.8,0.622,0.435,industrial
10,6,2,0,88.07,128.45,4.1,117.72,81.23,2.787,2.75,29.8,65.5,0.686,28.704,vehicular
12,12,4,0,197.32,368.9,6.81,13.49,8.24,1.443,1.27,24.9,38.0,0.535,1.982,agricultural_burning
5,5,4,0,101.86,184.47,70.84,25.68,20.73,1.256,1.1,32.7,70.0,0.552,0.362,industrial
11,2,3,0,31.14,50.77,7.12,6.83,1.82,0.582,5.11,32.8,52.9,0.613,0.958,unknown
7,6,3,0,46.76,78.3,1.37,104.17,52.65,3.806,0.71,21.5,56.2,0.597,76.132,vehicular
17,8,0,0,70.77,110.33,2.29,100.31,60.89,1.294,2.75,31.0,79.3,0.641,43.811,vehicular
4,2,5,1,136.65,216.39,75.86,61.33,39.69,0.558,3.85,26.5,47.8,0.631,0.809,industrial
2,12,2,0,27.23,13.08,7.69,35.14,24.43,0.557,7.63,28.5,71.6,2.082,4.572,unknown
10,1,1,0,90.14,122.26,9.31,20.83,16.03,0.75,0.66,28.8,54.3,0.737,2.238,seasonal_inversion
5,2,1,0,117.48,179.24,9.25,14.94,10.69,1.104,1.22,21.8,67.6,0.655,1.615,seasonal_inversion
7,10,4,0,54.54,70.54,11.6,28.02,13.72,0.261,4.95,20.2,46.7,0.773,2.416,unknown
11,3,3,0,185.02,376.12,9.0,35.72,24.36,2.408,2.93,33.9,36.5,0.492,3.968,agricultural_burning
10,10,2,0,155.92,236.33,9.19,23.81,14.71,3.209,1.32,33.8,37.4,0.66,2.591,agricultural_burning
9,4,0,0,141.18,296.93,12.11,34.25,20.62,2.705,1.48,30.4,39.5,0.475,2.828,agricultural_burning
17,3,0,0,247.2,414.85,-2.28,16.42,8.9,1.501,1.44,29.8,43.1,0.596,5.0,agricultural_burning
0,1,1,0,112.92,113.98,102.14,23.58,12.19,0.982,3.6,25.6,70.1,0.991,0.231,industrial
5,12,2,0,110.88,157.73,16.01,35.04,14.14,0.295,0.06,17.4,89.4,0.703,2.188,seasonal_inversion
1,9,0,0,182.64,195.49,74.59,40.93,25.54,0.823,2.29,21.9,72.4,0.934,0.549,industrial
5,11,1,0,96.43,146.49,14.43,20.27,13.71,1.249,0.04,18.6,75.6,0.658,1.405,seasonal_inversion
8,1,4,0,82.33,133.88,17.43,25.31,12.92,0.931,0.39,23.1,69.3,0.615,1.452,seasonal_inversion
7,11,3,0,68.82,99.11,11.94,36.1,18.13,0.665,0.09,19.0,75.5,0.694,3.024,seasonal_inversion
5,10,2,0,212.48,294.46,108.89,32.23,18.26,0.825,1.33,30.2,59.4,0.722,0.296,industrial
6,12,3,0,96.46,131.87,-1.26,26.84,24.49,0.641,1.21,13.0,72.0,0.732,5.0,seasonal_inversion
0,7,5,1,31.38,27.1,4.75,31.95,18.46,0.718,1.79,35.7,63.9,1.158,6.728,unknown
19,1,1,0,114.97,173.25,3.04,82.09,42.14,1.642,1.82,23.8,77.4,0.664,26.975,vehicular
3,11,3,0,159.54,202.84,92.79,54.61,35.76,0.589,2.54,32.2,84.1,0.787,0.589,industrial
12,4,3,0,146.47,261.08,2.32,20.87,12.54,2.762,4.16,27.9,38.2,0.561,9.012,agricultural_burning
18,9,3,0,86.09,110.24,8.6,72.0,25.36,2.413,2.76,23.9,70.3,0.781,8.375,vehicular
8,9,1,0,84.4,119.46,0.48,78.83,44.77,2.23,2.64,34.2,60.3,0.706,163.615,vehicular
10,1,4,0,92.31,113.44,14.72,32.64,22.36,0.896,0.28,9.6,67.3,0.814,2.217,seasonal_inversion
7,11,6,1,113.24,172.87,4.62,35.24,23.28,1.078,1.16,25.2,72.6,0.655,7.633,seasonal_inversion
18,5,3,0,39.19,47.62,7.63,10.98,5.96,0.477,7.28,25.0,63.4,0.823,1.44,unknown
8,12,2,0,70.96,74.12,17.04,51.76,37.32,1.02,0.47,17.7,76.6,0.957,3.038,seasonal_inversion
20,4,0,0,58.34,80.98,5.04,99.49,54.14,2.717,2.81,24.8,50.9,0.72,19.742,vehicular
1,6,0,0,57.75,103.05,5.94,4.25,1.56,0.705,3.74,29.3,37.1,0.56,0.716,unknown
17,12,2,0,124.42,272.06,8.45,26.99,15.38,1.314,3.58,29.2,58.3,0.457,3.196,agricultural_burning
9,11,3,0,48.19,49.52,10.4,28.34,18.59,1.363,0.98,20.6,67.2,0.973,2.727,seasonal_inversion
22,11,2,0,168.38,197.04,96.08,38.29,29.5,1.279,1.74,27.9,34.7,0.855,0.398,industrial
5,2,0,0,150.26,234.15,5.8,22.8,8.13,1.118,0.93,16.0,86.7,0.642,3.928,seasonal_inversion
9,4,1,0,43.65,75.05,4.82,111.97,68.6,1.329,2.49,27.7,48.3,0.582,23.242,vehicular
18,10,0,0,55.24,120.6,7.76,119.2,58.57,2.995,2.67,38.6,44.5,0.458,15.368,vehicular
16,11,3,0,181.68,303.52,10.9,34.04,24.21,1.878,3.45,44.8,59.6,0.599,3.122,agricultural_burning
17,1,3,0,69.18,103.58,9.08,101.94,62.3,2.761,1.26,30.0,90.0,0.668,11.224,vehicular
5,5,6,1,45.23,68.08,12.2,16.13,5.72,0.384,6.72,31.3,30.3,0.664,1.322,unknown
3,9,0,0,230.79,346.83,100.19,33.92,24.57,0.072,1.72,37.1,60.8,0.665,0.338,industrial
8,3,3,0,41.09,50.39,5.48,21.2,10.16,0.627,5.3,29.7,51.3,0.816,3.867,unknown
9,11,0,0,135.56,197.27,17.9,12.95,5.93,0.775,0.49,20.5,40.0,0.687,0.723,seasonal_inversion
16,1,4,0,67.02,100.97,9.36,22.58,12.9,0.338,3.83,26.2,60.2,0.664,2.412,unknown
8,1,1,0,58.3,91.42,15.83,20.9,16.13,0.474,0.83,9.4,87.3,0.638,1.32,seasonal_inversion
16,10,3,0,94.87,218.74,9.2,22.29,10.42,1.903,2.06,43.9,40.6,0.434,2.423,agricultural_burning
9,1,6,1,113.9,203.8,1.12,21.16,10.71,0.898,1.13,15.8,84.4,0.559,18.925,seasonal_inversion
19,3,3,0,61.58,37.69,13.44,10.19,8.6,0.527,2.12,30.9,68.0,1.634,0.759,unknown
6,2,2,0,78.09,107.35,11.48,26.66,24.2,0.983,1.29,21.1,98.0,0.727,2.322,seasonal_inversion
7,12,0,0,147.32,180.47,12.96,29.01,19.15,0.503,0.09,23.9,81.6,0.816,2.239,seasonal_inversion
18,12,0,0,50.95,60.14,10.94,33.1,15.94,0.675,5.17,35.1,62.0,0.847,3.025,unknown
4,5,0,0,56.0,70.73,7.43,26.52,21.41,0.734,5.74,27.3,52.3,0.792,3.569,unknown
6,10,5,1,185.19,232.12,78.01,30.24,21.92,1.052,3.5,23.2,54.2,0.798,0.388,industrial
2,8,5,1,146.67,219.96,28.89,64.78,30.02,1.098,3.01,27.8,64.9,0.667,2.243,industrial
10,12,1,0,130.71,197.41,7.26,34.42,27.84,1.207,0.46,13.1,63.1,0.662,4.74,seasonal_inversion
17,11,5,1,185.35,274.02,-3.83,25.76,22.35,1.38,1.34,36.4,40.7,0.676,5.0,agricultural_burning
18,2,1,0,51.65,106.8,3.26,48.55,21.84,2.627,1.23,21.6,58.4,0.484,14.876,vehicular
15,10,3,0,124.77,206.54,3.67,12.53,7.74,1.784,4.92,28.8,34.8,0.604,3.418,agricultural_burning
15,11,6,1,172.1,302.99,-3.25,19.69,12.69,2.102,1.96,29.9,42.3,0.568,5.0,agricultural_burning
5,8,0,0,220.56,262.19,63.81,20.03,9.47,1.131,2.67,33.5,80.3,0.841,0.314,industrial
1,3,5,1,139.85,203.86,80.98,21.18,14.21,1.245,3.98,32.8,67.5,0.686,0.262,industrial
7,2,3,0,51.73,54.19,0.3,61.05,57.08,2.89,1.09,20.9,41.0,0.955,203.729,vehicular
0,10,6,1,196.43,302.21,46.04,54.62,27.23,1.023,2.03,22.5,55.6,0.65,1.186,industrial
7,3,2,0,58.17,89.32,8.46,71.68,56.44,3.266,2.52,37.9,75.8,0.651,8.475,vehicular
7,11,1,0,90.14,118.4,5.64,91.89,65.04,3.102,2.65,25.7,54.5,0.761,16.306,vehicular
12,4,0,0,168.83,296.99,7.45,7.26,2.43,0.923,2.5,17.4,72.2,0.568,0.975,agricultural_burning
23,9,1,0,141.86,193.49,68.61,17.25,19.14,1.314,0.89,32.9,44.6,0.733,0.251,industrial
1,6,2,0,192.28,289.11,71.58,31.21,26.71,0.902,2.76,26.9,74.0,0.665,0.436,industrial
22,2,4,0,124.75,222.58,65.83,45.55,30.47,0.63,1.15,22.7,100.0,0.56,0.692,industrial
17,4,3,0,149.0,236.73,8.84,10.01,5.73,1.734,4.63,32.7,27.8,0.629,1.132,agricultural_burning
2,12,4,0,169.73,214.37,85.5,36.89,25.42,0.824,2.53,30.3,64.5,0.792,0.431,industrial
8,1,1,0,66.62,109.24,10.6,43.92,33.64,1.013,0.22,16.9,60.6,0.61,4.145,seasonal_inversion
7,6,3,0,91.48,120.6,11.12,79.89,55.78,2.84,0.93,40.5,53.0,0.759,7.186,vehicular
21,1,0,0,49.01,45.66,8.73,36.69,27.89,0.323,3.87,26.2,45.8,1.073,4.202,unknown
16,5,1,0,42.32,59.49,2.34,4.99,5.25,0.76,3.74,25.9,30.3,0.711,2.132,unknown
0,3,5,1,212.98,286.03,60.94,48.89,37.51,1.199,3.38,29.5,87.0,0.745,0.802,industrial
22,7,5,1,165.5,276.77,82.48,24.41,13.24,0.778,3.96,21.8,40.6,0.598,0.296,industrial
8,1,6,1,108.9,154.58,3.24,29.86,14.34,0.825,0.74,16.7,73.3,0.704,9.223,seasonal_inversion
20,12,2,0,53.43,52.53,0.68,39.42,23.57,0.24,5.97,34.3,78.1,1.017,58.24,unknown
6,9,6,1,238.84,367.08,101.77,55.46,43.5,0.643,1.06,26.7,57.9,0.651,0.545,industrial
4,11,4,0,41.13,64.09,-1.37,26.13,13.02,0.759,5.77,15.1,95.0,0.642,5.0,unknown
6,2,1,0,83.43,103.98,14.48,26.87,18.02,1.166,0.97,9.8,62.3,0.802,1.856,seasonal_inversion
4,1,0,0,42.7,64.18,6.69,30.28,19.2,0.683,2.98,25.5,65.9,0.665,4.525,unknown
6,2,4,0,98.01,177.27,15.77,28.56,29.68,1.141,0.27,16.8,75.3,0.553,1.811,seasonal_inversion
22,10,1,0,167.75,196.85,71.35,0.56,0.92,0.882,2.9,25.1,92.7,0.852,0.008,industrial
9,12,2,0,98.31,148.33,15.71,31.11,21.78,1.007,0.77,19.9,68.7,0.663,1.98,seasonal_inversion
18,3,3,0,39.58,59.73,9.46,26.3,9.87,0.491,1.44,25.0,61.7,0.663,2.779,unknown
0,3,0,0,171.47,221.78,60.14,56.69,39.49,0.991,2.78,43.0,59.3,0.773,0.943,industrial
4,2,2,0,180.07,254.42,78.44,38.5,26.07,1.156,2.37,20.8,93.9,0.708,0.491,industrial
9,12,6,1,98.15,147.14,13.45,38.74,32.94,0.595,0.4,17.8,83.6,0.667,2.881,seasonal_inversion
6,1,0,0,87.66,154.66,23.94,28.56,22.56,0.637,1.11,21.6,87.8,0.567,1.193,seasonal_inversion
10,10,2,0,95.63,159.4,8.71,52.4,25.19,2.249,1.56,30.2,51.2,0.6,6.019,vehicular
8,5,2,0,75.93,137.35,9.21,24.19,16.56,0.626,5.01,45.5,64.9,0.553,2.627,unknown
5,1,2,0,117.37,191.7,16.33,16.41,10.77,0.852,0.4,18.3,42.0,0.612,1.005,seasonal_inversion
10,12,5,1,154.67,321.77,13.68,11.2,6.04,0.973,4.73,30.2,40.3,0.481,0.818,agricultural_burning
12,11,3,0,200.32,304.2,8.65,17.33,10.46,1.517,3.76,30.8,41.0,0.659,2.003,agricultural_burning
7,12,2,0,64.32,87.78,4.54,81.35,47.04,2.897,2.02,30.3,39.4,0.733,17.904,vehicular
1,12,3,0,168.43,256.77,55.15,31.67,19.22,0.675,1.51,35.0,50.3,0.656,0.574,industrial
18,11,0,0,122.9,248.97,2.78,16.56,9.0,1.412,2.94,35.0,43.0,0.494,5.947,agricultural_burning
9,12,2,0,65.46,122.88,7.95,83.25,58.92,1.97,1.45,31.6,67.0,0.533,10.474,vehicular
17,9,3,0,-1.26,-16.56,7.69,21.03,11.29,0.027,3.45,38.0,69.7,0.5,2.733,unknown
8,12,1,0,130.77,182.55,5.45,34.06,24.6,0.614,0.33,23.5,72.1,0.716,6.25,seasonal_inversion
8,12,2,0,88.67,104.53,2.07,24.76,13.95,0.961,0.08,18.2,61.2,0.848,11.94,seasonal_inversion
5,4,5,1,34.11,43.83,10.52,25.79,17.05,0.453,5.81,20.3,75.2,0.778,2.451,unknown
9,9,0,0,69.64,104.44,9.3,89.77,67.88,3.831,0.52,17.4,80.5,0.667,9.652,vehicular
6,2,4,0,46.87,77.58,17.2,20.81,9.18,0.499,7.57,27.1,59.5,0.604,1.21,unknown
0,1,4,0,48.37,77.41,5.01,28.64,9.24,0.135,2.03,28.1,98.0,0.625,5.722,unknown
6,1,0,0,130.53,218.06,16.71,36.29,27.85,0.422,1.26,24.8,74.8,0.599,2.172,seasonal_inversion
6,2,1,0,98.55,145.18,9.91,15.43,14.9,1.069,1.22,6.4,76.5,0.679,1.557,seasonal_inversion
20,4,1,0,30.41,47.59,8.35,13.02,6.56,0.168,5.49,36.0,90.7,0.639,1.559,unknown
7,11,4,0,115.47,180.52,7.59,24.34,17.53,0.893,0.18,22.6,84.6,0.64,3.208,seasonal_inversion
18,4,5,1,27.49,20.37,12.21,28.19,14.1,0.522,1.4,21.5,71.0,1.349,2.308,unknown
0,9,1,0,183.84,203.36,107.09,50.63,38.59,0.75,3.51,18.9,88.1,0.904,0.473,industrial
19,9,3,0,84.41,137.14,5.48,52.37,30.52,4.778,2.27,36.4,57.7,0.615,9.553,vehicular
2,8,6,1,220.85,271.07,75.37,28.87,15.51,0.914,2.57,28.5,55.9,0.815,0.383,industrial
0,7,2,0,146.25,212.5,75.9,39.68,25.56,0.644,3.53,33.1,68.9,0.688,0.523,industrial
9,4,1,0,99.73,161.17,8.02,89.24,46.36,1.748,2.71,32.1,38.7,0.619,11.12,vehicular
8,1,5,1,112.95,158.65,11.53,43.29,29.72,0.798,1.08,11.1,79.0,0.712,3.755,seasonal_inversion
2,7,1,0,194.11,270.1,70.39,3.81,3.15,0.664,2.6,24.2,78.0,0.719,0.054,industrial
19,10,5,1,58.1,70.07,10.51,41.45,20.83,0.575,6.46,20.1,88.7,0.829,3.942,unknown
9,10,2,0,77.41,127.61,5.32,92.31,57.92,1.587,1.39,22.5,77.4,0.607,17.349,vehicular
10,11,2,0,97.58,128.4,9.89,22.97,11.87,2.481,2.03,41.1,45.3,0.76,2.323,agricultural_burning
6,8,5,1,21.45,33.0,10.2,20.47,12.03,0.152,5.85,26.6,66.6,0.65,2.007,unknown
18,12,1,0,86.02,183.23,2.17,36.42,21.0,1.821,4.69,34.0,25.9,0.469,16.79,agricultural_burning
11,5,0,0,11.71,23.06,5.02,17.87,12.21,0.23,5.5,16.7,51.2,0.508,3.557,unknown
7,6,3,0,45.32,71.23,6.95,28.4,18.89,0.622,2.2,25.8,67.2,0.636,4.086,unknown
17,12,1,0,102.39,157.83,12.08,81.84,58.08,3.664,2.44,36.2,63.4,0.649,6.777,vehicular
0,3,6,1,230.97,341.7,89.12,9.82,7.63,0.665,3.44,25.6,57.4,0.676,0.11,industrial
10,2,4,0,38.96,85.28,4.67,72.45,51.32,2.679,1.05,26.4,51.6,0.457,15.512,vehicular
7,12,3,0,86.09,130.2,10.33,37.1,30.9,1.184,0.9,7.7,92.1,0.661,3.592,seasonal_inversion
11,12,3,0,201.89,283.86,14.74,27.41,17.23,2.04,3.85,26.6,62.8,0.711,1.859,agricultural_burning
17,7,3,0,60.03,82.27,5.62,69.55,44.58,3.099,1.24,21.7,84.7,0.73,12.379,vehicular
21,5,0,0,39.6,59.37,12.87,10.15,8.68,0.813,1.63,22.1,64.7,0.667,0.788,unknown
10,4,2,0,123.24,255.56,8.62,24.86,11.63,0.481,4.41,35.3,48.1,0.482,2.884,agricultural_burning
17,12,6,1,88.58,225.32,-2.97,26.74,12.81,2.672,3.44,27.6,31.1,0.393,5.0,agricultural_burning
9,4,1,0,73.18,74.75,9.76,78.53,54.6,2.87,0.75,27.1,70.4,0.979,8.05,vehicular
3,9,4,0,43.82,51.85,1.56,26.14,15.53,0.422,5.97,29.1,68.2,0.845,16.774,unknown
18,12,4,0,64.56,134.61,0.27,55.12,24.86,1.018,0.57,33.3,59.6,0.48,200.762,vehicular
7,2,0,0,34.32,42.66,6.42,3.24,2.77,0.823,5.73,17.7,91.8,0.804,0.505,unknown
18,8,0,0,78.07,117.29,-0.51,70.44,30.32,3.493,1.75,29.3,82.1,0.666,5.0,vehicular
19,6,4,0,100.35,226.04,-0.3,97.82,64.51,2.713,0.87,30.1,65.5,0.444,5.0,vehicular
7,11,4,0,101.26,132.87,18.48,46.77,32.65,0.785,1.28,22.3,82.4,0.762,2.531,seasonal_inversion
7,2,6,1,69.69,106.26,10.41,20.65,15.32,0.708,1.42,28.2,78.4,0.656,1.984,seasonal_inversion
0,3,6,1,206.32,295.12,77.83,32.63,16.14,0.636,1.97,23.2,79.9,0.699,0.419,industrial
11,3,6,1,142.93,232.8,8.79,15.69,5.37,1.3,2.08,34.3,46.0,0.614,1.784,agricultural_burning
19,10,1,0,34.12,68.9,2.55,119.35,70.36,2.896,2.83,23.3,67.9,0.495,46.879,vehicular
22,7,1,0,188.76,250.13,77.82,9.51,7.5,0.5,2.78,29.0,74.6,0.755,0.122,industrial
19,6,1,0,40.75,69.46,4.49,69.17,39.3,1.396,1.82,26.0,47.7,0.587,15.411,vehicular
21,5,6,1,15.59,15.09,8.3,21.67,15.05,0.634,2.63,24.7,46.0,1.033,2.61,unknown
18,2,1,0,83.23,127.02,6.11,95.1,47.81,2.801,1.06,36.3,34.2,0.655,15.558,vehicular
8,1,0,0,130.61,169.74,3.86,16.98,12.88,0.617,1.24,16.7,54.7,0.769,4.396,seasonal_inversion
9,1,1,0,104.95,169.79,5.7,27.88,16.88,0.888,0.44,22.5,95.7,0.618,4.893,seasonal_inversion
9,2,4,0,59.48,105.18,15.04,25.52,13.22,0.603,7.24,16.5,37.3,0.566,1.697,unknown
1,7,4,0,229.22,297.79,100.16,47.12,27.44,0.332,1.07,34.8,70.1,0.77,0.47,industrial
3,2,5,1,128.35,138.77,72.76,45.43,27.9,0.42,2.18,28.8,67.8,0.925,0.624,industrial
10,10,6,1,137.05,198.02,6.45,29.51,16.24,1.259,4.64,28.6,29.3,0.692,4.576,agricultural_burning
6,5,4,0,179.99,189.11,97.47,62.26,44.33,0.733,0.62,29.6,64.4,0.952,0.639,industrial
18,12,0,0,134.42,271.74,13.02,23.44,9.01,1.541,4.72,36.4,45.9,0.495,1.8,agricultural_burning
5,5,5,1,12.18,27.73,4.53,14.97,9.73,0.509,4.31,19.0,62.3,0.439,3.308,unknown
17,4,3,0,139.23,247.27,11.62,10.87,2.91,1.64,4.94,36.4,39.8,0.563,0.936,agricultural_burning
8,1,6,1,119.46,143.96,7.16,25.07,16.98,0.328,0.39,7.6,73.4,0.83,3.5,seasonal_inversion
19,9,3,0,44.81,58.54,7.29,22.76,13.35,0.461,5.78,27.5,70.6,0.766,3.124,unknown
10,12,4,0,45.05,86.5,5.13,28.5,20.9,0.948,0.61,22.2,66.4,0.521,5.56,seasonal_inversion
17,2,5,1,11.97,30.16,0.8,11.35,6.02,0.564,5.43,27.6,82.7,0.397,14.274,unknown
7,12,6,1,82.88,128.2,3.29,27.45,16.49,0.957,0.09,19.3,65.1,0.646,8.332,seasonal_inversion
2,6,3,0,218.3,349.9,64.76,24.11,18.59,1.271,3.22,26.1,72.2,0.624,0.372,industrial
2,7,3,0,130.59,151.89,84.47,33.58,23.44,0.631,1.34,30.7,55.0,0.86,0.398,industrial
13,6,2,0,59.75,84.1,12.74,14.74,10.67,0.919,2.76,34.2,29.3,0.711,1.156,unknown
9,12,5,1,67.97,108.49,13.21,18.34,12.03,0.958,0.99,30.9,62.2,0.626,1.389,seasonal_inversion
4,7,3,0,131.67,175.12,74.13,56.89,33.47,1.296,0.76,38.3,29.6,0.752,0.767,industrial
1,6,3,0,180.3,164.66,50.39,23.7,17.44,0.677,2.24,36.2,83.6,1.095,0.47,industrial
3,8,2,0,175.71,234.14,91.5,50.39,34.36,1.046,2.08,27.8,70.1,0.75,0.551,industrial
8,12,6,1,128.03,196.7,17.18,30.01,22.53,0.765,0.25,11.2,56.4,0.651,1.746,seasonal_inversion
9,7,2,0,93.74,140.49,4.96,151.89,106.64,2.668,2.97,25.6,58.0,0.667,30.648,vehicular
14,10,6,1,182.95,355.67,2.29,26.92,11.07,1.277,3.84,26.6,56.9,0.514,11.754,agricultural_burning
18,10,1,0,33.27,69.1,5.95,53.46,18.04,2.123,2.09,28.4,49.0,0.481,8.989,vehicular
2,6,2,0,50.73,65.87,10.59,22.13,11.55,0.422,3.86,17.9,62.5,0.77,2.09,unknown
4,4,6,1,195.32,198.55,73.29,11.01,8.11,0.749,2.07,31.6,48.4,0.984,0.15,industrial
10,4,1,0,62.92,103.82,6.06,101.24,58.75,2.302,2.58,27.1,34.2,0.606,16.694,vehicular
14,10,2,0,140.84,218.67,15.62,13.02,3.88,2.352,1.61,35.3,60.2,0.644,0.833,agricultural_burning
23,11,5,1,165.09,258.95,70.61,39.68,28.11,1.098,2.71,28.0,80.2,0.638,0.562,industrial
23,9,0,0,175.71,244.12,92.26,60.18,33.0,1.427,3.41,30.2,93.0,0.72,0.652,industrial
7,12,0,0,62.21,97.4,4.46,88.45,61.0,1.283,1.61,26.7,45.7,0.639,19.853,vehicular
2,3,0,0,157.51,217.87,57.84,33.15,21.34,0.286,3.14,32.3,69.0,0.723,0.573,industrial
15,3,2,0,101.59,247.23,11.57,15.62,1.84,1.759,3.24,35.3,32.6,0.411,1.35,agricultural_burning
6,12,2,0,70.69,82.46,9.51,37.12,33.61,1.127,0.01,19.2,64.2,0.857,3.904,seasonal_inversion
9,12,4,0,67.96,75.21,5.94,17.65,16.97,0.816,1.36,13.3,79.7,0.904,2.973,seasonal_inversion
6,6,6,1,198.61,216.41,92.78,53.34,43.49,0.557,3.91,28.2,79.7,0.918,0.575,industrial
11,10,2,0,146.44,267.65,3.7,34.55,19.97,1.448,2.07,29.6,27.5,0.547,9.344,agricultural_burning
18,4,4,0,57.36,103.41,5.36,126.54,52.12,2.833,0.66,35.3,90.0,0.555,23.606,vehicular
20,10,3,0,58.67,83.08,5.94,102.56,78.33,2.454,1.12,21.7,57.1,0.706,17.268,vehicular
7,6,3,0,96.0,142.41,4.74,53.34,40.04,2.401,2.99,30.5,57.4,0.674,11.245,vehicular
5,4,1,0,251.8,283.03,59.97,39.77,29.58,0.753,1.54,25.8,46.3,0.89,0.663,industrial
17,9,2,0,74.26,153.31,1.88,87.9,50.39,2.501,2.63,26.6,61.3,0.484,46.835,vehicular
7,2,4,0,61.48,93.7,3.53,10.42,1.54,0.566,0.52,24.5,70.4,0.656,2.955,seasonal_inversion
18,10,5,1,154.37,264.65,9.06,22.03,11.72,2.089,2.45,37.2,24.7,0.583,2.431,agricultural_burning
20,3,5,1,38.36,75.98,7.84,-4.42,-1.17,0.647,2.72,22.2,68.0,0.505,-0.564,unknown
5,11,2,0,98.92,152.75,12.17,30.91,18.45,0.819,0.13,19.1,60.5,0.648,2.54,seasonal_inversion
5,9,3,0,134.12,189.26,85.35,20.22,10.76,1.041,1.61,24.5,72.2,0.709,0.237,industrial
22,12,2,0,66.44,92.1,6.74,32.53,18.87,0.37,1.06,23.9,59.8,0.721,4.829,unknown
6,12,0,0,140.03,170.1,52.1,36.92,12.93,1.103,3.78,23.4,60.0,0.823,0.709,industrial
10,2,6,1,72.05,107.94,6.65,24.47,22.32,0.761,0.95,16.0,79.4,0.667,3.677,seasonal_inversion
22,6,5,1,179.7,223.43,68.8,25.67,21.04,0.394,0.95,24.5,70.9,0.804,0.373,industrial
4,10,0,0,143.49,214.15,55.53,31.93,18.67,0.37,1.1,23.8,64.9,0.67,0.575,industrial
11,11,2,0,51.0,43.27,11.58,7.1,5.44,0.517,6.67,19.7,44.4,1.179,0.613,unknown
12,11,5,1,98.83,186.28,14.67,23.97,10.45,1.784,4.26,37.3,56.5,0.531,1.634,agricultural_burning
5,6,4,0,196.52,287.42,59.53,28.02,19.86,0.17,1.65,24.0,56.4,0.684,0.471,industrial
10,1,1,0,123.02,173.09,9.42,109.45,77.59,3.286,2.02,29.3,71.0,0.711,11.616,vehicular
11,10,2,0,59.94,71.68,14.87,23.69,12.73,0.745,6.21,23.2,55.7,0.836,1.593,unknown
14,10,1,0,176.57,310.05,11.6,22.33,9.15,1.282,2.66,34.9,52.6,0.569,1.925,agricultural_burning
20,11,0,0,111.91,212.69,1.83,119.49,82.17,2.433,2.92,28.1,57.2,0.526,65.293,vehicular
19,9,1,0,73.99,133.44,9.67,63.49,35.72,2.448,0.81,19.6,36.7,0.555,6.566,vehicular
9,2,1,0,66.2,69.56,13.67,121.08,70.97,3.216,1.48,32.7,64.7,0.952,8.86,vehicular
10,2,1,0,108.2,172.16,10.3,18.56,17.5,1.15,0.5,14.7,73.8,0.628,1.802,seasonal_inversion
15,12,4,0,112.83,228.0,19.04,12.33,6.5,1.724,3.35,30.6,60.5,0.495,0.647,agricultural_burning
2,10,6,1,149.86,199.65,105.8,54.0,45.86,1.094,2.32,32.8,46.8,0.751,0.51,industrial
18,6,2,0,79.73,108.99,2.45,92.33,60.85,4.177,0.59,27.7,74.9,0.731,37.64,vehicular
23,3,1,0,46.16,68.1,6.26,22.2,6.35,0.264,3.91,24.4,98.0,0.678,3.547,unknown
23,3,2,0,141.9,220.21,68.3,21.15,17.6,1.051,1.48,30.1,62.7,0.644,0.31,industrial
7,2,5,1,58.94,77.52,13.38,50.95,41.03,1.14,1.16,19.0,62.6,0.76,3.808,seasonal_inversion
6,10,1,0,214.23,308.13,90.21,24.15,14.69,0.878,1.7,29.3,38.9,0.695,0.268,industrial
5,12,3,0,146.66,213.79,7.36,29.26,16.48,0.592,0.54,20.7,61.2,0.686,3.977,seasonal_inversion
8,12,0,0,78.92,128.6,3.21,36.31,26.38,2.706,1.2,31.5,62.3,0.614,11.308,vehicular
7,12,6,1,79.96,105.14,5.54,45.5,29.81,0.786,1.41,13.9,71.7,0.76,8.22,seasonal_inversion
10,6,2,0,93.82,95.12,8.54,102.57,54.38,2.171,0.5,35.4,62.1,0.986,12.015,vehicular
10,3,6,1,257.36,418.94,4.88,24.37,16.29,1.83,4.21,35.3,35.7,0.614,4.997,agricultural_burning
12,4,5,1,129.55,178.85,11.31,26.22,11.31,1.353,1.56,32.4,51.3,0.724,2.318,agricultural_burning
10,5,4,0,32.01,30.51,6.88,75.15,49.42,2.777,1.77,31.7,61.9,1.049,10.922,vehicular
15,6,4,0,43.18,76.68,15.11,18.47,14.71,0.679,2.52,27.1,49.8,0.563,1.222,unknown
9,12,1,0,98.43,118.28,5.53,45.97,28.36,0.322,0.01,26.1,69.4,0.832,8.314,seasonal_inversion
5,12,5,1,139.44,200.81,8.31,30.54,19.85,0.965,0.13,24.0,69.3,0.694,3.677,seasonal_inversion
3,8,2,0,88.82,125.08,59.63,29.44,14.17,0.91,2.35,27.9,36.0,0.71,0.494,industrial
4,4,4,0,170.72,248.06,96.64,41.82,32.17,1.153,3.57,19.8,56.6,0.688,0.433,industrial
7,2,1,0,63.05,105.13,1.16,108.55,75.82,3.399,2.77,35.6,42.2,0.6,93.315,vehicular
6,10,5,1,43.94,80.99,4.81,33.35,19.71,0.354,3.35,41.3,38.9,0.543,6.935,unknown
10,12,0,0,85.79,232.99,12.88,6.47,2.09,1.013,1.54,37.1,47.8,0.368,0.502,agricultural_burning
2,12,1,0,193.39,284.64,71.7,31.07,21.25,0.957,1.8,29.1,85.5,0.679,0.433,industrial
8,12,4,0,69.04,89.12,7.73,118.03,56.5,3.627,0.98,27.4,56.9,0.775,15.263,vehicular
13,11,6,1,162.37,233.34,3.04,26.65,11.01,1.764,1.77,34.6,44.2,0.696,8.76,agricultural_burning
17,4,1,0,76.28,105.32,4.49,135.21,91.19,2.379,0.88,29.3,36.9,0.724,30.14,vehicular
13,4,6,1,39.25,40.08,7.82,10.88,6.87,0.447,5.27,19.9,80.5,0.979,1.392,unknown
16,11,6,1,191.83,245.99,6.4,23.4,15.72,1.201,4.46,32.4,60.2,0.78,3.654,agricultural_burning
13,11,4,0,150.74,240.93,15.18,19.86,14.2,2.461,1.91,28.9,48.7,0.626,1.309,agricultural_burning
10,4,4,0,69.0,111.2,4.45,21.11,15.91,1.727,4.01,26.9,33.5,0.62,4.747,agricultural_burning
6,2,5,1,66.29,66.66,8.57,37.38,26.23,1.191,0.85,21.3,73.3,0.994,4.363,seasonal_inversion
16,5,2,0,46.26,71.71,9.07,28.75,18.56,0.426,6.22,34.5,41.3,0.645,3.169,unknown
10,11,4,0,78.8,118.33,5.47,14.91,13.99,0.712,0.8,19.8,80.9,0.666,2.725,seasonal_inversion
21,6,5,1,32.41,41.06,9.45,27.71,18.32,0.701,7.38,29.7,67.8,0.789,2.933,unknown
0,3,4,0,51.33,62.76,11.14,24.74,10.22,0.331,5.11,36.7,65.2,0.818,2.221,unknown
8,12,6,1,57.66,81.41,14.76,38.16,25.13,0.574,0.42,21.3,68.6,0.708,2.585,seasonal_inversion
7,5,0,0,27.69,25.68,6.48,30.65,10.23,0.382,3.25,32.0,50.6,1.078,4.731,unknown
10,11,4,0,71.44,98.32,14.96,21.52,13.68,1.409,1.17,20.6,91.3,0.727,1.439,seasonal_inversion
5,3,6,1,179.49,212.98,73.04,43.48,28.17,0.694,0.67,29.1,72.5,0.843,0.595,industrial
0,11,1,0,23.5,37.46,7.46,0.98,-1.89,0.326,1.31,28.0,54.8,0.627,0.131,unknown
19,5,6,1,66.49,95.79,7.04,21.09,13.77,0.591,1.11,33.1,73.0,0.694,2.996,unknown
5,2,2,0,73.89,105.45,12.35,30.2,16.3,1.004,0.43,20.9,84.0,0.701,2.445,seasonal_inversion
17,4,1,0,53.15,97.89,1.68,97.15,47.27,2.13,1.56,30.3,35.4,0.543,57.862,vehicular
0,12,4,0,45.56,57.89,14.35,27.09,19.01,0.39,4.36,30.0,70.5,0.787,1.888,unknown
7,9,4,0,95.94,203.21,4.02,50.57,33.07,2.772,1.21,34.0,72.0,0.472,12.578,vehicular
4,3,5,1,143.92,173.78,61.79,55.68,42.37,0.695,2.46,21.9,67.5,0.828,0.901,industrial
6,2,4,0,130.22,183.88,17.01,17.45,8.84,0.863,0.37,18.1,53.3,0.708,1.026,seasonal_inversion
4,5,1,0,227.94,332.04,51.38,26.2,15.71,0.399,1.05,29.2,56.3,0.686,0.51,industrial
11,11,4,0,113.28,304.87,12.67,9.98,7.79,1.217,2.99,36.2,23.4,0.372,0.788,agricultural_burning
14,3,1,0,133.97,246.6,9.33,28.22,15.07,1.98,2.1,33.5,42.1,0.543,3.024,agricultural_burning
6,9,4,0,195.32,229.97,98.42,21.68,14.06,0.859,3.3,28.3,78.4,0.849,0.22,industrial
14,11,6,1,215.43,308.34,8.84,10.09,9.63,2.728,4.98,30.9,41.4,0.699,1.141,agricultural_burning
6,10,2,0,126.3,192.27,74.49,25.21,20.53,1.092,2.0,30.1,46.2,0.657,0.338,industrial
2,5,3,0,162.48,166.37,86.96,15.06,13.43,1.133,3.93,36.5,79.9,0.977,0.173,industrial
5,2,1,0,76.77,121.71,15.64,45.18,25.38,0.824,0.62,19.1,59.1,0.631,2.889,seasonal_inversion
19,8,6,1,46.37,73.83,1.71,34.46,20.29,0.493,5.85,26.3,44.8,0.628,20.099,unknown
22,8,4,0,122.09,165.62,65.38,28.51,24.34,0.759,3.88,28.0,47.5,0.737,0.436,industrial
13,4,5,1,99.81,210.14,11.66,10.27,-0.94,1.487,2.35,38.8,25.5,0.475,0.881,agricultural_burning
21,10,1,0,54.34,86.68,4.29,4.47,5.84,0.534,3.0,40.1,53.6,0.627,1.042,unknown
0,6,2,0,138.6,155.64,98.67,10.51,7.2,1.183,1.06,30.6,43.4,0.891,0.106,industrial
17,11,0,0,100.4,161.65,6.68,66.94,42.0,3.574,1.21,34.2,61.1,0.621,10.022,vehicular
23,6,5,1,121.59,147.36,63.61,19.79,15.1,0.858,0.63,23.3,63.9,0.825,0.311,industrial
20,4,1,0,76.26,153.79,5.01,117.33,61.57,2.0,1.85,20.9,62.9,0.496,23.405,vehicular
23,11,5,1,47.8,73.02,2.63,15.46,13.43,0.312,6.36,37.3,73.7,0.655,5.888,unknown
10,4,4,0,29.9,190.33,6.06,16.63,8.6,0.39,1.89,26.9,18.5,0.157,2.742,agricultural_burning
13,10,5,1,185.4,284.0,2.34,17.65,10.02,3.11,1.53,30.3,53.9,0.653,7.53,agricultural_burning
9,6,4,0,47.46,60.51,8.04,77.3,36.94,3.085,2.86,36.8,39.4,0.784,9.609,vehicular
8,12,2,0,69.56,121.44,1.85,80.02,40.09,4.064,2.69,32.3,48.5,0.573,43.353,vehicular
19,2,2,0,91.7,146.93,0.65,102.35,82.01,4.24,1.05,35.0,47.3,0.624,156.539,vehicular
8,8,1,0,103.9,182.56,5.13,76.39,57.33,3.088,1.15,24.5,58.6,0.569,14.893,vehicular
8,9,0,0,29.36,62.19,5.53,89.26,57.41,2.34,2.53,26.9,77.5,0.472,16.13,vehicular
11,3,5,1,52.43,104.64,7.6,11.74,6.5,0.659,6.34,33.0,40.9,0.501,1.545,unknown
8,8,0,0,78.45,109.26,0.11,98.66,69.31,3.131,1.21,30.4,39.9,0.718,932.354,vehicular
9,3,1,0,78.67,138.66,1.91,44.92,34.91,2.656,0.56,35.8,62.7,0.567,23.49,vehicular
1,1,0,0,72.76,85.61,2.24,24.96,8.88,0.541,6.79,32.7,54.8,0.85,11.163,unknown
2,1,4,0,182.27,181.01,74.51,46.96,37.2,0.656,1.73,33.2,66.7,1.007,0.63,industrial
13,2,0,0,68.94,97.29,11.55,7.37,2.74,0.765,2.26,33.5,65.2,0.709,0.638,unknown
20,1,1,0,66.81,116.0,4.55,132.26,66.25,2.491,2.94,22.9,47.3,0.576,29.081,vehicular
18,3,4,0,24.27,59.87,3.18,105.19,48.77,2.12,1.13,38.7,76.0,0.405,33.082,vehicular
10,2,3,0,130.95,165.27,16.6,21.31,16.06,0.705,0.34,15.5,63.3,0.792,1.284,seasonal_inversion
15,11,6,1,225.72,400.31,7.88,29.82,18.32,1.812,2.0,28.4,50.4,0.564,3.783,agricultural_burning
7,11,3,0,59.55,80.13,20.08,38.73,18.94,0.836,0.46,18.9,94.9,0.743,1.929,seasonal_inversion
3,4,1,0,64.07,95.6,8.52,16.2,11.98,0.519,7.34,36.0,74.7,0.67,1.902,unknown
13,3,0,0,129.25,255.58,10.26,16.48,11.13,0.314,3.61,24.0,62.1,0.506,1.606,agricultural_burning
5,10,1,0,173.57,244.38,85.46,35.25,22.51,1.043,1.34,21.8,50.1,0.71,0.412,industrial
11,3,0,0,101.83,208.59,12.4,7.24,3.29,2.58,3.24,39.4,56.5,0.488,0.584,agricultural_burning
17,5,0,0,109.03,181.1,2.17,72.17,51.34,2.726,1.14,31.3,77.6,0.602,33.276,vehicular
17,12,6,1,113.16,230.66,6.86,28.43,12.84,1.93,1.42,33.1,26.1,0.491,4.145,agricultural_burning
11,12,4,0,231.18,394.04,7.82,2.34,-1.42,1.69,3.15,24.3,52.4,0.587,0.3,agricultural_burning
2,10,4,0,203.33,295.57,105.12,29.58,29.69,0.651,2.07,25.0,68.3,0.688,0.281,industrial
0,8,3,0,114.99,146.6,99.49,41.92,30.17,0.947,1.95,21.4,67.4,0.784,0.421,industrial
8,12,4,0,120.42,151.81,2.16,15.62,12.31,1.257,0.93,21.5,67.0,0.793,7.244,seasonal_inversion
5,2,4,0,145.26,221.35,8.69,20.48,8.34,0.555,0.28,16.1,61.9,0.656,2.355,seasonal_inversion
18,6,4,0,105.22,193.05,0.15,39.49,30.51,1.998,1.72,28.7,20.0,0.545,259.612,vehicular
8,3,4,0,115.27,153.67,4.87,126.82,73.27,2.59,2.86,25.9,52.5,0.75,26.064,vehicular
19,8,2,0,73.97,85.26,6.68,91.53,53.72,2.4,2.14,35.5,43.3,0.868,13.709,vehicular
17,8,4,0,79.89,195.6,1.86,107.36,64.84,1.225,1.51,28.9,46.2,0.408,57.709,vehicular
14,12,1,0,42.95,69.77,13.67,13.74,9.78,0.828,5.41,20.6,49.8,0.616,1.005,unknown
11,12,3,0,90.97,162.42,4.4,17.82,11.96,1.057,4.26,31.6,44.8,0.56,4.049,agricultural_burning
5,11,6,1,94.1,114.53,11.28,27.86,24.15,1.039,1.05,23.8,84.6,0.822,2.47,seasonal_inversion
5,6,0,0,121.52,197.61,60.51,29.53,22.59,0.875,2.85,26.3,63.7,0.615,0.488,industrial
18,7,2,0,73.05,141.93,5.1,98.61,52.74,2.99,0.91,27.5,52.4,0.515,19.348,vehicular
8,2,6,1,56.84,87.36,14.38,30.27,26.15,0.835,1.41,12.0,71.7,0.651,2.106,seasonal_inversion
18,11,6,1,204.58,293.17,5.02,-3.72,-1.82,0.914,3.19,35.1,28.9,0.698,-0.74,agricultural_burning
15,11,1,0,37.3,60.1,4.29,20.06,15.74,0.5,3.83,28.2,80.2,0.621,4.672,unknown
15,10,3,0,154.13,330.57,14.79,20.53,11.69,1.599,4.25,33.2,62.7,0.466,1.388,agricultural_burning
21,7,6,1,26.87,28.18,11.07,12.43,8.28,0.927,7.67,14.0,62.8,0.953,1.123,unknown
23,12,5,1,125.26,190.72,70.81,38.97,31.99,0.602,2.49,33.6,38.9,0.657,0.55,industrial
6,12,0,0,158.6,204.26,40.1,16.41,14.23,1.507,3.01,27.3,36.5,0.776,0.409,industrial
7,6,3,0,50.91,75.28,-3.48,24.24,18.59,0.387,2.76,30.9,29.4,0.676,5.0,unknown
0,5,6,1,205.28,314.0,61.82,48.45,29.88,1.298,3.3,21.8,50.4,0.654,0.784,industrial
6,1,1,0,92.97,118.2,15.98,33.95,26.35,1.337,0.0,23.6,93.0,0.787,2.125,seasonal_inversion
10,4,3,0,32.98,61.86,-1.26,112.8,69.27,2.653,1.31,20.2,64.4,0.533,5.0,vehicular
7,8,3,0,88.82,125.32,7.98,112.55,78.84,1.537,0.7,27.0,58.1,0.709,14.103,vehicular
7,9,4,0,36.27,29.3,0.53,41.1,28.82,2.963,1.59,32.5,46.6,1.238,77.477,vehicular
8,6,3,0,104.23,192.55,7.65,114.48,74.92,2.086,0.67,30.4,63.6,0.541,14.974,vehicular
9,4,0,0,191.01,282.71,12.98,22.71,12.88,1.99,3.38,37.5,52.5,0.676,1.75,agricultural_burning
5,2,6,1,67.77,63.16,14.33,39.45,27.77,1.247,1.49,17.1,58.2,1.073,2.752,seasonal_inversion
18,7,0,0,57.24,58.4,1.59,93.2,55.99,1.669,2.67,31.9,69.6,0.98,58.507,vehicular
5,11,0,0,110.51,167.04,4.65,23.06,19.48,1.245,1.26,17.8,76.3,0.662,4.955,seasonal_inversion
18,9,0,0,102.25,146.33,3.26,92.15,69.61,2.064,0.77,23.8,53.5,0.699,28.228,vehicular
6,5,6,1,6.56,-3.55,5.93,17.7,11.41,0.645,1.66,31.0,65.5,0.5,2.985,unknown
17,6,2,0,46.97,63.09,6.41,120.92,86.58,2.277,1.79,30.5,80.9,0.744,18.864,vehicular
12,11,4,0,112.61,258.31,10.03,21.42,14.8,1.958,3.37,37.8,62.2,0.436,2.135,agricultural_burning
6,2,1,0,79.33,107.71,17.17,37.64,26.81,0.859,0.89,17.2,81.0,0.736,2.192,seasonal_inversion
6,1,3,0,134.12,200.5,21.17,31.78,26.79,1.078,0.24,14.7,75.2,0.669,1.501,seasonal_inversion
6,12,4,0,70.41,94.89,5.46,16.13,12.78,0.844,0.72,11.7,87.1,0.742,2.953,seasonal_inversion
3,5,2,0,26.51,37.69,13.16,16.64,6.76,0.886,5.98,27.0,57.2,0.703,1.264,unknown
15,3,5,1,31.68,45.12,0.34,8.16,3.99,0.466,6.31,26.3,77.4,0.702,23.648,unknown
8,6,3,0,63.07,71.09,11.1,14.26,6.31,0.417,5.49,25.4,57.6,0.887,1.285,unknown
3,3,2,0,132.12,181.6,50.63,49.91,39.9,1.091,3.36,33.9,43.0,0.728,0.986,industrial
12,11,0,0,126.42,260.39,11.13,20.99,11.27,2.735,2.4,31.8,35.3,0.486,1.885,agricultural_burning
9,3,5,1,149.88,291.59,10.94,33.37,24.34,2.092,4.26,27.9,45.6,0.514,3.05,agricultural_burning
9,12,3,0,248.17,441.13,5.58,21.5,10.92,1.404,1.45,28.4,50.1,0.563,3.852,agricultural_burning
2,3,5,1,45.07,77.41,8.8,5.46,2.4,0.474,3.22,36.5,55.2,0.582,0.62,unknown
13,3,6,1,228.09,317.81,1.21,5.76,3.9,1.342,4.48,40.4,56.3,0.718,4.77,agricultural_burning
4,8,2,0,187.04,297.06,64.65,32.98,19.76,0.694,1.47,26.0,76.1,0.63,0.51,industrial
19,10,2,0,40.82,53.42,12.73,29.98,16.88,0.795,3.55,13.9,69.2,0.764,2.356,unknown
18,11,4,0,77.05,131.31,8.38,137.85,96.5,2.085,2.65,23.5,56.2,0.587,16.443,vehicular
5,2,5,1,76.39,104.09,9.18,43.52,32.57,0.397,6.36,38.9,40.1,0.734,4.74,unknown
23,8,5,1,144.54,200.16,52.86,54.64,41.46,-0.127,3.32,31.5,51.4,0.722,1.034,industrial
1,11,5,1,175.66,190.01,46.11,49.53,33.18,0.22,0.58,25.3,79.1,0.924,1.074,industrial
8,12,3,0,134.16,165.23,11.18,18.59,16.23,1.48,0.49,18.9,83.7,0.812,1.663,seasonal_inversion
22,10,4,0,29.02,63.16,1.9,23.8,9.74,0.628,3.37,29.3,87.1,0.46,12.55,unknown
11,4,2,0,188.54,351.81,16.34,23.43,8.83,1.131,3.76,29.4,43.0,0.536,1.434,agricultural_burning
10,4,1,0,52.25,77.33,8.43,17.08,5.18,0.228,3.18,30.2,64.3,0.676,2.024,unknown
17,7,3,0,86.03,130.54,1.6,72.46,43.02,1.874,2.01,27.2,58.4,0.659,45.35,vehicular
8,9,2,0,106.39,186.22,5.63,107.31,73.42,1.094,0.55,32.7,77.6,0.571,19.057,vehicular
13,2,4,0,49.16,58.34,7.61,15.63,13.41,0.787,4.36,31.4,56.3,0.843,2.054,unknown
19,12,2,0,45.67,95.04,7.15,43.89,27.73,1.824,0.62,29.9,60.3,0.481,6.141,vehicular
8,11,0,0,138.47,186.31,9.23,41.25,35.14,1.252,1.0,22.2,56.9,0.743,4.467,seasonal_inversion
20,4,2,0,76.07,122.02,7.21,127.22,82.75,1.822,2.18,34.5,62.6,0.623,17.65,vehicular
0,1,4,0,114.75,143.86,90.09,57.92,31.23,0.579,1.96,23.0,97.4,0.798,0.643,industrial
1,8,3,0,233.88,327.07,59.34,23.54,16.08,0.897,2.36,28.3,67.1,0.715,0.397,industrial
8,2,4,0,70.49,95.2,8.89,22.64,20.26,0.423,0.56,19.9,83.9,0.74,2.547,seasonal_inversion
9,8,3,0,64.39,126.26,9.3,94.83,67.02,1.804,1.65,37.6,42.1,0.51,10.2,vehicular
2,3,6,1,142.63,163.93,91.87,57.0,27.95,0.552,2.39,22.1,46.2,0.87,0.62,industrial
10,3,3,0,167.66,334.23,10.66,9.63,5.37,1.594,4.63,40.5,60.7,0.502,0.903,agricultural_burning
0,3,6,1,38.4,56.63,9.36,1.35,-0.28,0.53,5.29,35.9,54.1,0.678,0.144,unknown
15,11,0,0,120.73,242.87,6.76,17.93,14.51,1.753,2.11,28.4,68.8,0.497,2.654,agricultural_burning
10,6,3,0,58.71,103.16,7.34,88.28,44.24,2.235,2.04,27.6,57.6,0.569,12.035,vehicular
9,12,0,0,65.24,76.97,25.8,34.62,20.78,0.668,1.11,15.8,87.2,0.848,1.342,seasonal_inversion
1,11,1,0,159.76,245.18,72.96,22.74,13.29,0.434,3.43,25.9,61.0,0.652,0.312,industrial
9,2,2,0,67.97,117.46,25.36,18.59,13.68,1.001,1.09,19.5,50.5,0.579,0.733,seasonal_inversion
5,10,1,0,116.8,177.78,60.23,50.3,33.42,0.793,3.58,23.9,54.2,0.657,0.835,industrial
6,8,1,0,127.82,144.95,46.47,43.13,23.21,0.856,1.81,28.8,42.2,0.882,0.928,industrial
10,12,3,0,131.79,228.81,6.55,28.57,14.39,2.351,1.67,34.2,34.8,0.576,4.359,agricultural_burning
6,2,5,1,87.42,132.3,11.66,26.17,16.74,1.04,0.76,16.7,40.0,0.661,2.244,seasonal_inversion
2,8,5,1,36.59,43.77,5.86,32.71,24.69,0.488,3.64,30.0,98.0,0.836,5.587,unknown
1,3,1,0,120.35,130.85,36.41,32.24,23.52,0.544,1.31,38.2,61.0,0.92,0.886,industrial
13,2,5,1,37.29,63.51,11.32,13.18,4.9,0.233,4.85,41.0,72.0,0.587,1.165,unknown
22,9,6,1,150.43,204.51,102.19,44.18,26.94,1.365,1.07,26.0,65.9,0.736,0.432,industrial
17,12,3,0,161.48,358.46,8.49,19.95,11.13,1.002,4.36,32.2,45.1,0.45,2.351,agricultural_burning
17,2,1,0,65.53,91.83,14.49,114.44,73.54,1.794,1.29,13.3,51.2,0.714,7.896,vehicular
6,3,1,0,161.75,194.52,106.09,36.75,23.13,1.118,3.38,30.5,53.0,0.832,0.346,industrial
0,5,2,0,160.22,251.09,59.16,57.79,41.9,0.805,2.94,31.5,37.9,0.638,0.977,industrial
9,12,5,1,134.52,197.69,14.36,32.65,19.89,0.392,0.48,16.7,76.3,0.68,2.274,seasonal_inversion
23,7,3,0,54.6,71.03,11.79,32.11,17.29,0.221,2.8,24.9,29.3,0.769,2.723,unknown
2,6,0,0,99.56,124.18,37.52,18.13,15.39,0.487,3.47,30.4,90.9,0.802,0.483,industrial
16,11,4,0,61.28,88.93,0.61,23.14,14.95,0.569,7.62,35.9,92.0,0.689,37.856,unknown
1,11,1,0,50.18,41.28,10.0,23.0,9.61,0.496,7.83,27.4,17.7,1.216,2.301,unknown
6,12,1,0,131.57,177.48,10.92,45.56,39.1,0.749,1.38,15.8,66.4,0.741,4.172,seasonal_inversion
4,7,2,0,170.71,214.11,80.56,39.45,25.0,0.331,0.62,34.0,86.5,0.797,0.49,industrial
6,11,6,1,88.08,154.1,12.47,24.26,14.03,1.084,0.67,8.4,61.2,0.572,1.946,seasonal_inversion
9,11,0,0,143.78,200.61,9.29,42.11,33.69,0.696,1.05,15.0,66.8,0.717,4.532,seasonal_inversion
9,9,0,0,68.25,100.76,12.65,18.31,13.45,0.388,6.41,27.7,57.1,0.677,1.448,unknown
17,4,2,0,91.49,171.74,7.79,88.81,52.11,1.672,2.1,27.6,41.9,0.533,11.398,vehicular
10,9,3,0,91.31,134.89,5.62,75.09,60.38,1.32,1.46,24.1,66.0,0.677,13.374,vehicular
10,2,0,0,104.71,199.84,9.58,75.45,50.03,2.618,0.67,30.8,36.0,0.524,7.878,vehicular
23,11,6,1,160.74,148.91,65.83,39.92,28.33,0.12,3.19,15.6,65.2,1.079,0.606,industrial
14,4,5,1,116.92,277.52,9.2,34.6,17.23,1.909,2.77,29.6,40.8,0.421,3.76,agricultural_burning
23,6,3,0,162.32,224.66,60.88,16.27,6.19,1.154,3.93,26.8,59.2,0.723,0.267,industrial
7,9,0,0,69.67,148.64,1.84,105.94,57.87,3.292,2.59,39.3,51.1,0.469,57.467,vehicular
23,12,1,0,166.3,207.54,50.68,57.4,30.63,1.364,3.29,23.5,72.9,0.801,1.133,industrial
4,2,4,0,159.14,188.56,98.59,43.22,30.21,1.234,0.61,34.3,85.7,0.844,0.438,industrial
14,11,4,0,243.98,375.23,10.93,16.26,7.69,1.336,3.47,25.6,45.1,0.65,1.488,agricultural_burning
18,6,5,1,68.9,123.45,3.74,37.41,27.81,0.304,1.46,35.7,20.2,0.558,10.0,unknown
9,2,1,0,114.62,134.45,17.03,30.22,17.42,0.418,1.37,14.6,75.3,0.853,1.774,seasonal_inversion
20,2,3,0,98.88,156.53,5.84,89.39,46.87,2.213,0.56,26.8,62.1,0.632,15.304,vehicular
12,12,1,0,219.8,308.63,8.14,12.28,8.22,0.89,2.3,31.2,33.2,0.712,1.509,agricultural_burning
10,11,2,0,174.76,384.64,9.67,21.97,16.53,2.008,3.66,35.3,48.2,0.454,2.272,agricultural_burning
11,4,4,0,134.3,265.13,10.12,15.62,9.79,1.69,3.65,30.7,45.2,0.507,1.544,agricultural_burning
10,12,0,0,72.1,114.71,6.03,117.7,67.1,2.453,1.04,23.6,45.6,0.629,19.533,vehicular
15,6,2,0,52.96,74.43,12.55,24.25,10.04,0.183,6.82,29.3,96.0,0.712,1.933,unknown
6,5,6,1,165.72,242.52,59.7,34.18,20.97,0.989,1.93,18.6,52.5,0.683,0.572,industrial
19,11,2,0,49.91,88.5,5.0,70.31,42.28,2.253,1.28,29.9,60.5,0.564,14.072,vehicular
8,3,3,0,97.86,206.28,9.35,115.8,65.58,3.389,2.63,24.0,56.2,0.474,12.381,vehicular
5,2,6,1,104.69,121.7,11.65,40.71,31.82,0.984,0.61,15.7,76.1,0.86,3.494,seasonal_inversion
17,3,0,0,87.65,150.66,3.29,118.58,83.6,1.062,1.0,40.1,38.3,0.582,36.009,vehicular
12,3,1,0,184.15,279.7,11.71,16.19,12.47,1.625,3.08,29.3,36.5,0.658,1.382,agricultural_burning
7,10,2,0,115.82,189.19,3.79,100.38,68.3,2.909,1.62,28.1,29.0,0.612,26.479,vehicular
9,11,0,0,147.9,327.55,15.27,0.01,-0.76,2.249,1.2,27.5,64.1,0.452,0.0,agricultural_burning
9,1,3,0,127.93,203.38,3.21,89.67,60.22,2.913,1.69,23.7,50.1,0.629,27.907,vehicular
23,12,0,0,200.89,305.35,73.76,45.7,28.92,0.893,1.41,26.4,68.2,0.658,0.62,industrial
15,10,3,0,123.0,314.71,4.94,21.45,13.47,2.038,2.38,35.8,15.0,0.391,4.345,agricultural_burning
8,9,1,0,91.78,125.46,4.69,77.64,41.1,2.938,1.24,39.2,60.4,0.732,16.551,vehicular
6,12,0,0,64.43,66.92,15.9,20.63,6.58,0.954,1.41,11.4,66.7,0.963,1.297,seasonal_inversion
6,12,2,0,88.65,115.34,18.12,19.97,14.79,1.32,0.07,15.1,61.5,0.769,1.103,seasonal_inversion
10,1,6,1,104.01,161.75,16.15,50.95,38.26,0.964,1.34,21.6,66.4,0.643,3.154,seasonal_inversion
11,3,2,0,42.14,49.24,0.93,13.26,10.11,0.359,5.43,36.0,48.6,0.856,14.218,unknown
5,2,4,0,145.9,183.08,72.56,55.74,42.42,0.913,1.87,25.4,88.5,0.797,0.768,industrial
18,3,0,0,192.16,274.98,8.33,14.61,11.08,1.762,4.7,32.1,47.6,0.699,1.753,agricultural_burning
14,7,0,0,60.05,45.82,6.23,18.89,13.13,0.311,5.83,24.5,18.7,1.31,3.034,unknown
11,4,1,0,158.43,332.03,7.87,37.44,21.56,1.791,3.77,26.0,53.3,0.477,4.76,agricultural_burning
10,12,4,0,97.25,141.81,6.88,37.02,24.18,0.427,0.48,21.3,57.7,0.686,5.377,seasonal_inversion
5,12,1,0,76.7,135.64,15.4,-0.65,-1.09,1.043,0.11,14.7,86.9,0.565,-0.042,seasonal_inversion
1,5,2,0,185.9,214.4,123.02,44.51,31.75,0.979,2.67,27.9,49.8,0.867,0.362,industrial
8,9,0,0,95.85,146.42,3.08,146.15,110.5,2.442,1.91,31.1,62.2,0.655,47.38,vehicular
0,10,2,0,205.53,272.77,66.92,53.61,36.63,0.809,2.56,32.4,75.2,0.753,0.801,industrial
7,2,2,0,64.72,121.42,1.35,88.97,62.25,1.79,2.36,33.9,29.5,0.533,65.787,vehicular
9,12,4,0,56.98,92.19,26.12,44.03,24.44,0.763,1.12,14.5,68.7,0.618,1.686,seasonal_inversion
7,2,6,1,110.14,180.46,16.71,24.79,21.32,0.796,0.03,20.4,58.2,0.61,1.484,seasonal_inversion
5,1,0,0,36.32,62.65,9.87,28.21,21.61,0.168,2.56,21.5,69.9,0.58,2.858,unknown
22,7,2,0,188.51,242.97,73.01,58.37,33.81,0.245,3.55,31.9,74.2,0.776,0.8,industrial
9,11,2,0,74.0,113.07,1.1,16.47,7.67,0.889,0.75,15.3,63.5,0.654,14.967,seasonal_inversion
8,12,6,1,131.0,185.48,17.8,25.38,14.0,1.521,1.23,14.6,88.4,0.706,1.426,seasonal_inversion
18,3,2,0,182.94,366.58,6.42,12.42,3.32,2.405,2.08,30.3,23.7,0.499,1.935,agricultural_burning
20,4,3,0,93.3,151.66,1.0,97.63,67.38,2.79,1.49,32.1,69.6,0.615,97.56,vehicular
11,10,2,0,170.83,237.78,5.25,18.34,8.0,1.28,1.55,38.5,37.6,0.718,3.492,agricultural_burning
18,11,2,0,100.52,229.46,13.07,6.24,6.31,0.898,3.72,28.5,38.6,0.438,0.478,agricultural_burning
7,11,4,0,118.36,145.45,11.08,40.7,24.99,0.551,0.66,20.5,60.6,0.814,3.672,seasonal_inversion
11,12,5,1,172.69,279.49,3.4,16.74,8.79,0.729,1.84,30.4,32.2,0.618,4.926,agricultural_burning
2,3,3,0,104.09,110.67,57.35,48.3,35.43,0.514,3.28,18.6,50.8,0.941,0.842,industrial
8,4,0,0,27.93,55.95,5.3,25.42,15.13,0.545,3.82,26.6,89.1,0.499,4.798,unknown
14,4,4,0,123.25,184.76,7.11,8.57,3.75,0.823,3.58,35.5,37.0,0.667,1.206,agricultural_burning
8,4,0,0,45.72,88.29,5.58,97.25,61.71,2.952,1.21,27.1,57.4,0.518,17.418,vehicular
23,8,0,0,158.43,180.13,64.27,3.27,1.68,0.369,1.15,32.3,52.7,0.88,0.051,industrial
2,7,4,0,212.76,339.73,71.03,24.14,14.43,1.055,1.42,29.3,80.3,0.626,0.34,industrial
7,3,3,0,70.76,124.57,6.84,82.48,45.04,1.198,2.42,42.1,69.5,0.568,12.067,vehicular
17,10,2,0,74.99,105.55,8.98,68.04,52.06,2.174,2.36,29.5,68.3,0.71,7.574,vehicular
23,3,5,1,152.23,177.64,77.09,43.67,24.55,0.969,3.35,23.4,65.5,0.857,0.566,industrial
5,1,2,0,166.19,228.86,10.97,36.49,24.27,0.661,0.87,22.3,77.8,0.726,3.326,seasonal_inversion
18,7,4,0,44.14,85.9,6.57,41.57,34.74,3.906,1.41,28.8,53.0,0.514,6.332,vehicular
6,6,6,1,201.23,293.83,46.39,40.79,30.04,0.6,2.7,19.0,64.3,0.685,0.879,industrial
2,3,4,0,166.81,190.32,47.42,38.4,24.84,0.649,1.87,29.4,45.2,0.876,0.81,industrial
7,7,4,0,52.04,111.2,10.78,142.47,76.28,2.168,1.8,26.5,44.8,0.468,13.213,vehicular
16,4,4,0,188.54,359.78,12.01,19.67,7.45,2.393,4.92,33.1,37.4,0.524,1.639,agricultural_burning
8,12,1,0,90.65,156.51,9.34,34.66,23.72,1.231,1.21,18.2,65.6,0.579,3.71,seasonal_inversion
9,3,3,0,38.47,54.49,6.55,82.97,64.0,2.522,1.34,23.7,47.0,0.706,12.671,vehicular
17,12,1,0,161.68,290.33,14.49,15.3,8.45,2.262,4.87,29.1,44.9,0.557,1.056,agricultural_burning
2,6,1,0,167.15,176.78,54.63,33.14,25.04,0.612,2.48,34.7,54.1,0.946,0.606,industrial
9,12,5,1,169.56,284.21,8.47,5.13,3.4,1.163,3.35,31.0,52.4,0.597,0.605,agricultural_burning
9,3,6,1,94.89,213.2,9.59,-5.57,-3.54,3.038,4.47,25.8,43.4,0.445,-0.581,agricultural_burning
18,5,4,0,137.66,220.49,3.02,74.26,57.77,3.547,2.52,33.1,63.6,0.624,24.568,vehicular
8,11,5,1,49.23,59.48,11.68,25.54,15.55,0.625,0.19,18.8,67.7,0.828,2.186,seasonal_inversion
3,10,4,0,140.09,212.21,45.45,31.77,23.81,0.991,1.3,24.0,60.6,0.66,0.699,industrial
5,11,5,1,58.71,116.41,10.91,28.03,19.98,0.546,0.84,17.3,61.9,0.504,2.571,seasonal_inversion
15,10,2,0,133.73,320.92,1.02,30.53,18.32,1.149,2.21,28.6,27.5,0.417,29.852,agricultural_burning
7,1,0,0,77.04,125.78,10.33,107.64,66.87,1.985,1.54,30.4,39.8,0.613,10.422,vehicular
1,2,1,0,194.89,244.72,89.43,61.83,40.32,0.937,2.66,21.8,71.5,0.796,0.691,industrial
5,8,2,0,90.47,104.02,52.45,36.48,20.52,1.122,1.6,27.9,67.6,0.87,0.696,industrial
1,1,4,0,34.51,63.82,9.15,12.0,5.51,0.416,5.1,25.5,45.6,0.541,1.311,unknown
22,10,4,0,222.6,273.68,40.11,50.52,30.04,1.01,2.55,29.5,69.5,0.813,1.26,industrial
0,10,0,0,152.84,173.54,63.96,28.22,17.68,0.97,2.83,27.5,66.6,0.881,0.441,industrial
12,12,6,1,222.6,394.68,6.12,-2.58,-3.69,1.817,4.58,31.4,66.6,0.564,-0.422,agricultural_burning
14,1,5,1,13.31,12.5,10.76,25.43,15.17,0.653,4.36,31.3,57.8,1.065,2.364,unknown
20,1,0,0,80.3,124.41,11.64,156.91,111.68,2.519,2.25,41.4,44.4,0.645,13.485,vehicular
7,1,4,0,78.85,122.83,11.78,80.2,43.37,3.471,1.49,32.3,57.9,0.642,6.806,vehicular
16,9,1,0,13.41,30.94,16.76,33.97,27.98,0.616,4.2,25.8,77.0,0.434,2.026,unknown
5,9,6,1,166.89,175.65,69.79,57.02,30.12,0.793,3.9,29.8,81.0,0.95,0.817,industrial
7,11,1,0,48.56,87.37,9.04,81.63,47.5,3.793,2.61,27.1,75.5,0.556,9.028,vehicular
23,4,0,0,41.47,52.34,13.51,5.7,2.44,0.392,2.83,27.8,39.2,0.792,0.422,unknown
14,4,2,0,149.32,247.59,16.86,22.29,12.32,0.488,3.01,24.5,34.0,0.603,1.323,agricultural_burning
16,12,2,0,146.46,249.3,12.55,17.18,8.82,1.504,4.97,38.0,61.5,0.587,1.37,agricultural_burning
7,1,2,0,92.06,132.01,13.11,58.33,32.22,0.63,0.31,17.8,65.4,0.697,4.448,seasonal_inversion
9,11,5,1,82.33,116.13,9.98,11.88,6.63,0.535,0.47,20.5,86.0,0.709,1.19,seasonal_inversion
9,6,1,0,85.89,112.8,7.28,112.31,76.78,2.448,0.8,24.9,33.9,0.761,15.423,vehicular
17,3,0,0,184.12,292.08,16.39,26.24,18.58,1.857,3.54,34.4,48.6,0.63,1.601,agricultural_burning
18,12,3,0,171.84,331.79,5.45,10.23,0.77,2.272,4.45,19.5,41.3,0.518,1.878,agricultural_burning
23,12,2,0,158.41,193.71,31.47,32.06,25.88,0.656,1.51,26.4,55.1,0.818,1.019,industrial
17,10,1,0,58.25,120.92,6.1,97.98,68.83,1.933,1.9,29.3,52.7,0.482,16.067,vehicular
11,4,4,0,79.62,166.07,15.16,21.08,12.35,1.418,1.17,29.3,54.9,0.479,1.39,agricultural_burning
8,9,1,0,68.59,98.32,7.66,127.46,83.83,1.865,0.73,28.6,59.6,0.698,16.636,vehicular
9,5,4,0,41.13,32.75,6.06,37.46,24.92,0.481,6.52,17.8,53.8,1.256,6.186,unknown
8,1,5,1,39.63,46.66,8.07,25.91,18.09,0.693,4.98,24.5,49.5,0.849,3.212,unknown
8,11,6,1,62.87,87.25,9.73,27.93,25.02,1.173,0.88,26.8,84.7,0.721,2.871,seasonal_inversion
20,10,3,0,76.54,107.67,5.74,63.73,26.98,2.736,2.09,31.3,63.4,0.711,11.108,vehicular
8,11,3,0,152.15,220.51,15.4,31.38,14.06,0.743,0.5,22.2,82.8,0.69,2.038,seasonal_inversion
5,2,6,1,131.83,170.53,3.97,37.17,23.15,0.967,0.38,19.9,73.0,0.773,9.364,seasonal_inversion
2,6,6,1,167.12,167.85,37.77,25.84,20.19,0.73,0.59,28.8,48.4,0.996,0.684,industrial
5,2,6,1,80.26,115.88,10.87,23.31,4.37,1.448,1.49,16.5,87.1,0.693,2.145,seasonal_inversion
11,4,5,1,230.1,407.97,5.16,3.86,0.13,1.222,3.8,33.9,37.3,0.564,0.748,agricultural_burning
17,10,5,1,127.7,317.74,1.68,26.43,12.5,2.966,2.37,26.6,54.4,0.402,15.762,agricultural_burning
20,2,0,0,99.18,154.16,0.72,91.53,44.19,2.626,2.26,33.6,52.9,0.643,127.636,vehicular
2,1,3,0,35.21,59.97,9.84,16.25,9.72,0.079,5.9,33.3,42.5,0.587,1.651,unknown
6,10,3,0,54.63,100.79,10.79,29.7,19.53,0.531,3.92,25.8,38.8,0.542,2.752,unknown
18,10,2,0,52.42,83.43,4.91,106.73,55.28,4.776,2.06,38.3,50.6,0.628,21.753,vehicular
22,10,5,1,195.28,220.24,108.04,44.98,30.68,0.883,1.92,18.8,73.4,0.887,0.416,industrial
4,12,3,0,149.09,120.41,70.0,21.21,14.29,1.026,3.93,33.2,69.0,1.238,0.303,industrial
9,2,2,0,151.21,245.9,18.99,30.87,20.84,1.052,0.86,14.9,83.9,0.615,1.626,seasonal_inversion
15,4,2,0,154.51,247.76,3.95,13.18,7.3,1.385,3.97,32.9,34.0,0.624,3.336,agricultural_burning
17,1,0,0,98.26,161.79,10.1,97.16,75.52,1.66,1.42,31.9,83.4,0.607,9.62,vehicular
8,2,4,0,66.61,122.33,9.4,55.84,41.15,3.352,0.73,31.4,68.2,0.545,5.943,vehicular
7,12,0,0,135.16,151.35,15.49,35.22,23.12,0.956,0.45,20.1,66.2,0.893,2.273,seasonal_inversion
7,2,0,0,109.95,136.16,16.61,44.19,22.68,0.492,0.24,12.8,61.6,0.807,2.661,seasonal_inversion
8,7,2,0,81.34,177.05,7.02,138.78,90.88,3.197,1.21,28.8,39.8,0.459,19.771,vehicular
10,11,2,0,126.62,208.56,3.47,20.86,9.82,1.324,2.32,31.8,61.8,0.607,6.007,agricultural_burning
3,10,5,1,161.55,119.77,49.08,32.47,19.52,0.648,0.82,30.5,69.8,1.349,0.662,industrial
21,12,0,0,49.51,33.21,3.34,24.69,13.37,0.32,5.72,32.8,55.9,1.491,7.4,unknown
7,11,3,0,46.6,95.77,3.37,97.94,79.6,1.522,0.59,22.3,63.8,0.487,29.057,vehicular
2,6,2,0,39.23,39.65,1.0,14.96,12.26,0.771,2.72,22.7,15.0,0.989,15.026,unknown
2,9,2,0,67.6,72.2,4.94,20.73,17.48,0.237,7.6,33.5,41.1,0.936,4.193,unknown
7,2,0,0,73.14,138.19,6.64,66.78,53.62,1.529,1.42,31.7,33.8,0.529,10.052,vehicular
7,2,0,0,119.19,138.96,5.91,29.91,21.73,0.413,1.0,19.7,58.3,0.858,5.06,seasonal_inversion
13,10,1,0,47.05,53.32,2.55,25.95,21.58,0.479,7.76,25.4,59.7,0.882,10.184,unknown
5,5,6,1,198.16,266.16,85.89,20.47,12.05,0.945,3.49,28.8,82.9,0.745,0.238,industrial
7,1,6,1,85.17,140.68,14.25,15.15,11.8,1.329,1.01,15.9,73.4,0.605,1.063,seasonal_inversion
12,4,1,0,111.4,306.34,3.69,37.46,16.3,1.516,3.1,28.9,54.0,0.364,10.142,agricultural_burning
5,6,4,0,48.09,85.88,4.92,28.66,16.52,1.035,6.65,31.0,93.1,0.56,5.825,unknown
9,2,6,1,103.09,118.19,12.12,53.27,39.06,0.47,0.19,7.1,69.2,0.872,4.395,seasonal_inversion
12,4,4,0,107.7,196.34,4.25,22.69,15.42,2.023,3.51,30.7,45.4,0.549,5.336,agricultural_burning
0,7,2,0,185.33,242.0,108.93,27.5,17.28,0.765,2.34,19.7,69.0,0.766,0.252,industrial
13,10,2,0,217.41,331.68,7.25,27.72,22.16,1.352,2.25,39.9,52.4,0.655,3.823,agricultural_burning
7,9,0,0,85.52,101.87,5.93,59.68,33.23,4.213,1.9,33.7,20.0,0.839,10.069,vehicular
16,5,1,0,49.0,49.9,6.96,-2.8,-4.49,0.916,3.03,34.9,38.5,0.982,-0.402,unknown
6,4,3,0,180.71,281.12,102.35,41.44,32.12,1.207,0.72,28.0,45.8,0.643,0.405,industrial
18,3,6,1,50.12,87.58,10.69,24.21,15.61,0.715,2.98,23.2,59.2,0.572,2.265,unknown
9,9,0,0,64.63,87.9,7.3,104.6,71.2,2.453,0.81,24.2,44.2,0.735,14.327,vehicular
18,8,0,0,53.27,71.33,-0.05,3.17,0.59,0.327,6.04,40.9,47.8,0.747,5.0,unknown
18,12,0,0,235.37,345.87,13.2,16.27,10.34,1.668,2.62,27.6,53.5,0.681,1.233,agricultural_burning
9,12,3,0,87.44,135.29,9.18,27.4,17.8,0.997,1.12,27.6,77.2,0.646,2.983,seasonal_inversion
11,10,6,1,146.72,239.0,12.66,6.09,0.76,2.479,2.28,29.3,15.0,0.614,0.481,agricultural_burning
17,2,3,0,62.63,106.65,5.98,95.65,73.97,2.094,1.62,26.2,68.4,0.587,15.985,vehicular
2,9,4,0,12.69,16.48,5.65,18.54,14.11,0.54,1.54,37.3,63.7,0.77,3.28,unknown
8,9,2,0,68.21,140.88,6.77,52.93,40.98,2.49,2.28,33.6,40.8,0.484,7.816,vehicular
1,5,3,0,139.91,159.09,71.07,32.85,20.14,1.051,1.11,26.0,51.4,0.879,0.462,industrial
16,10,5,1,216.76,407.03,8.63,31.18,19.05,1.531,1.14,31.9,21.6,0.533,3.612,agricultural_burning
2,11,5,1,51.91,56.0,10.16,21.59,10.14,0.398,5.3,37.4,68.5,0.927,2.125,unknown
17,10,1,0,110.37,192.84,2.43,27.77,19.1,1.363,1.12,35.0,26.4,0.572,11.42,agricultural_burning
12,12,1,0,150.98,386.35,11.1,25.17,16.0,1.032,1.43,35.2,51.5,0.391,2.268,agricultural_burning
2,11,6,1,116.63,119.69,99.24,32.48,27.97,1.17,2.29,24.5,61.9,0.974,0.327,industrial
7,4,0,0,47.5,61.35,8.42,2.87,-1.78,0.509,5.88,23.9,57.2,0.774,0.341,unknown
11,8,3,0,5.14,1.44,10.6,8.05,2.91,0.628,7.42,22.6,63.4,3.563,0.76,unknown
7,2,1,0,106.1,137.28,8.1,102.11,69.57,3.554,1.81,25.4,62.6,0.773,12.61,vehicular
10,1,0,0,92.84,134.93,14.05,25.0,20.42,0.675,0.87,14.5,88.2,0.688,1.779,seasonal_inversion
11,3,2,0,153.22,327.62,10.66,5.91,5.21,2.332,1.97,35.9,26.8,0.468,0.554,agricultural_burning
9,11,2,0,79.74,135.71,2.17,95.17,63.62,2.231,1.8,30.6,42.5,0.588,43.944,vehicular
12,2,6,1,55.05,107.38,11.85,8.86,6.09,0.682,1.24,34.3,83.1,0.513,0.748,unknown
20,10,4,0,70.32,118.87,6.79,84.66,47.68,2.881,2.04,27.0,73.2,0.592,12.465,vehicular
19,9,3,0,48.99,91.65,7.47,72.68,34.78,4.056,0.69,35.8,59.2,0.535,9.726,vehicular
19,7,6,1,13.46,11.78,10.96,19.76,11.88,0.443,2.37,15.9,47.0,1.143,1.802,unknown
23,9,2,0,132.03,191.31,80.11,34.22,10.98,0.875,1.14,32.0,51.8,0.69,0.427,industrial
11,4,2,0,120.08,267.58,6.45,23.2,7.12,1.505,1.79,22.3,50.7,0.449,3.595,agricultural_burning
10,1,3,0,96.36,155.6,11.59,15.77,16.86,0.965,1.45,18.9,83.9,0.619,1.361,seasonal_inversion
1,4,0,0,41.38,62.49,2.1,4.72,1.44,0.488,7.97,24.0,79.9,0.662,2.249,unknown
6,12,4,0,78.59,111.6,12.39,22.0,10.45,1.084,0.65,16.8,67.2,0.704,1.775,seasonal_inversion
8,8,2,0,47.79,92.97,6.13,110.33,73.62,2.239,1.19,33.4,55.4,0.514,17.999,vehicular
20,5,1,0,57.8,129.35,0.02,125.24,73.22,1.423,0.54,19.1,34.1,0.447,7781.749,vehicular
9,1,0,0,87.97,100.85,4.19,1.58,0.18,1.093,1.29,19.2,76.7,0.872,0.378,seasonal_inversion
10,2,3,0,105.3,127.12,12.18,54.39,41.16,0.864,1.23,20.7,82.9,0.828,4.467,seasonal_inversion
10,1,6,1,52.53,87.07,11.36,14.2,8.1,0.734,1.32,18.6,78.7,0.603,1.25,seasonal_inversion
23,5,6,1,76.02,93.06,95.23,42.79,29.34,0.934,2.74,31.8,53.6,0.817,0.449,industrial
10,4,4,0,100.79,165.88,7.29,69.08,50.23,3.401,1.29,32.8,25.2,0.608,9.471,vehicular
20,6,2,0,88.01,130.66,7.85,127.8,89.94,0.997,1.84,33.9,67.0,0.674,16.288,vehicular
6,1,3,0,64.62,95.7,16.31,15.59,7.61,1.528,0.39,9.4,72.4,0.675,0.956,seasonal_inversion
10,2,5,1,4.47,5.33,3.19,24.16,16.39,0.684,7.0,39.8,72.5,0.838,7.566,unknown
2,2,3,0,133.74,202.71,66.99,24.22,23.82,0.513,2.75,27.1,57.0,0.66,0.362,industrial
1,8,6,1,29.81,35.36,7.45,13.72,8.78,0.743,3.95,23.5,73.6,0.843,1.842,unknown
8,1,3,0,95.72,163.54,8.17,40.33,24.35,1.159,1.39,17.4,92.1,0.585,4.936,seasonal_inversion
17,2,1,0,35.66,60.97,6.58,85.45,42.1,3.285,1.6,36.6,45.5,0.585,12.981,vehicular
20,2,2,0,101.07,209.51,5.11,93.07,58.95,2.8,1.61,28.2,65.9,0.482,18.198,vehicular
0,7,1,0,134.2,159.35,64.19,51.28,41.11,0.69,3.05,28.7,50.7,0.842,0.799,industrial
18,11,4,0,178.32,361.85,8.0,29.54,8.93,2.61,1.32,34.3,47.8,0.493,3.694,agricultural_burning
5,4,2,0,9.17,9.6,14.5,9.13,3.03,0.522,1.34,32.3,73.9,0.955,0.63,unknown
10,12,0,0,175.75,265.2,8.98,17.36,10.29,1.392,2.38,34.7,26.2,0.663,1.934,agricultural_burning
18,11,0,0,111.81,238.53,17.91,9.96,6.71,2.209,2.63,23.2,33.6,0.469,0.556,agricultural_burning
9,10,5,1,170.8,318.54,4.67,27.66,10.99,2.661,2.04,39.7,59.6,0.536,5.923,agricultural_burning
13,5,3,0,22.27,26.38,3.84,22.55,17.15,0.42,7.31,21.7,51.1,0.844,5.87,unknown
13,11,1,0,121.08,340.5,14.88,23.72,10.46,1.791,3.68,24.9,58.7,0.356,1.594,agricultural_burning
1,6,2,0,153.58,243.15,83.62,39.49,18.69,0.806,3.48,26.9,80.0,0.632,0.472,industrial
2,9,0,0,24.13,38.87,12.94,22.94,17.83,0.428,1.4,35.3,61.7,0.621,1.773,unknown
5,11,4,0,142.67,214.18,18.16,18.75,11.27,0.288,0.83,14.5,67.9,0.666,1.032,seasonal_inversion
10,11,3,0,120.6,271.53,7.43,16.62,13.49,1.271,1.93,29.8,40.1,0.444,2.236,agricultural_burning
12,3,4,0,197.21,337.87,8.76,18.86,12.68,2.732,2.76,38.4,46.4,0.584,2.152,agricultural_burning
15,10,6,1,270.37,396.34,3.75,25.69,15.51,1.781,2.19,34.1,32.1,0.682,6.844,agricultural_burning
20,6,3,0,56.08,101.33,7.63,99.29,71.26,3.392,1.43,26.6,37.0,0.553,13.017,vehicular
11,10,5,1,203.11,319.09,6.02,17.42,7.11,1.974,1.87,30.9,43.0,0.637,2.895,agricultural_burning
18,10,3,0,65.98,122.67,7.54,60.21,31.88,3.105,2.3,34.7,67.5,0.538,7.99,vehicular
10,10,2,0,70.19,193.45,6.9,25.21,11.75,1.986,4.05,44.4,46.0,0.363,3.655,agricultural_burning
4,9,5,1,5.1,17.13,14.74,14.77,9.32,0.483,5.98,24.1,80.1,0.298,1.002,unknown
23,6,5,1,164.23,166.84,112.93,49.75,32.37,1.073,2.36,28.3,20.0,0.984,0.441,industrial
3,6,4,0,141.84,200.85,79.66,42.06,32.49,0.896,3.66,24.5,70.2,0.706,0.528,industrial
19,8,4,0,52.66,55.94,6.68,3.38,3.24,0.265,4.44,26.7,58.6,0.941,0.506,unknown
11,10,2,0,127.4,270.71,4.15,25.48,14.96,0.815,1.57,36.9,40.2,0.471,6.136,agricultural_burning
5,9,5,1,217.56,329.26,76.93,35.62,28.38,1.133,1.55,36.2,88.9,0.661,0.463,industrial
22,8,6,1,130.15,152.32,65.92,29.09,12.82,0.917,3.1,27.7,79.7,0.854,0.441,industrial
16,12,2,0,108.61,236.89,11.3,18.11,6.78,1.128,4.75,28.2,27.2,0.458,1.603,agricultural_burning
14,12,0,0,133.32,259.69,-0.38,17.33,8.82,1.956,3.43,34.7,30.7,0.513,5.0,agricultural_burning
13,11,3,0,155.5,327.87,7.32,8.46,3.65,3.12,4.99,28.2,47.8,0.474,1.156,agricultural_burning
0,8,6,1,111.59,149.09,108.88,41.26,27.94,0.97,2.03,34.5,100.0,0.748,0.379,industrial
14,10,0,0,136.29,284.12,7.64,23.93,10.99,2.502,1.52,33.2,28.5,0.48,3.133,agricultural_burning
14,4,3,0,31.31,42.16,14.55,26.17,15.06,0.251,7.51,37.2,58.7,0.743,1.799,unknown
6,7,6,1,164.53,234.65,103.99,39.14,21.7,0.591,1.27,23.9,47.2,0.701,0.376,industrial
7,1,1,0,41.63,61.19,12.4,13.5,9.0,0.555,3.81,27.8,29.0,0.68,1.088,unknown
18,2,2,0,85.51,156.31,6.87,48.03,20.45,1.311,2.42,32.6,65.1,0.547,6.987,vehicular
8,12,0,0,91.7,151.83,12.21,18.09,17.4,0.308,0.43,14.2,75.6,0.604,1.481,seasonal_inversion
8,1,5,1,45.03,28.03,7.67,24.86,15.89,0.436,0.99,15.7,72.7,1.606,3.241,seasonal_inversion
16,3,4,0,151.54,252.47,13.41,14.85,10.45,1.396,2.69,38.7,50.5,0.6,1.107,agricultural_burning
15,11,6,1,143.85,247.35,6.5,32.85,22.62,2.223,1.71,36.4,38.4,0.582,5.056,agricultural_burning
17,11,6,1,209.91,346.25,9.73,23.13,13.87,1.155,1.27,38.5,56.3,0.606,2.377,agricultural_burning
0,9,0,0,193.15,208.79,75.19,17.7,9.91,0.535,2.81,25.1,82.8,0.925,0.235,industrial
21,3,0,0,43.6,75.54,1.84,10.58,3.48,0.907,2.9,36.8,55.7,0.577,5.737,unknown
6,10,6,1,152.52,169.39,64.01,46.95,31.49,1.143,1.62,32.2,28.7,0.9,0.734,industrial
18,3,2,0,152.42,353.3,18.46,26.63,17.94,1.918,2.92,29.0,69.5,0.431,1.442,agricultural_burning
7,11,4,0,86.06,140.49,6.38,73.45,53.46,2.637,1.74,34.3,89.4,0.613,11.519,vehicular
22,1,5,1,34.01,37.35,11.58,7.51,2.41,0.269,5.39,29.7,62.7,0.911,0.649,unknown
22,12,2,0,187.22,228.71,49.33,35.86,25.97,1.586,0.93,24.7,64.5,0.819,0.727,industrial
7,11,3,0,118.74,149.06,21.6,38.06,27.12,1.174,0.64,22.4,72.9,0.797,1.762,seasonal_inversion
8,5,2,0,74.63,108.69,8.62,68.12,47.94,3.005,1.45,26.9,56.7,0.687,7.902,vehicular
17,5,4,0,83.59,163.63,7.81,50.17,32.38,1.208,2.18,26.9,66.6,0.511,6.427,vehicular
22,7,1,0,166.12,249.35,95.71,30.67,22.39,1.281,1.79,31.3,74.6,0.666,0.32,industrial
4,4,4,0,163.56,225.21,71.11,34.3,25.27,0.597,0.62,31.1,66.4,0.726,0.482,industrial
7,2,4,0,41.89,69.51,1.07,109.42,59.41,1.066,0.93,27.6,51.4,0.603,102.231,vehicular
17,4,1,0,84.02,122.52,10.4,85.96,46.9,4.699,2.1,30.2,53.8,0.686,8.262,vehicular
5,12,2,0,85.32,139.56,23.35,6.88,2.44,0.964,1.09,14.7,63.7,0.611,0.295,seasonal_inversion
6,10,6,1,32.87,61.4,4.33,25.5,17.0,0.27,6.5,24.3,50.0,0.535,5.882,unknown
0,4,0,0,188.52,234.55,87.94,2.71,-1.34,1.472,3.33,34.0,71.3,0.804,0.031,industrial
20,5,4,0,4.42,-22.57,16.18,12.98,7.58,0.689,5.53,28.5,54.4,0.5,0.802,unknown
8,7,4,0,41.97,74.61,12.45,21.04,14.61,0.622,5.63,33.4,45.6,0.562,1.69,unknown
11,6,0,0,56.84,106.98,6.43,37.7,15.74,0.301,3.34,23.2,62.7,0.531,5.866,unknown
5,1,5,1,56.09,79.86,5.9,24.89,16.55,0.547,4.17,29.9,53.1,0.702,4.217,unknown
19,10,3,0,106.02,161.26,5.4,91.57,64.31,1.629,1.15,24.8,43.9,0.657,16.941,vehicular
2,7,4,0,126.65,197.53,70.3,59.71,42.84,0.92,3.32,29.8,29.8,0.641,0.849,industrial
20,8,4,0,35.14,55.4,3.46,43.04,18.26,2.826,0.67,30.2,64.0,0.634,12.455,vehicular
0,10,3,0,51.33,88.59,1.93,25.62,18.6,0.774,5.86,29.0,30.5,0.579,13.293,unknown
10,11,5,1,91.02,128.3,11.57,37.51,27.28,1.24,0.82,18.6,88.6,0.709,3.241,seasonal_inversion
5,3,1,0,152.54,185.62,63.61,52.46,22.51,0.779,2.46,27.2,38.4,0.822,0.825,industrial
3,6,2,0,135.97,138.94,99.69,39.76,25.86,0.768,2.59,29.3,46.3,0.979,0.399,industrial
4,12,2,0,54.4,62.82,9.39,11.91,7.35,0.337,3.99,38.5,60.9,0.866,1.269,unknown
15,4,4,0,83.93,158.15,8.12,17.3,13.08,1.547,4.72,34.1,34.0,0.531,2.132,agricultural_burning
16,9,6,1,58.77,98.03,1.47,53.38,41.07,0.456,2.0,25.7,48.8,0.6,36.246,unknown
8,12,0,0,53.23,64.22,14.98,14.29,4.84,0.566,0.7,15.8,98.0,0.829,0.954,seasonal_inversion
8,3,4,0,82.37,161.73,5.95,104.82,64.36,2.316,2.06,30.6,70.1,0.509,17.629,vehicular
11,11,6,1,99.43,252.93,12.83,20.16,13.36,2.329,4.4,34.0,85.0,0.393,1.571,agricultural_burning
5,12,6,1,127.07,204.23,2.38,12.8,6.59,1.299,1.27,8.4,58.9,0.622,5.376,seasonal_inversion
7,2,3,0,48.02,55.85,10.55,22.38,11.75,1.08,0.23,18.1,67.5,0.86,2.122,seasonal_inversion
15,12,1,0,180.39,353.49,6.85,23.45,12.83,2.08,2.75,41.4,42.2,0.51,3.425,agricultural_burning
7,1,3,0,95.52,179.01,9.35,65.77,33.3,3.116,1.63,34.8,52.0,0.534,7.037,vehicular
10,12,2,0,41.04,66.93,3.52,11.57,10.31,1.196,0.2,15.2,71.3,0.613,3.285,seasonal_inversion
1,10,5,1,46.55,65.66,3.02,24.77,22.05,0.266,5.34,21.3,52.4,0.709,8.207,unknown
4,2,1,0,16.1,26.35,10.19,24.31,9.77,0.321,5.22,23.3,48.9,0.611,2.385,unknown
20,3,2,0,61.82,114.63,1.86,89.93,49.12,2.278,2.13,41.1,58.3,0.539,48.427,vehicular
6,5,6,1,118.17,147.37,71.97,52.08,44.53,1.271,2.08,28.7,82.1,0.802,0.724,industrial
9,12,2,0,171.63,192.29,23.6,41.6,31.36,0.627,0.63,13.8,74.8,0.893,1.763,seasonal_inversion
16,3,3,0,167.42,264.17,5.49,0.67,0.44,1.604,4.33,30.1,25.8,0.634,0.122,agricultural_burning
6,2,0,0,107.64,147.42,2.34,40.19,22.55,1.263,0.12,17.9,98.0,0.73,17.2,seasonal_inversion
19,9,2,0,28.25,64.0,6.04,103.35,61.72,2.608,1.75,27.0,90.0,0.441,17.103,vehicular
20,9,3,0,101.87,177.99,4.38,80.62,37.71,4.76,2.17,35.0,57.7,0.572,18.414,vehicular
9,12,4,0,85.35,102.16,22.96,29.61,14.54,0.953,1.11,24.7,91.5,0.835,1.29,seasonal_inversion
7,8,5,1,55.69,72.08,12.64,32.41,24.77,0.64,7.3,30.5,49.4,0.773,2.564,unknown
18,10,3,0,80.98,143.73,4.47,100.08,78.26,3.505,2.12,24.8,50.1,0.563,22.373,vehicular
6,2,3,0,115.2,152.94,85.93,60.96,45.72,0.328,3.07,25.8,55.4,0.753,0.709,industrial
4,1,1,0,135.92,184.69,73.65,21.44,18.65,0.38,3.89,34.8,66.6,0.736,0.291,industrial
5,1,0,0,161.33,192.63,59.06,29.63,19.5,0.923,1.03,26.1,45.3,0.838,0.502,industrial
19,10,2,0,75.93,149.22,4.41,75.54,52.07,1.989,1.3,20.6,44.5,0.509,17.127,vehicular
12,12,4,0,136.18,246.48,19.48,16.97,8.04,1.504,3.84,31.8,54.5,0.553,0.871,agricultural_burning
10,10,4,0,-2.3,-14.19,-0.3,18.42,14.53,0.598,7.42,29.0,50.4,0.5,5.0,unknown
4,7,3,0,146.26,213.07,78.89,51.44,39.41,0.756,3.83,29.5,87.9,0.686,0.652,industrial
10,7,3,0,28.78,24.49,3.48,26.47,21.36,0.362,4.8,36.5,33.2,1.175,7.598,unknown
10,12,2,0,82.37,112.73,20.98,33.79,19.55,0.962,0.6,19.8,82.8,0.731,1.611,seasonal_inversion
8,8,1,0,79.8,116.83,9.98,108.23,70.47,3.427,1.86,31.4,73.9,0.683,10.847,vehicular
20,5,0,0,79.65,154.29,6.1,79.52,46.68,1.58,0.98,29.7,50.1,0.516,13.032,vehicular
0,2,5,1,178.99,229.21,70.91,21.08,17.17,0.983,0.53,34.9,75.9,0.781,0.297,industrial
6,12,1,0,81.36,94.4,5.58,27.55,16.09,0.295,1.41,11.0,69.6,0.862,4.939,seasonal_inversion
9,1,3,0,91.08,129.38,7.9,25.7,16.2,0.974,0.51,19.7,81.1,0.704,3.254,seasonal_inversion
19,3,2,0,119.11,228.18,8.81,83.23,40.88,1.039,1.36,28.6,75.9,0.522,9.45,vehicular
4,11,0,0,40.15,24.68,10.2,30.57,21.39,0.716,7.64,33.0,50.5,1.627,2.998,unknown
9,11,4,0,69.37,110.65,4.52,45.53,30.01,1.032,0.08,21.6,74.5,0.627,10.067,seasonal_inversion
16,4,2,0,178.6,254.77,9.97,26.6,16.25,1.713,3.72,39.2,39.1,0.701,2.667,agricultural_burning
7,1,6,1,108.32,129.32,10.63,29.03,15.17,1.128,0.08,18.3,70.9,0.838,2.731,seasonal_inversion
19,5,4,0,85.23,169.6,2.81,104.07,66.33,1.471,2.95,28.7,75.0,0.503,36.972,vehicular
5,8,0,0,34.23,38.77,2.36,14.7,10.87,0.773,1.21,40.1,73.2,0.883,6.231,unknown
3,6,6,1,110.46,158.34,32.7,21.99,5.93,0.548,1.75,27.1,51.2,0.698,0.672,industrial
10,10,1,0,62.16,98.48,7.57,81.67,62.07,2.764,2.52,24.1,57.6,0.631,10.784,vehicular
20,8,1,0,132.62,217.41,3.86,101.71,52.24,2.217,1.93,33.7,41.6,0.61,26.365,vehicular
12,12,1,0,130.87,219.85,5.78,20.0,11.93,0.712,3.04,38.3,52.0,0.595,3.461,agricultural_burning
1,4,2,0,168.94,208.45,93.22,55.15,37.16,0.576,3.12,27.2,65.6,0.81,0.592,industrial
10,4,2,0,49.7,157.76,3.25,17.7,5.56,1.694,2.74,37.0,47.6,0.315,5.45,agricultural_burning
7,2,2,0,107.37,173.73,14.15,42.73,36.11,0.771,0.89,16.9,73.3,0.618,3.019,seasonal_inversion
22,8,0,0,118.94,170.33,61.94,17.38,14.09,0.725,0.61,26.5,46.1,0.698,0.281,industrial
10,11,6,1,70.41,117.7,20.33,39.58,21.22,1.378,1.12,23.2,68.6,0.598,1.947,seasonal_inversion
13,11,3,0,18.46,16.01,9.89,16.89,6.63,0.188,3.12,19.6,51.2,1.154,1.708,unknown
7,12,1,0,96.97,98.33,10.12,36.82,28.07,0.313,0.83,15.8,75.3,0.986,3.639,seasonal_inversion
8,8,2,0,95.85,123.75,7.69,61.11,37.96,3.737,1.43,32.3,32.2,0.775,7.946,vehicular
9,12,3,0,210.23,320.53,9.83,8.21,6.77,3.056,2.07,35.1,47.3,0.656,0.835,agricultural_burning
8,1,6,1,148.57,204.89,10.68,18.62,11.9,1.239,0.66,15.8,63.2,0.725,1.744,seasonal_inversion
5,2,5,1,131.62,155.95,76.97,34.19,18.64,0.88,0.85,32.4,72.9,0.844,0.444,industrial
10,11,3,0,75.56,130.68,7.27,67.82,26.82,2.255,1.08,29.5,62.4,0.578,9.328,vehicular
5,1,1,0,8.83,1.94,11.31,24.82,16.31,0.462,7.44,25.9,22.6,4.541,2.194,unknown
6,10,2,0,163.28,208.12,68.66,61.31,43.2,0.138,0.72,25.9,71.1,0.785,0.893,industrial
8,8,3,0,57.33,71.88,5.2,29.63,23.51,0.635,3.36,27.7,93.5,0.798,5.699,unknown
18,5,4,0,62.78,117.96,5.13,105.28,62.59,2.016,1.73,22.4,49.8,0.532,20.514,vehicular
17,11,0,0,134.44,254.82,4.59,20.65,9.09,1.606,2.34,25.7,53.1,0.528,4.502,agricultural_burning
8,5,1,0,62.38,129.16,4.63,57.2,29.1,1.715,1.22,32.3,61.3,0.483,12.345,vehicular
1,1,1,0,202.54,263.44,86.75,47.71,34.4,1.235,3.0,29.2,61.9,0.769,0.55,industrial
18,7,4,0,22.4,43.37,14.86,21.43,9.85,0.161,1.77,24.4,29.9,0.516,1.442,unknown
12,10,1,0,184.38,275.51,7.22,14.97,3.31,1.35,4.37,37.1,35.3,0.669,2.074,agricultural_burning
14,3,5,1,176.98,265.21,-0.19,15.56,5.14,1.366,4.6,25.5,67.3,0.667,5.0,agricultural_burning
13,12,0,0,180.96,286.76,11.66,17.34,10.75,1.354,3.12,44.6,64.7,0.631,1.487,agricultural_burning
21,1,6,1,26.43,28.03,6.5,8.46,3.57,0.45,2.64,33.8,48.0,0.943,1.302,unknown
6,11,2,0,80.99,107.52,5.24,36.67,24.9,1.55,0.93,23.8,78.0,0.753,6.992,seasonal_inversion
17,10,4,0,126.8,243.65,7.57,77.15,54.47,2.105,1.14,21.4,70.8,0.52,10.197,vehicular
6,12,2,0,127.46,183.64,5.49,33.32,22.5,1.29,0.69,16.4,65.4,0.694,6.065,seasonal_inversion
2,12,5,1,69.31,108.74,2.79,29.49,13.19,0.515,4.25,33.8,21.7,0.637,10.579,unknown
1,5,5,1,136.25,193.12,64.39,34.41,16.48,1.305,3.68,30.5,47.4,0.706,0.534,industrial
9,8,6,1,38.87,51.15,9.07,14.71,13.14,0.849,4.28,38.4,42.9,0.76,1.622,unknown
13,10,4,0,130.97,216.42,8.57,11.12,8.22,2.1,4.78,35.4,34.0,0.605,1.298,agricultural_burning
0,8,1,0,150.08,138.95,117.22,43.07,19.49,0.087,1.34,39.9,56.4,1.08,0.367,industrial
1,4,0,0,198.34,306.04,138.21,35.09,23.8,0.422,2.94,20.5,66.1,0.648,0.254,industrial
5,3,4,0,184.07,231.81,35.11,45.99,34.13,0.881,1.96,23.9,77.0,0.794,1.31,industrial
6,2,2,0,97.89,167.65,14.64,48.45,26.43,1.048,1.36,15.9,85.3,0.584,3.309,seasonal_inversion
10,12,4,0,117.42,170.38,4.96,100.17,59.16,2.258,1.65,30.3,56.5,0.689,20.189,vehicular
15,10,1,0,96.5,212.83,11.53,25.51,12.32,0.889,3.5,35.7,65.7,0.453,2.211,agricultural_burning
3,7,4,0,38.1,67.54,1.87,3.87,4.55,0.575,6.82,29.7,45.7,0.564,2.068,unknown
14,11,2,0,142.71,256.0,3.63,30.95,14.39,2.185,3.44,33.9,54.4,0.557,8.535,agricultural_burning
17,3,6,1,198.13,318.38,8.8,29.4,17.14,0.889,1.72,32.7,22.1,0.622,3.34,agricultural_burning
7,2,1,0,114.8,146.78,15.77,-0.83,2.82,1.408,0.96,19.4,75.6,0.782,-0.052,seasonal_inversion
9,12,5,1,78.88,110.66,21.82,18.48,16.53,0.775,0.87,8.7,84.7,0.713,0.847,seasonal_inversion
10,12,0,0,89.68,105.97,11.74,35.56,29.24,0.896,1.16,24.4,88.6,0.846,3.028,seasonal_inversion
13,8,4,0,27.88,26.2,8.86,19.91,14.76,0.621,3.58,37.8,77.1,1.064,2.247,unknown
6,12,5,1,97.92,143.58,11.82,14.71,7.04,1.088,0.95,16.6,76.4,0.682,1.245,seasonal_inversion
20,3,0,0,67.86,91.07,2.46,77.09,53.21,1.852,2.08,25.1,20.0,0.745,31.283,vehicular
19,11,3,0,74.13,120.6,10.0,30.86,19.1,0.351,6.87,26.7,47.1,0.615,3.084,unknown
17,12,3,0,186.2,284.72,5.8,21.13,14.82,2.174,1.69,24.3,56.2,0.654,3.643,agricultural_burning
6,6,6,1,167.42,226.03,77.65,21.47,11.97,0.713,1.95,20.7,50.0,0.741,0.276,industrial
18,4,4,0,155.89,323.97,13.05,46.01,24.22,2.151,3.32,30.1,43.4,0.481,3.526,agricultural_burning
10,2,1,0,107.03,167.69,12.27,42.34,19.25,0.773,1.29,6.5,81.1,0.638,3.452,seasonal_inversion
2,10,1,0,157.39,194.47,47.96,28.53,17.05,0.776,3.68,18.1,47.5,0.809,0.595,industrial
18,7,1,0,36.7,99.57,7.25,97.05,49.73,2.297,1.75,21.8,55.7,0.369,13.377,vehicular
4,2,5,1,126.19,131.84,30.91,48.59,35.71,1.009,3.38,24.9,63.5,0.957,1.572,industrial
17,11,0,0,103.51,175.06,5.38,70.87,53.16,1.683,2.95,27.3,48.4,0.591,13.176,vehicular
7,1,6,1,124.77,190.36,11.43,25.57,23.16,1.343,1.47,16.8,53.4,0.655,2.238,seasonal_inversion
3,5,6,1,53.73,52.82,13.01,30.88,21.71,0.483,3.77,27.4,65.5,1.017,2.373,unknown
6,2,3,0,46.08,70.75,11.7,3.56,1.47,0.601,2.84,35.8,34.1,0.651,0.304,unknown
10,10,2,0,157.12,322.25,8.76,12.89,8.89,1.693,1.01,35.3,40.8,0.488,1.471,agricultural_burning
9,10,6,1,148.63,297.72,10.6,24.07,20.19,1.265,2.7,33.3,64.4,0.499,2.27,agricultural_burning
6,2,3,0,71.84,92.24,9.19,70.63,47.79,1.287,1.36,15.7,67.7,0.779,7.689,seasonal_inversion
14,1,4,0,60.73,72.53,11.13,19.75,14.0,0.652,2.06,31.6,71.2,0.837,1.775,unknown
9,4,2,0,93.68,211.99,9.82,5.46,3.44,1.185,1.3,37.3,82.6,0.442,0.556,agricultural_burning
10,11,5,1,101.43,132.39,23.0,27.31,14.82,0.87,1.12,18.3,86.6,0.766,1.188,seasonal_inversion
17,12,5,1,154.69,284.57,6.51,6.42,6.3,1.997,2.6,35.6,35.2,0.544,0.987,agricultural_burning
3,11,2,0,127.29,177.42,69.82,24.87,19.21,1.493,3.62,40.7,48.8,0.717,0.356,industrial
19,12,2,0,62.51,98.06,9.01,115.36,68.23,3.634,1.15,37.3,20.0,0.637,12.806,vehicular
17,3,0,0,51.42,101.83,5.1,83.25,49.63,2.319,0.56,34.8,51.2,0.505,16.312,vehicular
8,9,6,1,77.62,113.41,11.62,17.94,13.15,0.13,4.04,29.3,74.2,0.684,1.543,unknown
9,12,4,0,71.58,93.15,8.52,41.52,20.04,0.948,0.44,27.2,98.0,0.768,4.874,seasonal_inversion
10,10,5,1,183.5,328.42,7.94,30.22,17.36,3.48,1.45,30.7,21.3,0.559,3.804,agricultural_burning
23,3,2,0,170.56,277.15,109.26,52.96,36.58,0.844,2.98,35.8,58.3,0.615,0.485,industrial
9,3,4,0,184.17,292.94,12.16,3.88,1.81,1.836,1.81,38.3,47.3,0.629,0.319,agricultural_burning
22,4,5,1,176.14,252.83,60.31,14.27,4.46,0.714,3.85,32.9,65.7,0.697,0.237,industrial
6,10,2,0,154.5,207.4,60.21,37.91,24.5,0.471,2.72,24.3,64.3,0.745,0.63,industrial
4,10,2,0,209.29,239.03,77.07,25.23,16.02,0.779,1.11,28.2,61.5,0.876,0.327,industrial
6,5,6,1,123.86,163.17,87.84,46.26,35.99,1.373,2.1,27.8,61.2,0.759,0.527,industrial
20,11,4,0,111.51,200.73,4.85,152.32,113.24,2.967,2.46,27.6,32.9,0.556,31.393,vehicular
22,1,2,0,165.89,183.11,119.31,38.71,24.83,0.72,3.14,30.9,53.3,0.906,0.324,industrial
9,11,1,0,198.89,284.2,4.83,30.88,19.89,0.786,1.72,28.4,31.2,0.7,6.391,agricultural_burning
8,2,0,0,65.58,77.89,10.49,24.94,18.56,1.185,0.6,28.8,60.9,0.842,2.377,seasonal_inversion
15,4,0,0,138.65,226.3,2.1,48.41,26.02,1.963,1.36,31.4,43.8,0.613,23.09,agricultural_burning
8,1,3,0,68.98,110.74,6.52,105.69,59.86,4.064,2.06,32.7,60.6,0.623,16.201,vehicular
1,4,2,0,174.8,211.33,46.4,41.7,25.11,0.957,2.18,33.3,72.7,0.827,0.899,industrial
5,12,0,0,96.66,117.21,18.51,13.73,13.68,0.356,0.32,15.8,42.5,0.825,0.742,seasonal_inversion
7,11,4,0,57.87,87.55,7.52,120.63,72.65,1.6,1.37,27.6,36.6,0.661,16.035,vehicular
11,4,0,0,294.54,401.08,2.72,16.11,6.06,2.916,1.32,34.6,53.7,0.734,5.912,agricultural_burning
8,1,0,0,131.47,182.95,11.48,32.88,24.51,1.373,0.19,21.2,88.1,0.719,2.864,seasonal_inversion
2,8,0,0,182.95,260.32,59.59,29.18,19.73,1.028,3.65,28.9,70.6,0.703,0.49,industrial
23,2,2,0,96.33,109.5,69.75,45.9,30.13,1.008,1.28,26.5,48.0,0.88,0.658,industrial
4,11,4,0,156.88,168.24,40.58,16.14,12.88,0.795,2.1,33.7,77.0,0.932,0.398,industrial
23,11,5,1,187.12,230.74,70.81,58.1,33.11,0.546,3.84,21.0,51.0,0.811,0.821,industrial
15,3,2,0,64.71,80.21,6.69,17.44,11.05,0.536,2.81,27.5,15.0,0.807,2.606,unknown
23,2,4,0,45.75,63.5,6.42,-0.66,2.22,0.239,7.57,40.6,75.3,0.721,-0.103,unknown
22,8,2,0,136.41,164.11,73.11,33.84,25.69,0.182,1.49,30.5,71.6,0.831,0.463,industrial
18,12,3,0,127.5,265.42,6.48,-0.61,-2.74,1.421,3.61,33.7,35.8,0.48,-0.095,agricultural_burning
22,7,2,0,118.12,198.82,69.15,34.92,23.95,0.571,1.01,27.4,68.3,0.594,0.505,industrial
8,11,6,1,75.92,98.15,6.63,14.76,6.13,0.384,1.95,32.2,65.9,0.773,2.227,unknown
9,7,2,0,85.48,152.8,6.3,71.53,38.11,3.272,0.51,31.3,64.7,0.559,11.358,vehicular
4,4,2,0,15.69,33.31,6.65,8.28,3.66,0.649,5.18,28.0,47.2,0.471,1.245,unknown
7,12,6,1,115.1,137.54,8.09,37.87,14.95,1.023,0.77,23.6,78.5,0.837,4.678,seasonal_inversion
2,8,5,1,129.15,162.89,36.62,46.16,26.89,1.086,2.05,32.8,85.2,0.793,1.261,industrial
0,9,2,0,19.23,29.72,6.46,1.47,3.8,0.632,7.15,36.2,96.5,0.647,0.227,unknown
8,2,1,0,62.91,115.32,7.9,52.25,25.7,1.995,2.24,26.0,42.8,0.545,6.617,vehicular
4,7,0,0,151.87,196.02,33.32,13.66,3.86,0.916,0.62,27.8,60.7,0.775,0.41,industrial
17,1,2,0,17.49,40.09,4.41,83.39,50.46,2.401,1.8,34.8,66.1,0.436,18.927,vehicular
15,3,3,0,182.09,306.96,3.03,18.56,10.06,1.424,2.35,26.5,60.9,0.593,6.126,agricultural_burning
6,1,2,0,72.37,98.5,5.41,14.91,7.75,1.141,0.25,13.9,57.1,0.735,2.757,seasonal_inversion
0,9,2,0,135.66,133.58,94.65,52.1,34.69,1.048,2.4,31.5,67.9,1.016,0.55,industrial
0,4,6,1,170.28,238.35,80.96,13.83,9.43,0.929,2.44,19.6,79.6,0.714,0.171,industrial
12,3,5,1,118.54,189.64,5.87,4.31,3.83,1.521,3.81,33.5,36.9,0.625,0.735,agricultural_burning
7,9,4,0,58.51,94.26,-0.28,24.85,18.01,0.576,4.65,21.9,80.9,0.621,5.0,unknown
1,12,5,1,174.98,263.18,76.23,31.47,16.78,1.504,3.38,29.0,66.9,0.665,0.413,industrial
10,6,2,0,77.39,99.24,10.03,75.76,49.6,3.057,0.53,25.5,64.8,0.78,7.554,vehicular
15,3,4,0,116.25,238.24,3.33,17.49,14.49,1.588,3.29,40.3,50.6,0.488,5.251,agricultural_burning
19,7,1,0,74.1,88.08,4.55,39.07,27.45,0.01,2.66,17.7,78.4,0.841,8.584,unknown
9,11,3,0,92.52,103.65,8.42,30.97,18.2,0.657,0.23,13.7,64.8,0.893,3.678,seasonal_inversion
7,6,2,0,50.43,98.0,8.0,49.19,23.3,3.117,2.67,24.4,59.0,0.515,6.146,vehicular
8,11,1,0,95.54,131.58,7.23,13.38,10.15,0.572,0.74,12.3,68.4,0.726,1.852,seasonal_inversion
2,1,4,0,187.25,290.92,52.2,30.97,25.81,0.687,1.09,21.6,56.9,0.644,0.593,industrial
16,10,6,1,22.88,12.8,9.8,31.52,20.98,0.205,1.22,23.4,64.3,1.788,3.217,unknown
0,6,5,1,179.0,206.29,80.45,17.98,13.68,0.87,1.2,29.1,44.9,0.868,0.223,industrial
18,10,1,0,195.61,324.3,9.41,21.46,13.24,1.203,2.03,34.6,64.6,0.603,2.28,agricultural_burning
6,8,6,1,146.61,205.35,61.48,47.47,27.82,1.148,2.79,32.9,88.3,0.714,0.772,industrial
8,12,4,0,79.1,118.01,12.39,43.73,31.83,0.081,0.95,21.7,65.9,0.67,3.53,seasonal_inversion
22,9,3,0,128.39,184.31,45.02,13.51,4.77,1.113,1.96,18.7,50.0,0.697,0.3,industrial
17,4,2,0,110.83,217.76,8.89,1.52,0.26,2.288,1.24,19.7,55.4,0.509,0.171,agricultural_burning
15,4,0,0,36.54,40.45,2.56,19.97,15.46,0.374,7.3,35.8,56.9,0.903,7.812,unknown
16,10,4,0,58.37,74.38,9.46,1.41,-0.63,0.696,3.77,32.1,58.4,0.785,0.149,unknown
3,11,3,0,27.71,27.8,9.96,26.05,12.95,0.815,7.12,24.5,68.4,0.997,2.617,unknown
5,12,2,0,63.66,64.54,7.51,32.66,24.74,0.607,5.75,24.6,38.2,0.986,4.348,unknown
6,12,0,0,6.56,18.38,12.96,33.76,14.85,0.511,4.92,20.5,61.3,0.357,2.604,unknown
23,4,4,0,64.26,87.4,8.58,-0.36,0.07,0.745,7.81,40.8,76.1,0.735,-0.042,unknown
1,2,1,0,191.08,316.66,57.07,51.71,39.0,1.061,0.61,30.6,78.6,0.603,0.906,industrial
17,12,5,1,44.01,137.04,-0.53,13.8,8.17,1.542,3.19,27.9,50.4,0.321,5.0,agricultural_burning
10,9,0,0,54.78,99.48,11.39,104.21,63.9,4.022,2.77,28.0,46.6,0.551,9.147,vehicular
14,4,4,0,325.05,460.88,7.0,15.88,10.58,1.81,3.11,33.8,57.4,0.705,2.267,agricultural_burning
7,1,0,0,65.27,98.97,13.71,41.45,20.25,0.349,0.28,14.0,79.2,0.66,3.024,seasonal_inversion
10,2,4,0,80.68,131.51,0.76,35.36,22.72,2.756,2.16,32.2,38.1,0.613,46.246,vehicular
2,4,0,0,37.46,30.5,16.62,4.07,3.73,0.603,2.38,32.3,27.7,1.228,0.245,unknown
7,1,5,1,78.01,105.53,17.5,37.79,23.48,1.026,0.44,22.1,73.1,0.739,2.16,seasonal_inversion
17,5,0,0,76.04,132.18,5.82,58.08,35.48,1.729,1.69,28.6,56.2,0.575,9.979,vehicular
19,4,0,0,83.12,140.55,6.68,63.78,47.83,2.466,1.7,35.0,81.4,0.591,9.543,vehicular
3,5,5,1,25.8,42.37,10.58,26.92,15.75,0.421,4.76,36.7,67.2,0.609,2.545,unknown
14,11,2,0,131.96,263.61,7.3,27.07,18.07,2.161,4.57,35.4,59.2,0.501,3.71,agricultural_burning
4,7,3,0,186.25,220.89,101.94,48.25,32.94,1.178,1.06,26.5,36.6,0.843,0.473,industrial
7,9,6,1,36.72,53.68,12.6,35.29,24.52,0.222,4.12,19.5,80.8,0.684,2.801,unknown
2,9,0,0,55.47,98.17,7.31,21.72,19.45,0.645,3.13,35.2,60.7,0.565,2.97,unknown
5,2,6,1,151.47,189.56,53.53,35.99,23.24,0.681,3.07,29.6,40.6,0.799,0.672,industrial
15,4,0,0,152.1,353.37,6.86,22.5,8.55,2.465,1.65,34.8,48.8,0.43,3.279,agricultural_burning
7,1,4,0,103.95,125.82,16.57,37.92,25.62,0.892,0.22,12.4,90.4,0.826,2.288,seasonal_inversion
9,7,2,0,45.77,39.28,6.43,3.98,0.32,0.264,7.53,19.7,63.8,1.165,0.619,unknown
15,11,1,0,13.96,13.6,12.69,19.05,10.04,0.265,5.54,22.3,21.4,1.027,1.502,unknown
7,1,2,0,120.72,155.39,6.84,38.66,24.54,0.953,0.48,21.6,80.0,0.777,5.653,seasonal_inversion
4,3,0,0,202.03,263.87,59.54,56.14,40.64,1.682,3.17,21.3,92.1,0.766,0.943,industrial
6,12,2,0,115.2,141.21,11.4,36.64,23.12,1.339,1.28,25.7,76.3,0.816,3.216,seasonal_inversion
7,1,4,0,81.83,129.39,5.46,72.68,50.87,2.022,2.13,31.4,59.8,0.632,13.321,vehicular
10,11,4,0,142.89,339.39,5.05,25.2,11.52,1.936,2.94,41.3,38.8,0.421,4.989,agricultural_burning
9,4,6,1,112.95,192.34,11.64,15.81,6.07,0.743,4.82,30.4,39.6,0.587,1.358,agricultural_burning
18,10,1,0,90.79,236.51,7.65,9.47,7.19,3.085,2.94,29.5,39.7,0.384,1.238,agricultural_burning
15,12,3,0,177.08,337.11,3.48,11.06,5.41,1.385,1.63,36.1,37.4,0.525,3.183,agricultural_burning
10,3,3,0,172.49,271.77,-0.73,17.24,10.07,1.198,4.21,36.5,69.1,0.635,5.0,agricultural_burning
23,4,0,0,152.65,230.61,102.13,47.18,19.26,1.23,2.72,27.8,37.7,0.662,0.462,industrial
9,4,1,0,219.56,327.29,7.03,2.23,-0.18,1.199,2.42,35.1,46.3,0.671,0.317,agricultural_burning
10,1,3,0,84.46,114.31,1.21,16.8,10.45,0.614,0.93,15.6,91.0,0.739,13.831,seasonal_inversion
1,3,3,0,23.14,22.32,8.73,25.79,19.95,0.627,6.48,25.5,59.5,1.037,2.955,unknown
5,11,0,0,145.56,184.66,82.8,48.31,36.69,0.965,2.71,18.7,81.5,0.788,0.583,industrial
12,10,0,0,250.09,440.07,6.64,16.75,11.38,1.402,4.54,36.5,43.3,0.568,2.524,agricultural_burning
5,7,5,1,146.81,189.86,98.09,29.74,28.36,1.08,0.91,22.4,85.0,0.773,0.303,industrial
23,12,3,0,169.73,228.8,106.18,39.79,25.08,0.542,0.93,27.0,61.2,0.742,0.375,industrial
17,2,2,0,50.87,76.1,3.8,69.63,45.3,2.565,1.89,26.7,53.8,0.668,18.316,vehicular
9,1,2,0,27.05,25.09,-0.49,35.08,16.34,0.5,2.67,32.9,77.0,1.078,5.0,unknown
2,2,3,0,41.45,75.04,7.19,1.94,1.45,0.893,6.77,30.9,50.7,0.552,0.269,unknown
6,1,2,0,39.86,61.98,14.9,16.8,12.23,0.832,0.97,22.2,83.2,0.643,1.128,seasonal_inversion
1,3,5,1,87.98,153.61,89.51,19.86,17.69,0.591,2.87,35.9,67.0,0.573,0.222,industrial
4,2,4,0,145.17,196.06,42.41,13.92,12.58,0.881,1.9,29.2,85.2,0.74,0.328,industrial
17,10,2,0,72.14,84.13,9.9,98.59,58.25,2.119,3.0,30.7,63.4,0.857,9.958,vehicular
20,2,4,0,1.68,5.91,13.92,10.4,7.34,0.781,4.9,28.0,71.5,0.285,0.747,unknown
6,11,6,1,73.62,130.68,17.42,37.9,23.84,0.597,0.24,19.8,73.5,0.563,2.175,seasonal_inversion
9,9,0,0,123.29,252.13,4.6,76.76,36.12,2.801,0.78,26.3,65.9,0.489,16.689,vehicular
2,4,4,0,193.72,247.0,39.95,29.93,17.6,0.946,1.78,27.0,67.2,0.784,0.749,industrial
3,5,6,1,31.22,55.26,6.6,25.93,11.8,0.782,6.01,30.3,68.3,0.565,3.931,unknown
13,8,5,1,37.0,95.26,12.49,25.59,10.34,0.642,2.03,18.1,62.1,0.388,2.048,unknown
23,3,2,0,193.32,218.55,107.02,12.85,8.76,0.54,2.15,34.7,40.1,0.885,0.12,industrial
17,6,2,0,77.06,186.19,3.5,125.94,70.89,1.728,0.96,21.9,75.8,0.414,35.941,vehicular
17,3,4,0,65.4,68.89,14.66,8.76,2.66,0.332,5.66,33.0,79.5,0.949,0.598,unknown
14,12,5,1,106.61,228.85,10.41,39.54,14.45,2.611,3.0,33.3,33.2,0.466,3.8,agricultural_burning
10,10,3,0,43.82,96.83,4.52,89.83,52.78,3.758,0.72,30.9,48.4,0.452,19.875,vehicular
13,10,2,0,29.28,20.06,6.26,21.13,16.31,0.419,3.31,33.1,57.8,1.46,3.377,unknown
18,3,1,0,22.41,25.56,9.06,99.78,68.31,2.742,0.58,32.8,37.5,0.877,11.018,vehicular
10,11,0,0,168.94,267.88,7.92,23.81,4.68,2.225,3.92,31.1,47.9,0.631,3.005,agricultural_burning
23,9,0,0,46.25,61.81,11.09,22.8,13.6,0.819,5.52,29.4,71.0,0.748,2.056,unknown
9,12,2,0,87.79,112.15,12.17,60.99,41.61,0.918,1.2,22.1,68.9,0.783,5.012,seasonal_inversion
16,12,0,0,84.05,233.32,13.35,4.68,-1.7,2.038,3.12,27.0,42.6,0.36,0.35,agricultural_burning
5,3,0,0,119.99,121.82,97.78,18.87,11.05,1.11,0.55,31.9,64.9,0.985,0.193,industrial
5,10,3,0,162.85,167.52,114.16,33.51,21.17,0.366,3.52,33.4,68.8,0.972,0.294,industrial
3,4,3,0,134.78,124.91,80.79,16.48,8.07,0.839,2.57,37.8,55.8,1.079,0.204,industrial
11,3,5,1,131.59,260.56,0.08,18.55,6.65,1.971,3.35,31.5,60.4,0.505,218.464,agricultural_burning
15,12,2,0,62.91,86.86,10.35,40.84,30.05,0.713,4.18,45.8,15.0,0.724,3.945,unknown
19,9,5,1,29.57,12.45,2.31,31.56,15.5,0.498,5.48,36.8,58.7,2.375,13.692,unknown
12,5,0,0,68.15,103.12,15.61,6.54,7.01,0.352,1.31,30.1,91.2,0.661,0.419,unknown
9,1,6,1,70.96,83.58,22.62,31.14,17.0,1.208,1.4,26.3,77.1,0.849,1.377,seasonal_inversion
5,1,4,0,3.96,-9.78,12.74,28.56,17.04,0.497,1.73,26.5,25.3,0.5,2.241,unknown
8,8,1,0,47.64,94.59,2.44,90.92,57.68,2.832,1.43,31.4,47.6,0.504,37.239,vehicular
8,10,0,0,78.82,125.41,6.56,85.59,38.08,2.015,2.47,32.2,37.0,0.628,13.044,vehicular
18,9,4,0,65.07,120.11,8.39,11.58,10.19,0.154,7.69,29.1,62.6,0.542,1.38,unknown
4,12,3,0,196.41,267.52,64.56,29.61,20.11,0.625,0.53,26.5,60.2,0.734,0.459,industrial
18,1,4,0,27.08,43.35,4.73,10.28,7.59,0.418,2.87,33.7,79.3,0.625,2.171,unknown
1,4,3,0,172.31,167.21,85.0,28.71,20.07,1.069,1.18,21.5,79.5,1.031,0.338,industrial
21,10,6,1,44.47,64.27,15.19,20.26,8.52,0.415,5.43,36.9,31.8,0.692,1.334,unknown
8,10,4,0,89.34,170.73,8.9,132.37,67.89,2.496,2.86,37.9,77.8,0.523,14.875,vehicular
14,11,4,0,11.23,14.99,5.6,4.97,4.17,0.722,7.35,29.9,47.4,0.749,0.887,unknown
11,10,5,1,108.52,246.02,6.27,23.54,9.84,1.315,2.12,28.6,41.3,0.441,3.754,agricultural_burning
11,11,1,0,189.71,313.81,8.84,18.21,9.15,1.808,3.92,26.4,57.2,0.605,2.059,agricultural_burning
0,9,1,0,21.25,29.21,6.04,-5.29,-4.27,0.654,3.3,22.6,61.9,0.728,-0.876,unknown
3,6,3,0,44.08,53.25,3.36,3.12,2.99,0.329,2.46,25.2,49.0,0.828,0.929,unknown
8,1,6,1,37.81,53.56,5.51,17.65,12.56,0.38,1.06,38.8,93.2,0.706,3.205,unknown
9,11,4,0,110.72,177.03,19.94,49.83,25.95,0.165,0.44,20.9,88.1,0.625,2.498,seasonal_inversion
20,4,0,0,106.53,167.88,9.21,108.75,67.16,3.212,1.67,32.1,39.1,0.635,11.813,vehicular
7,10,2,0,82.34,157.74,2.41,87.37,66.98,2.107,1.27,28.5,34.8,0.522,36.288,vehicular
18,4,5,1,109.91,204.86,9.75,10.6,4.64,1.399,4.6,34.1,45.4,0.537,1.087,agricultural_burning
18,10,6,1,175.84,304.79,13.11,35.47,15.83,1.753,4.7,38.6,24.5,0.577,2.706,agricultural_burning
21,1,2,0,30.83,59.31,17.22,25.56,23.47,0.507,7.59,39.6,87.6,0.52,1.484,unknown
6,2,6,1,124.69,198.1,14.39,34.15,17.2,0.475,1.33,19.1,78.0,0.629,2.373,seasonal_inversion
16,12,6,1,107.6,257.39,8.23,40.22,19.27,1.575,3.74,41.1,54.8,0.418,4.885,agricultural_burning
5,1,0,0,125.7,153.96,13.3,32.91,15.24,1.101,0.52,14.1,78.8,0.816,2.474,seasonal_inversion
17,6,3,0,66.82,124.5,5.42,81.7,40.3,3.139,1.62,30.1,58.8,0.537,15.073,vehicular
12,11,5,1,97.62,177.63,3.21,16.32,10.4,1.775,3.52,38.5,36.6,0.55,5.089,agricultural_burning
17,12,3,0,56.31,116.38,19.8,13.91,6.68,1.512,2.6,24.5,50.1,0.484,0.702,agricultural_burning
18,7,1,0,67.04,103.61,2.79,81.86,41.2,1.268,0.53,36.9,37.4,0.647,29.298,vehicular
23,6,1,0,23.41,44.79,3.58,33.83,26.49,0.545,3.79,27.0,45.4,0.523,9.439,unknown
9,10,0,0,112.58,222.75,1.91,22.81,15.67,0.269,1.44,35.9,52.1,0.505,11.934,agricultural_burning
10,10,2,0,50.02,62.84,7.11,114.27,69.83,1.533,2.88,23.8,70.0,0.796,16.077,vehicular
2,4,3,0,131.48,95.28,25.75,40.89,16.54,0.59,1.1,30.8,62.0,1.38,1.588,industrial
5,11,1,0,99.34,155.31,11.14,49.9,29.36,0.871,0.18,18.9,41.3,0.64,4.479,seasonal_inversion
10,8,1,0,43.26,80.82,9.05,21.09,15.81,0.483,3.89,29.9,82.1,0.535,2.33,unknown
17,1,1,0,54.22,90.92,5.78,82.13,56.97,2.949,1.67,39.3,64.8,0.596,14.219,vehicular
16,12,3,0,180.54,401.91,12.03,28.61,11.21,1.454,3.78,29.7,64.3,0.449,2.379,agricultural_burning
13,10,3,0,158.09,281.5,14.13,12.58,9.42,1.992,2.81,34.3,46.4,0.562,0.89,agricultural_burning
5,9,2,0,170.61,214.69,88.89,34.09,16.61,1.118,3.22,24.7,71.0,0.795,0.383,industrial
6,4,5,1,123.42,93.31,119.17,20.3,4.62,0.941,1.75,19.8,52.5,1.323,0.17,industrial
10,12,3,0,89.55,120.58,2.02,26.0,15.84,0.65,1.11,16.3,85.0,0.743,12.899,seasonal_inversion
13,11,4,0,187.79,340.34,9.36,10.48,4.97,1.465,4.56,29.8,34.1,0.552,1.12,agricultural_burning
17,12,6,1,39.61,44.22,14.95,4.74,2.92,0.538,6.75,37.3,69.3,0.896,0.317,unknown
10,1,2,0,114.42,176.76,18.03,34.59,16.76,1.005,1.06,15.9,71.6,0.647,1.919,seasonal_inversion
12,3,6,1,126.84,278.3,7.38,16.92,6.11,1.645,1.46,34.8,45.4,0.456,2.293,agricultural_burning
20,7,1,0,55.27,100.39,14.59,86.41,41.4,2.159,2.04,33.7,73.2,0.551,5.925,vehicular
22,9,5,1,152.75,207.62,109.38,39.77,32.1,0.127,3.72,19.3,63.9,0.736,0.364,industrial
3,4,2,0,138.28,170.75,83.13,45.5,21.31,0.856,2.97,27.8,66.4,0.81,0.547,industrial
4,6,3,0,183.74,233.72,50.01,23.82,12.12,0.768,1.57,37.1,54.1,0.786,0.476,industrial
16,10,6,1,29.94,50.89,19.86,-6.91,-4.22,0.235,6.35,31.1,70.7,0.588,-0.348,unknown
10,3,0,0,119.8,262.49,10.16,19.16,6.09,3.421,4.36,37.2,34.9,0.456,1.886,agricultural_burning
16,11,2,0,224.16,338.54,12.49,6.28,4.54,1.86,3.06,29.1,58.4,0.662,0.503,agricultural_burning
4,6,4,0,97.8,127.99,77.08,40.85,28.06,0.836,2.57,24.4,59.7,0.764,0.53,industrial
0,3,6,1,117.77,180.3,34.84,18.75,20.08,0.052,1.97,28.7,69.4,0.653,0.538,industrial
2,11,0,0,177.84,231.47,74.85,30.78,29.16,1.265,0.89,21.5,88.7,0.768,0.411,industrial
2,11,2,0,139.46,152.97,63.65,50.28,24.85,0.062,2.52,27.9,69.5,0.912,0.79,industrial
16,4,5,1,208.96,375.12,9.26,10.27,7.16,1.789,3.64,29.5,42.7,0.557,1.108,agricultural_burning
19,12,4,0,96.02,153.18,5.24,115.14,54.0,1.807,2.13,18.8,81.4,0.627,21.975,vehicular
20,12,4,0,49.57,100.61,6.96,91.9,49.77,3.037,0.88,21.5,41.1,0.493,13.204,vehicular
19,2,0,0,103.19,156.77,4.83,108.26,70.25,2.978,1.73,24.0,49.3,0.658,22.398,vehicular
12,3,5,1,219.42,371.99,5.41,25.86,12.53,1.651,2.71,35.1,53.8,0.59,4.783,agricultural_burning
11,12,6,1,221.76,425.17,12.09,33.52,16.24,1.887,4.59,36.9,57.0,0.522,2.772,agricultural_burning
15,4,0,0,142.26,342.23,3.91,5.29,5.74,2.114,1.36,40.6,43.2,0.416,1.353,agricultural_burning
23,1,0,0,140.79,151.12,80.97,47.22,35.69,0.342,2.3,32.1,70.2,0.932,0.583,industrial
9,10,2,0,117.11,162.14,6.65,88.54,49.81,2.777,1.87,33.1,74.1,0.722,13.322,vehicular
8,11,4,0,89.2,199.48,3.74,103.6,60.17,3.19,1.35,28.2,38.9,0.447,27.719,vehicular
17,6,1,0,87.4,158.58,5.06,100.44,57.74,2.611,2.24,34.3,45.5,0.551,19.841,vehicular
10,3,6,1,152.28,275.22,10.03,0.48,-0.13,2.176,4.45,32.9,48.9,0.553,0.048,agricultural_burning
10,4,0,0,62.46,111.29,14.37,19.79,11.62,0.308,7.55,23.9,29.7,0.561,1.377,unknown
10,11,6,1,52.72,80.11,7.52,21.2,16.19,0.333,1.23,33.4,64.8,0.658,2.818,unknown
14,10,5,1,54.44,78.06,2.1,24.84,12.67,0.607,4.71,31.1,38.4,0.697,11.813,unknown
10,3,0,0,90.83,142.27,7.51,66.95,35.59,1.226,1.54,42.2,47.9,0.638,8.913,vehicular
10,8,4,0,77.69,89.71,4.57,151.09,94.13,2.584,0.59,40.0,74.5,0.866,33.09,vehicular
4,10,5,1,167.81,203.8,28.75,10.05,6.51,0.434,0.83,35.5,40.8,0.823,0.35,industrial
15,4,1,0,50.18,180.99,10.85,10.53,5.67,1.689,2.23,30.5,32.1,0.277,0.97,agricultural_burning
9,4,1,0,144.31,283.95,6.89,24.49,14.29,1.501,3.57,34.3,21.5,0.508,3.556,agricultural_burning
10,3,6,1,89.16,210.35,3.12,-0.26,0.21,2.661,2.19,22.4,41.1,0.424,-0.084,agricultural_burning
9,2,3,0,131.98,207.45,17.94,14.36,6.32,0.937,1.3,26.7,97.3,0.636,0.8,seasonal_inversion
7,8,3,0,109.95,208.35,9.66,94.36,57.97,3.251,1.76,36.6,54.4,0.528,9.767,vehicular
9,1,4,0,96.82,132.12,8.77,42.11,15.95,0.891,0.43,24.6,51.5,0.733,4.8,seasonal_inversion
15,10,3,0,169.17,350.96,10.1,23.68,12.82,2.791,3.87,25.5,38.0,0.482,2.345,agricultural_burning
14,3,5,1,174.74,382.02,2.05,22.82,14.0,2.116,1.51,26.9,80.0,0.457,11.154,agricultural_burning
13,1,1,0,35.94,31.97,10.76,23.21,22.24,0.556,6.08,29.8,68.5,1.124,2.158,unknown
1,12,5,1,197.07,250.02,34.83,35.38,26.96,1.213,1.27,29.9,57.3,0.788,1.016,industrial
7,1,1,0,92.98,154.81,8.0,118.12,73.55,2.018,1.0,36.9,60.4,0.601,14.759,vehicular
1,1,4,0,145.46,195.57,88.16,22.04,11.94,-0.022,3.8,24.4,84.6,0.744,0.25,industrial
3,8,0,0,122.73,147.89,82.82,40.35,33.51,1.481,1.56,33.7,94.6,0.83,0.487,industrial
5,7,4,0,55.43,70.11,14.79,34.26,21.34,0.976,4.37,30.1,56.6,0.791,2.317,unknown
10,3,2,0,195.89,258.64,9.62,6.17,8.04,1.451,4.87,25.9,58.7,0.757,0.641,agricultural_burning
2,9,5,1,213.92,263.32,95.93,26.02,23.02,0.674,2.59,28.8,41.2,0.812,0.271,industrial
20,7,4,0,98.63,192.29,9.01,57.66,30.76,1.88,2.7,33.8,66.9,0.513,6.401,vehicular
10,2,0,0,48.14,42.45,7.16,18.68,12.53,0.536,2.57,32.0,61.2,1.134,2.609,unknown
19,8,1,0,73.37,122.83,12.12,91.44,45.81,3.485,1.01,31.5,62.2,0.597,7.546,vehicular
4,12,6,1,119.4,167.28,45.26,38.96,26.45,0.995,3.89,32.0,47.2,0.714,0.861,industrial
20,1,3,0,39.03,69.88,1.35,107.83,74.65,2.093,1.45,34.5,30.7,0.559,79.994,vehicular
19,1,1,0,39.54,57.83,4.82,5.82,4.61,0.049,1.89,21.9,59.6,0.684,1.208,unknown
6,12,0,0,129.34,139.9,5.89,42.06,22.75,0.626,1.42,19.9,83.5,0.925,7.143,seasonal_inversion
16,12,1,0,177.85,248.7,15.51,24.51,17.01,1.807,4.45,25.1,52.9,0.715,1.58,agricultural_burning
22,6,3,0,169.4,209.86,77.68,32.23,19.55,0.259,3.28,29.8,65.1,0.807,0.415,industrial
3,8,5,1,46.46,43.03,4.81,28.19,19.65,0.377,1.13,21.1,71.9,1.08,5.859,unknown
17,4,1,0,71.51,111.47,5.77,127.68,68.03,3.744,0.7,31.8,39.3,0.642,22.124,vehicular
7,6,1,0,69.51,94.82,1.57,77.63,48.4,2.929,2.37,36.7,78.4,0.733,49.287,vehicular
10,7,5,1,43.5,42.98,18.9,20.53,12.19,0.138,7.95,26.9,69.6,1.012,1.086,unknown
5,3,1,0,97.46,139.1,71.04,45.34,28.82,0.687,0.91,29.0,76.8,0.701,0.638,industrial
9,7,6,1,65.66,120.77,3.91,7.12,3.91,0.362,1.06,39.0,63.4,0.544,1.819,unknown
2,10,1,0,170.33,218.03,91.76,31.81,19.42,0.883,3.4,36.6,79.5,0.781,0.347,industrial
0,1,5,1,150.82,187.9,56.64,35.66,25.81,0.751,3.92,24.2,41.4,0.803,0.629,industrial
6,2,2,0,111.69,163.75,4.28,32.61,18.27,1.181,1.14,19.6,78.1,0.682,7.623,seasonal_inversion
18,4,1,0,105.41,209.23,7.17,119.06,74.0,3.371,1.89,27.1,49.9,0.504,16.595,vehicular
10,5,1,0,64.75,104.0,4.43,127.9,76.58,0.796,2.15,36.0,62.7,0.623,28.883,vehicular
6,11,5,1,133.09,203.22,13.96,38.13,19.57,0.257,0.23,12.7,68.7,0.655,2.731,seasonal_inversion
8,1,0,0,124.7,180.32,13.21,13.63,6.51,0.803,0.27,12.7,74.7,0.692,1.032,seasonal_inversion
23,7,6,1,169.17,224.14,87.99,64.62,42.92,1.034,2.45,29.8,86.8,0.755,0.734,industrial
10,4,4,0,117.08,240.93,8.61,29.04,17.2,1.88,2.14,33.2,46.8,0.486,3.374,agricultural_burning
0,4,5,1,123.94,182.13,110.25,32.42,29.82,1.026,1.21,29.9,79.6,0.68,0.294,industrial
2,4,4,0,173.98,294.18,75.42,33.24,13.82,0.956,3.62,30.7,46.8,0.591,0.441,industrial
18,11,6,1,191.79,252.29,7.3,29.35,20.41,1.673,4.89,29.6,63.9,0.76,4.019,agricultural_burning
9,12,2,0,81.09,171.33,0.24,119.05,68.38,1.301,2.93,25.9,59.3,0.473,487.428,vehicular
23,5,0,0,91.41,172.67,-0.2,25.28,15.33,0.335,6.87,35.2,85.0,0.529,5.0,unknown
4,7,0,0,178.22,232.63,120.56,58.15,43.63,0.823,2.7,22.2,48.0,0.766,0.482,industrial
18,10,2,0,140.34,320.88,5.53,38.02,20.31,1.107,3.06,24.6,19.7,0.437,6.87,agricultural_burning
5,3,6,1,206.03,302.0,104.17,45.24,22.03,1.134,2.08,26.8,78.9,0.682,0.434,industrial
17,3,4,0,160.98,328.64,7.1,18.47,7.49,1.53,2.06,40.1,54.8,0.49,2.604,agricultural_burning
10,2,0,0,150.89,197.75,20.7,21.29,16.05,1.007,0.8,11.8,76.8,0.763,1.029,seasonal_inversion
14,11,3,0,168.11,380.46,6.14,22.14,13.48,1.918,2.25,34.9,47.8,0.442,3.603,agricultural_burning
14,10,0,0,26.13,10.65,14.37,10.77,3.54,0.404,5.88,35.8,64.9,2.452,0.749,unknown
10,1,1,0,49.58,99.86,7.8,51.2,35.94,2.351,2.62,36.0,38.7,0.497,6.561,vehicular
17,3,3,0,52.11,113.82,8.83,50.99,32.3,2.601,2.54,22.2,75.2,0.458,5.771,vehicular
9,7,4,0,113.44,160.13,7.14,72.98,43.01,2.419,2.08,32.9,49.9,0.708,10.224,vehicular
2,12,5,1,132.9,186.88,70.4,57.49,35.05,1.485,3.82,24.5,81.9,0.711,0.817,industrial
18,7,0,0,86.41,132.25,5.51,54.48,29.35,2.535,1.15,30.5,43.5,0.653,9.884,vehicular
5,8,5,1,33.09,44.36,11.91,20.87,15.48,0.445,3.65,30.6,58.9,0.746,1.752,unknown
13,10,6,1,128.89,229.39,8.02,20.94,9.86,1.739,2.5,34.0,64.7,0.562,2.611,agricultural_burning
10,10,1,0,28.78,51.24,14.35,34.01,17.9,0.596,6.26,34.2,77.2,0.562,2.369,unknown
5,7,6,1,166.37,200.65,20.83,27.27,10.17,0.726,2.01,25.0,100.0,0.829,1.309,industrial
9,4,3,0,41.93,69.2,5.67,6.05,4.46,0.203,4.0,35.3,68.3,0.606,1.068,unknown
10,5,5,1,27.71,36.81,3.8,-1.19,0.08,0.642,4.27,23.6,49.3,0.753,-0.314,unknown
6,11,6,1,77.8,136.38,20.18,16.31,7.7,0.67,0.35,18.2,66.2,0.57,0.808,seasonal_inversion
10,4,3,0,180.87,295.05,18.79,8.48,3.71,1.164,4.64,24.6,31.1,0.613,0.451,agricultural_burning
21,9,4,0,14.53,15.39,7.68,33.63,15.37,0.587,7.89,34.0,52.2,0.944,4.376,unknown
1,3,2,0,166.31,186.34,79.11,13.24,15.09,0.06,3.86,28.6,54.0,0.892,0.167,industrial
18,10,4,0,151.71,309.67,8.54,1.3,2.05,1.592,3.5,38.7,52.0,0.49,0.153,agricultural_burning
11,7,5,1,29.78,63.49,6.17,19.55,7.58,0.364,1.93,30.2,72.4,0.469,3.166,unknown
8,2,3,0,101.4,156.92,11.4,19.07,16.94,0.597,0.24,18.3,87.4,0.646,1.672,seasonal_inversion
9,2,2,0,75.02,101.26,1.78,51.52,24.41,4.173,2.63,26.2,51.2,0.741,28.957,vehicular
8,10,3,0,93.04,117.6,7.9,51.34,33.56,3.313,0.59,23.4,73.3,0.791,6.498,vehicular
20,8,4,0,61.28,106.64,1.11,75.51,44.9,1.107,1.78,28.5,56.2,0.575,67.947,vehicular
10,12,5,1,92.26,144.39,11.08,31.42,18.49,1.03,1.01,12.0,69.7,0.639,2.837,seasonal_inversion
19,4,1,0,69.28,106.65,4.24,95.03,58.39,3.546,0.82,39.1,77.7,0.65,22.414,vehicular
18,12,4,0,71.68,103.4,5.38,119.56,82.93,2.9,0.97,30.3,58.5,0.693,22.207,vehicular
17,4,4,0,64.68,188.44,4.37,28.93,15.89,1.249,2.17,36.5,71.7,0.343,6.618,agricultural_burning
9,11,6,1,88.86,114.21,3.41,30.74,17.85,1.031,1.43,11.3,76.8,0.778,9.015,seasonal_inversion
2,12,4,0,150.23,148.5,107.47,62.59,42.2,1.39,0.59,23.2,64.9,1.012,0.582,industrial
22,5,1,0,193.52,269.48,49.31,48.22,23.28,0.855,2.29,27.2,91.7,0.718,0.978,industrial
12,12,5,1,50.57,185.49,8.42,32.89,15.46,2.189,1.8,29.1,40.4,0.273,3.906,agricultural_burning
10,11,6,1,90.71,119.4,12.64,16.29,6.62,0.831,0.02,21.0,43.3,0.76,1.289,seasonal_inversion
15,5,2,0,30.37,71.51,5.86,48.01,25.68,0.567,5.17,40.4,60.7,0.425,8.195,unknown
19,1,0,0,98.62,134.11,4.11,46.96,39.25,2.825,1.64,26.8,51.7,0.735,11.424,vehicular
7,5,4,0,76.77,132.05,8.29,135.31,77.31,2.917,1.5,24.5,42.0,0.581,16.319,vehicular
22,10,4,0,149.39,257.55,60.4,35.23,21.43,0.67,3.9,25.9,72.7,0.58,0.583,industrial
5,12,4,0,69.95,104.9,6.0,16.82,10.1,0.4,4.18,30.0,95.1,0.667,2.804,unknown
5,11,6,1,101.2,183.85,20.15,12.24,10.53,1.415,0.15,16.7,70.8,0.55,0.608,seasonal_inversion
23,5,2,0,179.7,230.93,59.95,12.91,6.88,0.856,3.88,37.4,63.0,0.778,0.215,industrial
18,8,1,0,33.6,61.68,8.35,73.93,55.43,2.968,0.94,31.7,66.7,0.545,8.854,vehicular
2,6,0,0,208.53,263.69,65.99,34.01,18.2,0.727,2.95,33.2,58.1,0.791,0.515,industrial
23,3,2,0,27.86,21.96,6.55,20.03,12.7,0.569,5.33,34.9,46.0,1.268,3.06,unknown
14,3,4,0,89.75,210.68,9.94,24.45,13.73,1.324,2.61,36.1,65.2,0.426,2.461,agricultural_burning
8,2,0,0,54.64,71.22,7.4,8.22,7.04,0.589,4.2,15.0,42.0,0.767,1.111,unknown
5,6,1,0,111.12,163.46,61.22,29.94,25.51,1.272,2.99,35.5,77.1,0.68,0.489,industrial
10,1,0,0,88.3,96.55,24.97,23.18,19.66,1.102,0.72,30.2,78.5,0.914,0.928,seasonal_inversion
6,8,6,1,47.55,60.94,14.21,32.53,21.84,0.524,6.14,25.7,63.2,0.78,2.289,unknown
2,7,1,0,152.76,149.63,93.12,34.11,20.53,0.984,2.05,35.6,75.0,1.021,0.366,industrial
14,12,3,0,110.22,206.82,3.71,27.4,13.05,1.03,4.07,38.3,67.1,0.533,7.383,agricultural_burning
6,1,5,1,52.16,62.04,15.45,39.91,28.05,0.103,0.01,25.3,62.8,0.841,2.584,seasonal_inversion
7,8,1,0,94.29,149.48,5.12,119.46,63.95,3.398,2.68,26.8,65.1,0.631,23.339,vehicular
5,3,4,0,48.85,58.37,9.53,23.3,14.34,0.584,7.1,39.3,76.0,0.837,2.446,unknown
11,12,6,1,232.96,375.17,17.71,5.19,0.02,1.634,1.86,35.1,25.6,0.621,0.293,agricultural_burning
8,11,3,0,55.85,67.8,18.81,16.34,12.13,0.633,0.37,19.3,55.0,0.824,0.869,seasonal_inversion
3,1,2,0,204.37,281.44,90.25,48.93,36.64,0.795,3.91,28.3,80.4,0.726,0.542,industrial
20,4,3,0,81.02,136.48,14.8,90.16,60.34,3.478,1.2,35.6,40.5,0.594,6.09,vehicular
10,5,3,0,99.12,216.75,7.11,65.5,42.2,3.528,2.87,36.1,47.9,0.457,9.206,vehicular
13,10,3,0,198.36,321.05,6.19,36.19,17.36,1.946,4.76,36.5,23.0,0.618,5.843,agricultural_burning
22,1,2,0,212.45,227.11,61.32,32.88,22.91,0.465,0.66,31.3,58.1,0.935,0.536,industrial
20,1,0,0,107.68,186.54,8.62,80.45,49.35,4.118,1.03,30.4,59.8,0.577,9.332,vehicular
8,11,0,0,87.1,105.49,1.74,33.08,24.69,0.904,0.37,32.1,65.2,0.826,19.02,seasonal_inversion
18,2,1,0,127.85,220.68,7.01,82.85,52.01,1.959,1.77,25.3,72.9,0.579,11.811,vehicular
7,6,0,0,87.42,82.21,2.16,81.75,57.28,1.021,2.51,36.9,57.2,1.063,37.931,vehicular
9,12,2,0,137.22,347.95,-2.55,22.57,17.33,1.106,3.61,29.7,44.1,0.394,5.0,agricultural_burning
11,10,1,0,194.79,398.88,5.93,27.14,13.82,0.831,2.61,28.1,44.7,0.488,4.577,agricultural_burning
22,3,2,0,105.8,145.07,70.49,37.09,28.78,0.804,1.37,25.6,55.4,0.729,0.526,industrial
1,12,3,0,141.17,132.29,67.17,32.87,21.73,0.366,3.34,17.9,61.8,1.067,0.489,industrial
7,10,0,0,83.08,146.48,8.12,117.79,64.58,3.8,2.62,24.6,52.7,0.567,14.499,vehicular
3,9,6,1,59.17,117.38,5.13,10.56,5.54,0.625,1.25,33.6,65.0,0.504,2.058,unknown
23,11,0,0,190.65,257.37,99.35,34.29,32.5,1.051,1.88,23.4,97.2,0.741,0.345,industrial
6,1,3,0,103.62,149.72,11.91,32.52,25.3,1.311,1.09,17.4,70.3,0.692,2.73,seasonal_inversion
23,1,1,0,113.59,159.06,63.88,22.33,15.74,1.021,1.99,30.0,47.4,0.714,0.35,industrial
7,6,4,0,91.38,150.81,5.79,56.83,37.53,2.374,0.58,24.2,25.7,0.606,9.821,vehicular
20,5,3,0,91.96,123.39,3.9,86.27,56.8,2.181,1.73,33.6,22.6,0.745,22.11,vehicular
5,1,2,0,54.51,63.45,6.7,14.28,5.32,0.561,1.55,32.9,54.9,0.859,2.132,unknown
6,2,6,1,61.03,73.11,7.31,22.65,12.7,0.979,0.75,31.8,72.2,0.835,3.098,seasonal_inversion
10,11,1,0,114.01,166.39,3.03,81.31,36.27,2.138,2.87,26.6,39.4,0.685,26.862,vehicular
5,2,4,0,49.02,95.91,10.34,16.34,13.91,0.353,7.88,46.6,38.4,0.511,1.58,unknown
18,4,5,1,50.25,79.27,3.08,12.51,7.49,0.398,7.78,31.3,70.3,0.634,4.057,unknown
18,7,5,1,81.0,116.69,2.4,18.1,10.7,0.462,1.24,22.5,30.7,0.694,7.527,unknown
20,2,4,0,68.16,82.51,5.26,73.58,54.1,2.402,0.51,36.2,24.1,0.826,13.991,vehicular
23,1,6,1,195.72,243.44,74.41,34.98,30.32,0.06,2.34,22.4,100.0,0.804,0.47,industrial
3,8,6,1,174.58,190.73,53.37,36.47,29.07,0.965,3.59,23.2,54.4,0.915,0.683,industrial
9,11,3,0,72.87,95.59,13.49,38.43,23.01,1.086,0.36,17.9,78.9,0.762,2.848,seasonal_inversion
9,3,1,0,162.04,353.61,2.67,33.73,19.65,2.462,3.82,32.1,35.7,0.458,12.635,agricultural_burning
1,3,1,0,30.21,36.8,0.96,35.74,19.24,0.373,2.25,27.3,70.5,0.821,37.242,unknown
6,1,3,0,105.53,151.82,22.26,34.06,18.42,1.02,0.23,20.6,81.2,0.695,1.53,seasonal_inversion
22,8,0,0,119.41,168.8,71.07,29.89,14.4,0.499,1.63,24.1,60.4,0.707,0.421,industrial
7,1,0,0,85.44,112.88,5.98,114.11,87.36,3.189,1.72,37.9,55.8,0.757,19.07,vehicular
20,5,0,0,11.13,11.26,10.95,6.14,5.57,0.268,1.46,35.6,88.9,0.988,0.561,unknown
10,5,3,0,87.1,128.62,3.83,92.38,50.19,2.554,1.27,36.2,51.2,0.677,24.139,vehicular
9,12,6,1,150.14,295.33,15.94,35.85,23.06,2.198,1.2,34.4,31.0,0.508,2.249,agricultural_burning
6,1,5,1,63.2,67.26,19.42,46.05,41.56,0.899,1.07,25.7,59.0,0.94,2.372,seasonal_inversion
16,12,2,0,161.46,239.73,15.55,32.88,22.39,0.826,1.84,35.2,54.7,0.674,2.114,agricultural_burning
4,9,6,1,169.84,234.86,101.45,9.4,2.56,0.515,3.43,27.5,54.7,0.723,0.093,industrial
8,11,3,0,103.15,139.42,13.25,17.99,6.83,0.936,0.41,18.8,90.3,0.74,1.358,seasonal_inversion
16,12,6,1,40.12,37.77,5.46,41.06,27.77,0.351,1.6,32.6,53.4,1.062,7.514,unknown
18,4,0,0,150.33,287.85,11.97,3.55,5.95,0.82,1.79,36.6,40.8,0.522,0.296,agricultural_burning
6,6,0,0,158.62,176.13,112.95,21.5,17.95,1.301,3.76,27.9,91.5,0.901,0.19,industrial
17,11,4,0,59.01,77.11,4.27,50.88,18.56,2.509,1.81,27.2,70.8,0.765,11.918,vehicular
10,4,4,0,227.14,342.37,14.29,10.18,6.71,1.371,4.45,37.5,78.9,0.663,0.712,agricultural_burning
20,8,3,0,63.58,99.66,12.97,88.74,57.59,1.334,1.32,35.3,55.0,0.638,6.842,vehicular
1,11,0,0,68.09,122.89,13.85,23.54,14.74,0.816,4.94,20.9,66.1,0.554,1.699,unknown
6,11,2,0,154.54,164.09,101.96,34.8,15.93,0.865,3.46,23.7,62.2,0.942,0.341,industrial
11,12,5,1,141.66,298.9,13.35,27.4,18.03,0.544,2.02,35.0,26.6,0.474,2.053,agricultural_burning
10,10,6,1,199.93,289.02,14.11,12.57,5.53,2.963,4.96,32.5,22.1,0.692,0.891,agricultural_burning
6,7,5,1,107.37,153.72,125.85,58.26,38.87,0.791,3.02,24.9,47.8,0.698,0.463,industrial
8,1,0,0,50.78,73.92,5.22,30.17,20.0,0.658,0.71,11.8,88.4,0.687,5.783,seasonal_inversion
12,10,4,0,177.74,250.21,2.79,6.95,2.17,1.839,4.33,35.8,45.0,0.71,2.492,agricultural_burning
8,11,6,1,50.45,60.52,2.93,13.77,3.94,0.626,1.72,34.7,46.9,0.834,4.7,unknown
10,2,2,0,85.3,121.28,7.54,29.06,18.72,0.741,1.21,13.2,86.5,0.703,3.854,seasonal_inversion
19,11,1,0,73.19,131.98,4.31,61.11,33.81,3.575,1.1,31.3,72.7,0.555,14.187,vehicular
9,12,3,0,81.32,142.24,1.67,21.52,8.31,1.095,0.14,16.8,60.1,0.572,12.876,seasonal_inversion
8,11,4,0,79.32,129.47,13.1,30.31,26.8,0.661,0.64,14.2,73.7,0.613,2.313,seasonal_inversion
6,9,1,0,140.98,207.26,88.36,51.25,38.95,0.862,3.5,35.0,31.2,0.68,0.58,industrial
8,12,6,1,98.3,154.09,6.64,31.78,27.23,0.974,1.27,14.9,68.3,0.638,4.784,seasonal_inversion
1,7,1,0,201.64,274.71,100.81,58.18,47.1,1.24,1.8,23.7,51.0,0.734,0.577,industrial
11,10,5,1,154.86,276.0,10.23,25.71,10.16,1.863,2.35,35.1,45.9,0.561,2.513,agricultural_burning
10,11,6,1,101.43,105.28,11.53,42.6,25.99,0.952,1.45,22.5,80.9,0.963,3.695,seasonal_inversion
18,4,5,1,138.53,279.24,2.95,5.82,2.67,1.105,4.21,29.6,72.6,0.496,1.973,agricultural_burning
12,12,5,1,35.93,44.87,3.69,-1.66,-2.15,0.586,5.47,15.3,68.2,0.801,-0.451,unknown
10,3,2,0,45.45,67.33,9.47,13.92,6.11,0.438,5.99,39.7,72.9,0.675,1.47,unknown
9,11,0,0,95.88,149.86,17.71,24.57,15.45,1.605,2.59,34.0,27.1,0.64,1.388,agricultural_burning
10,3,1,0,101.75,157.1,4.86,73.92,50.74,2.691,2.03,36.1,68.0,0.648,15.219,vehicular
9,12,5,1,61.51,93.39,10.24,20.29,8.89,0.827,1.3,20.8,91.8,0.659,1.981,seasonal_inversion
23,8,3,0,43.42,89.08,11.62,20.08,12.83,0.712,3.18,42.5,76.9,0.487,1.728,unknown
16,4,0,0,226.47,334.76,8.69,10.95,8.26,0.779,3.43,37.7,50.8,0.677,1.26,agricultural_burning
22,12,2,0,44.68,84.84,9.85,-2.39,-2.17,0.673,3.71,14.7,37.3,0.527,-0.243,unknown
4,1,2,0,53.1,72.23,7.2,17.18,11.75,0.661,3.23,31.1,73.5,0.735,2.386,unknown
6,9,2,0,48.42,63.49,11.48,28.8,22.23,0.431,4.72,27.9,69.7,0.763,2.509,unknown
18,3,4,0,98.28,168.49,3.64,71.09,52.26,3.101,1.63,27.3,69.0,0.583,19.552,vehicular
1,6,6,1,185.89,236.45,43.09,49.88,27.03,0.809,2.89,27.8,51.1,0.786,1.158,industrial
21,2,1,0,44.83,70.98,12.19,11.46,2.43,0.504,2.95,25.2,23.3,0.632,0.94,unknown
9,4,3,0,61.7,127.31,4.05,113.15,72.03,1.378,0.8,27.6,36.7,0.485,27.931,vehicular
20,3,3,0,72.0,116.43,2.48,104.67,63.43,3.158,1.81,27.2,63.8,0.618,42.236,vehicular
14,11,3,0,181.96,353.75,5.48,16.46,13.05,2.432,3.59,28.2,56.9,0.514,3.006,agricultural_burning
6,6,3,0,162.61,228.42,93.95,43.46,30.32,0.957,3.85,35.7,84.0,0.712,0.463,industrial
10,12,3,0,53.68,78.7,5.16,16.37,2.34,0.617,0.51,16.7,76.6,0.682,3.176,seasonal_inversion
7,11,2,0,55.16,104.36,5.13,82.26,54.32,1.019,1.63,28.8,48.9,0.529,16.02,vehicular
9,6,3,0,67.97,130.52,3.14,83.69,53.62,1.878,0.93,28.2,58.9,0.521,26.656,vehicular
18,4,3,0,133.63,261.58,8.76,15.14,10.19,0.962,2.03,26.8,26.2,0.511,1.727,agricultural_burning
13,12,0,0,69.07,192.18,11.76,28.44,15.59,2.443,2.18,36.3,64.1,0.359,2.419,agricultural_burning
10,10,1,0,91.38,221.26,10.04,9.53,4.19,2.244,1.27,27.2,66.5,0.413,0.949,agricultural_burning
8,11,3,0,121.45,168.79,4.4,27.91,15.9,0.83,0.61,21.0,82.1,0.72,6.35,seasonal_inversion
22,1,0,0,133.39,189.34,77.89,52.98,42.89,1.16,1.84,36.9,59.8,0.704,0.68,industrial
10,7,2,0,62.96,81.9,7.37,13.52,5.8,0.63,1.61,33.4,54.8,0.769,1.835,unknown
10,2,2,0,168.01,219.07,15.93,36.76,28.97,0.884,0.92,21.4,91.7,0.767,2.308,seasonal_inversion
7,2,3,0,68.73,98.44,-0.39,152.22,84.57,2.635,2.11,29.8,67.9,0.698,5.0,vehicular
9,12,5,1,121.31,147.98,7.25,29.63,10.42,0.764,0.1,16.9,59.9,0.82,4.089,seasonal_inversion
10,1,3,0,111.78,170.87,10.88,12.89,10.33,0.698,0.72,15.7,72.0,0.654,1.185,seasonal_inversion
5,2,2,0,127.15,162.68,77.36,44.61,29.21,1.023,2.89,32.3,47.1,0.782,0.577,industrial
13,3,6,1,220.79,361.23,8.96,6.12,0.53,2.728,3.69,35.7,15.0,0.611,0.682,agricultural_burning
18,12,3,0,62.04,105.49,11.04,74.29,26.43,1.817,1.25,24.7,20.5,0.588,6.731,vehicular
3,1,6,1,25.31,32.65,9.67,12.55,5.34,0.668,3.59,27.5,68.9,0.775,1.298,unknown
18,10,5,1,124.59,203.38,5.01,11.92,2.49,2.032,4.5,39.2,59.0,0.613,2.376,agricultural_burning
23,1,4,0,169.09,251.64,72.61,2.8,-4.64,1.24,3.77,27.4,58.4,0.672,0.039,industrial
17,12,2,0,151.83,208.07,4.57,14.48,6.23,2.034,2.51,29.6,56.5,0.73,3.17,agricultural_burning
9,7,4,0,62.82,94.6,6.09,50.68,19.45,3.792,1.08,26.8,38.9,0.664,8.315,vehicular
10,7,0,0,74.27,141.83,10.09,84.01,52.23,3.754,2.53,41.7,48.0,0.524,8.324,vehicular
20,6,4,0,108.73,158.14,5.43,137.04,70.5,1.993,2.39,33.7,30.1,0.688,25.223,vehicular
15,7,6,1,44.08,66.13,13.95,47.18,32.34,0.555,3.37,29.9,48.0,0.667,3.382,unknown
3,7,6,1,125.58,151.73,81.21,49.15,32.6,1.566,0.97,28.1,81.4,0.828,0.605,industrial
2,6,3,0,208.64,235.28,95.87,24.7,21.19,0.648,2.2,22.3,73.9,0.887,0.258,industrial
18,4,3,0,51.82,60.92,13.33,39.95,23.11,0.723,1.97,36.3,61.3,0.85,2.998,unknown
16,9,6,1,36.33,59.56,5.82,21.05,9.41,0.503,4.74,26.1,75.2,0.61,3.616,unknown
7,12,5,1,107.15,149.55,19.73,29.13,23.91,0.902,1.47,22.8,67.8,0.717,1.476,seasonal_inversion
7,5,1,0,53.21,92.79,8.74,25.95,11.04,0.31,7.0,36.5,81.2,0.573,2.968,unknown
18,3,4,0,63.65,95.28,8.33,129.19,86.35,2.718,2.06,28.5,52.3,0.668,15.518,vehicular
5,12,0,0,231.58,256.16,110.02,10.74,0.29,1.235,3.54,34.9,50.7,0.904,0.098,industrial
11,4,1,0,55.73,90.96,7.81,15.34,8.31,0.549,1.49,34.9,67.6,0.613,1.965,unknown
6,1,3,0,157.62,177.01,70.16,54.58,41.24,0.85,2.78,32.5,49.8,0.89,0.778,industrial
9,7,3,0,39.98,66.28,12.35,21.43,5.75,0.439,4.77,46.0,78.0,0.603,1.735,unknown
9,2,5,1,104.37,147.56,22.27,18.01,17.17,0.773,0.64,17.8,76.3,0.707,0.809,seasonal_inversion
6,12,0,0,47.24,73.95,13.44,19.46,12.0,0.403,3.52,42.3,54.5,0.639,1.448,unknown
22,1,4,0,271.7,303.69,85.22,5.25,2.4,0.974,0.89,25.7,54.5,0.895,0.062,industrial
8,6,0,0,39.35,55.37,11.7,26.53,13.28,0.112,6.57,33.3,73.9,0.711,2.267,unknown
18,7,0,0,77.91,139.38,6.66,151.74,71.52,3.766,2.65,18.1,55.3,0.559,22.772,vehicular
18,10,4,0,211.96,353.87,8.67,20.89,10.66,1.379,2.89,20.8,23.5,0.599,2.409,agricultural_burning
5,12,2,0,81.02,132.28,14.51,30.49,23.9,1.123,1.22,24.9,76.5,0.613,2.102,seasonal_inversion
20,3,1,0,26.2,41.86,1.59,35.75,22.03,0.314,3.85,23.5,47.7,0.626,22.441,unknown
9,2,5,1,78.73,114.18,11.08,30.2,10.72,0.71,1.36,22.4,84.2,0.69,2.726,seasonal_inversion
9,10,1,0,152.17,322.53,15.63,5.81,1.46,2.271,2.5,33.5,27.5,0.472,0.372,agricultural_burning
9,12,5,1,118.55,211.83,15.76,16.97,9.57,0.706,0.19,17.5,76.2,0.56,1.077,seasonal_inversion
9,11,6,1,60.61,129.02,3.95,30.4,17.79,2.587,3.51,34.0,34.9,0.47,7.687,agricultural_burning
4,4,5,1,50.19,59.18,9.12,17.89,12.81,0.537,2.18,26.2,74.4,0.848,1.962,unknown
18,11,6,1,123.58,173.82,17.04,17.76,8.88,3.674,2.5,33.0,45.0,0.711,1.042,agricultural_burning
17,12,1,0,169.15,245.89,6.79,29.99,15.95,2.259,3.16,28.7,54.7,0.688,4.416,agricultural_burning
23,10,6,1,132.72,146.68,51.88,42.17,28.19,1.114,0.6,34.4,52.6,0.905,0.813,industrial
15,4,6,1,196.87,313.53,13.32,16.17,10.31,2.396,2.53,37.0,26.2,0.628,1.214,agricultural_burning
19,9,4,0,95.32,221.33,7.63,80.55,66.4,1.584,1.86,32.7,68.3,0.431,10.552,vehicular
7,12,3,0,55.36,85.03,1.44,1.96,4.05,0.83,1.08,28.2,53.1,0.651,1.358,unknown
18,12,4,0,49.79,73.3,6.39,12.35,9.55,0.098,6.54,18.4,49.2,0.679,1.933,unknown
18,4,4,0,144.12,188.91,2.7,93.05,58.25,1.36,1.83,30.6,79.0,0.763,34.488,vehicular
6,2,4,0,127.86,200.29,13.55,23.75,11.08,0.663,1.13,14.2,66.5,0.638,1.753,seasonal_inversion
6,12,5,1,75.25,113.13,17.51,24.59,15.21,1.226,0.17,16.2,64.5,0.665,1.404,seasonal_inversion
2,3,5,1,56.45,87.13,10.18,28.55,16.81,0.435,7.67,23.9,34.7,0.648,2.804,unknown
13,10,5,1,97.72,260.9,-1.89,8.55,-1.14,1.411,4.53,37.8,69.7,0.375,5.0,agricultural_burning
16,11,2,0,43.12,71.34,6.43,32.02,24.3,0.508,5.73,16.1,73.0,0.604,4.978,unknown
7,12,5,1,107.57,142.93,20.02,24.83,12.63,1.091,1.25,11.6,82.9,0.753,1.24,seasonal_inversion
17,10,0,0,172.53,233.24,12.74,17.85,9.47,0.812,2.26,41.8,26.9,0.74,1.401,agricultural_burning
22,9,1,0,151.97,244.18,103.74,53.4,36.14,1.216,1.1,27.1,66.6,0.622,0.515,industrial
2,2,1,0,147.9,215.55,84.49,44.87,32.48,0.812,2.54,14.4,72.4,0.686,0.531,industrial
7,12,4,0,47.87,78.27,11.51,48.09,37.73,1.877,2.13,30.3,49.2,0.612,4.178,vehicular
2,4,5,1,191.38,221.89,111.74,24.4,16.38,0.502,2.38,24.3,64.1,0.863,0.218,industrial
3,10,3,0,141.97,185.42,72.22,45.7,24.86,0.414,3.85,33.5,60.7,0.766,0.633,industrial
7,1,2,0,54.47,120.05,13.25,18.71,17.44,1.499,1.44,19.5,75.8,0.454,1.412,seasonal_inversion
18,3,6,1,65.03,82.14,17.81,25.58,18.69,0.393,3.05,29.6,51.4,0.792,1.436,unknown
9,10,3,0,98.88,200.2,7.88,79.31,50.96,2.673,1.63,22.1,32.0,0.494,10.062,vehicular
9,9,3,0,85.09,177.69,6.13,119.95,76.1,1.646,2.1,38.5,31.5,0.479,19.559,vehicular
7,1,4,0,90.83,155.43,4.69,50.39,36.12,1.844,1.13,32.4,62.2,0.584,10.743,vehicular
7,11,5,1,78.27,109.64,10.26,41.47,26.72,0.858,0.57,12.0,78.9,0.714,4.041,seasonal_inversion
12,4,5,1,25.02,25.39,-0.87,33.68,20.82,0.537,7.19,31.3,98.0,0.985,5.0,unknown
5,4,5,1,164.12,179.39,58.2,28.79,19.5,0.825,0.97,28.7,39.3,0.915,0.495,industrial
8,12,2,0,98.32,167.93,10.75,29.58,21.77,0.699,0.7,28.5,63.2,0.585,2.752,seasonal_inversion
1,4,1,0,216.77,283.61,67.33,18.64,12.95,0.942,1.66,22.0,54.9,0.764,0.277,industrial
7,10,5,1,32.65,65.77,6.12,22.68,16.57,0.865,1.83,15.6,69.9,0.496,3.705,unknown
7,1,3,0,167.31,219.53,2.36,38.13,29.09,1.12,0.91,26.5,52.1,0.762,16.133,seasonal_inversion
18,10,3,0,158.03,319.75,12.17,41.88,23.47,2.735,2.27,36.1,32.5,0.494,3.441,agricultural_burning
17,9,2,0,38.84,95.76,2.22,84.16,59.07,1.57,1.5,34.6,56.8,0.406,37.84,vehicular
19,10,4,0,68.55,117.57,5.15,91.54,68.86,2.607,0.64,25.1,68.5,0.583,17.788,vehicular
10,4,6,1,113.83,231.83,11.91,11.62,6.08,1.65,1.32,29.1,51.4,0.491,0.976,agricultural_burning
17,4,4,0,82.12,109.35,8.4,97.92,66.33,1.266,0.79,36.2,46.7,0.751,11.659,vehicular
9,10,5,1,221.15,437.74,2.32,8.24,3.82,2.887,3.94,26.7,46.4,0.505,3.549,agricultural_burning
1,7,2,0,135.58,184.75,128.97,35.86,21.27,0.503,2.04,31.3,69.5,0.734,0.278,industrial
9,8,1,0,81.9,135.72,2.23,114.64,77.78,1.268,0.7,27.8,76.2,0.603,51.301,vehicular
6,2,5,1,24.44,21.77,6.35,13.53,8.46,0.816,5.72,25.2,48.5,1.123,2.13,unknown
19,5,4,0,101.85,187.7,3.26,41.28,24.39,2.389,2.22,25.9,77.4,0.543,12.658,vehicular
1,3,3,0,178.69,232.32,61.63,43.4,30.62,0.486,2.12,29.3,53.0,0.769,0.704,industrial
7,1,3,0,102.86,123.8,3.01,25.41,13.46,0.727,0.26,15.4,75.6,0.831,8.43,seasonal_inversion
10,4,3,0,24.35,33.18,4.7,21.15,14.56,0.602,7.89,19.9,46.5,0.734,4.5,unknown
8,9,0,0,69.68,96.85,1.79,58.12,34.9,1.603,2.3,30.7,60.4,0.72,32.399,vehicular
15,9,1,0,11.03,22.38,9.62,27.33,19.81,0.641,6.16,28.2,64.2,0.493,2.841,unknown
9,2,6,1,137.68,160.47,10.02,38.52,26.41,0.95,1.16,15.5,48.7,0.858,3.845,seasonal_inversion
1,3,1,0,138.82,194.83,71.98,38.88,20.24,0.914,1.57,28.7,80.4,0.713,0.54,industrial
19,9,4,0,57.99,89.39,7.36,122.19,64.97,2.757,0.64,34.1,60.1,0.649,16.611,vehicular
23,6,6,1,46.22,60.99,8.74,43.28,24.97,0.129,3.58,38.0,55.3,0.758,4.952,unknown
7,12,0,0,62.97,107.47,10.69,113.26,81.47,4.076,1.08,25.5,45.7,0.586,10.598,vehicular
11,7,1,0,25.42,41.49,14.22,26.1,13.37,0.54,3.23,22.8,84.1,0.613,1.836,unknown
10,6,3,0,77.03,153.1,3.38,92.18,67.64,2.139,2.76,17.5,70.6,0.503,27.251,vehicular
12,3,0,0,38.19,54.36,9.53,16.51,8.93,0.283,5.32,35.3,56.1,0.702,1.732,unknown
7,12,2,0,78.91,69.97,8.05,8.09,1.29,0.8,0.21,11.7,96.2,1.128,1.004,seasonal_inversion
12,2,3,0,16.09,19.24,6.28,29.46,11.22,0.299,7.73,40.1,58.8,0.836,4.693,unknown
18,8,0,0,10.81,7.64,7.27,21.62,9.28,0.845,2.31,28.3,87.8,1.416,2.974,unknown
10,4,4,0,115.06,189.25,-0.18,78.3,56.84,3.953,1.64,28.2,73.6,0.608,5.0,vehicular
0,3,6,1,40.72,40.99,5.12,20.3,11.87,0.129,6.27,35.1,32.9,0.994,3.968,unknown
4,7,5,1,111.08,116.1,66.82,28.07,16.84,0.305,3.17,26.5,72.1,0.957,0.42,industrial
18,10,2,0,156.48,318.23,13.8,13.53,7.47,2.124,1.32,33.0,54.6,0.492,0.981,agricultural_burning
6,6,0,0,58.63,52.8,11.4,17.54,14.53,0.399,3.99,44.1,32.2,1.111,1.538,unknown
23,11,4,0,56.21,107.28,6.94,18.91,10.42,0.675,4.81,22.2,46.6,0.524,2.725,unknown
5,3,6,1,101.82,136.23,98.57,11.51,10.01,0.528,1.17,22.0,49.3,0.747,0.117,industrial
16,9,2,0,39.45,77.06,11.97,21.48,11.6,0.255,3.64,39.9,79.4,0.512,1.794,unknown
4,2,2,0,144.74,196.78,53.98,34.5,12.15,1.264,0.9,23.0,44.6,0.736,0.639,industrial
9,2,6,1,179.61,282.23,18.53,42.98,22.84,1.301,0.61,13.7,83.8,0.636,2.32,seasonal_inversion
8,2,5,1,36.86,41.09,12.33,13.4,13.39,0.404,7.64,21.6,23.8,0.897,1.087,unknown
12,12,2,0,168.02,314.37,6.65,31.94,24.12,1.652,1.87,38.8,53.9,0.534,4.801,agricultural_burning
22,4,3,0,175.51,199.93,63.74,29.01,20.13,1.081,1.13,38.9,72.6,0.878,0.455,industrial
6,12,5,1,110.68,155.95,18.2,6.63,1.8,0.727,0.13,17.5,70.9,0.71,0.364,seasonal_inversion
19,11,5,1,29.45,34.69,5.2,35.65,28.56,0.087,6.27,26.0,52.7,0.849,6.86,unknown
12,9,2,0,18.99,19.39,11.51,31.86,18.27,0.411,4.07,26.0,72.0,0.98,2.767,unknown
14,3,5,1,187.6,316.24,6.86,6.28,1.98,0.716,1.58,31.2,57.6,0.593,0.916,agricultural_burning
17,9,3,0,42.86,99.44,8.2,120.58,75.86,2.142,0.61,39.6,69.9,0.431,14.697,vehicular
6,12,2,0,142.43,155.89,24.03,19.71,14.42,0.405,0.64,28.2,67.2,0.914,0.82,seasonal_inversion
7,11,3,0,118.1,181.67,21.2,25.34,15.87,0.85,0.31,26.0,75.3,0.65,1.196,seasonal_inversion
5,4,0,0,148.49,198.5,91.12,42.46,31.05,1.029,2.38,27.9,68.6,0.748,0.466,industrial
19,4,3,0,90.89,180.14,5.48,92.18,50.0,1.945,1.09,38.2,39.3,0.505,16.825,vehicular
13,7,2,0,60.59,80.79,7.81,21.02,13.4,0.37,7.84,24.5,53.5,0.75,2.69,unknown
20,12,2,0,23.14,10.72,7.27,27.24,18.58,0.396,5.96,25.6,80.8,2.159,3.748,unknown
9,5,0,0,53.09,69.28,5.37,35.74,24.62,0.597,1.55,25.9,36.2,0.766,6.654,unknown
6,12,1,0,210.64,251.59,56.0,22.75,19.81,0.809,3.65,29.9,54.3,0.837,0.406,industrial
14,10,5,1,130.49,172.9,9.84,2.15,2.05,1.261,4.28,26.3,37.8,0.755,0.219,agricultural_burning
3,11,0,0,116.46,103.59,95.23,51.42,36.71,1.275,3.2,23.8,58.1,1.124,0.54,industrial
18,10,2,0,218.57,370.72,6.65,24.05,13.47,1.993,3.61,29.1,44.3,0.59,3.614,agricultural_burning
2,4,5,1,139.91,207.68,57.1,17.49,11.74,0.8,1.51,26.3,77.8,0.674,0.306,industrial
9,5,0,0,100.82,131.98,5.09,113.67,48.09,2.761,1.38,37.2,42.2,0.764,22.312,vehicular
20,10,1,0,53.53,80.02,10.88,99.14,66.92,4.152,0.63,27.2,43.8,0.669,9.115,vehicular
8,7,1,0,58.99,97.98,6.4,69.09,46.44,1.741,1.42,23.5,55.0,0.602,10.794,vehicular
10,3,3,0,191.02,317.4,9.4,18.68,3.12,2.725,3.01,36.7,27.7,0.602,1.987,agricultural_burning
12,11,6,1,165.31,263.24,0.98,41.74,24.54,2.501,4.22,32.3,22.5,0.628,42.699,agricultural_burning
8,11,4,0,78.39,180.89,8.26,58.82,33.26,1.391,1.29,21.7,47.8,0.433,7.125,vehicular
6,11,0,0,186.71,302.35,75.21,29.29,24.75,0.555,2.7,18.5,57.6,0.618,0.389,industrial
1,10,0,0,22.74,25.99,4.9,6.2,3.0,0.445,5.29,30.1,43.2,0.875,1.266,unknown
7,11,6,1,108.54,174.45,11.83,30.05,17.69,0.978,0.59,20.7,68.8,0.622,2.541,seasonal_inversion
18,2,3,0,104.36,174.84,12.79,146.95,109.24,3.124,1.03,25.8,52.7,0.597,11.49,vehicular
8,8,2,0,34.46,59.41,2.61,17.26,12.27,0.349,3.89,26.5,45.6,0.58,6.625,unknown
16,10,2,0,242.17,332.74,12.8,13.09,8.15,2.238,1.59,31.0,49.8,0.728,1.023,agricultural_burning
9,1,5,1,37.31,42.4,13.77,18.27,18.35,0.808,0.38,26.1,82.8,0.88,1.327,seasonal_inversion
0,4,2,0,23.74,31.69,5.71,16.49,10.76,0.395,4.42,24.6,41.7,0.749,2.888,unknown
23,6,2,0,43.21,61.95,19.21,15.92,13.04,0.324,3.79,13.2,29.8,0.698,0.829,unknown
16,12,2,0,56.62,82.03,10.28,29.78,19.65,0.393,6.88,25.2,47.4,0.69,2.898,unknown
9,10,0,0,29.98,42.57,6.91,11.2,8.81,0.484,7.95,25.0,38.5,0.704,1.622,unknown
1,3,4,0,231.41,328.53,79.88,57.8,33.48,0.721,0.83,32.3,63.9,0.704,0.724,industrial
13,11,0,0,146.77,310.01,8.0,22.92,14.15,2.331,3.25,36.1,26.8,0.473,2.866,agricultural_burning
10,12,0,0,118.46,315.27,5.66,19.7,9.74,1.397,4.52,24.3,55.2,0.376,3.478,agricultural_burning
9,2,1,0,84.72,115.46,4.39,112.03,64.6,1.535,1.79,26.5,50.2,0.734,25.544,vehicular
12,10,6,1,222.29,344.2,4.47,9.92,8.81,2.017,4.0,30.6,55.7,0.646,2.219,agricultural_burning
0,4,3,0,156.53,198.01,30.31,30.41,19.61,0.584,0.97,32.9,79.1,0.791,1.003,industrial
5,11,2,0,115.85,140.42,16.02,37.39,21.66,1.147,0.26,17.7,77.0,0.825,2.334,seasonal_inversion
22,12,4,0,66.38,78.35,77.91,3.57,2.4,0.945,3.5,26.7,57.3,0.847,0.046,industrial
18,11,4,0,116.85,219.24,4.94,53.14,32.59,2.08,2.89,33.0,68.2,0.533,10.747,vehicular
17,5,2,0,73.08,101.95,4.82,98.63,67.59,2.999,1.5,32.7,44.9,0.717,20.455,vehicular
22,9,1,0,154.34,254.44,78.72,29.08,17.97,0.841,3.27,35.8,69.2,0.607,0.369,industrial
10,4,0,0,170.36,339.0,16.28,14.18,5.97,1.921,3.22,29.4,26.7,0.503,0.871,agricultural_burning
23,11,1,0,116.35,176.65,83.36,49.52,37.62,0.657,2.56,19.9,48.1,0.659,0.594,industrial
10,11,1,0,84.27,118.91,8.03,28.43,17.06,1.105,0.31,19.0,80.4,0.709,3.543,seasonal_inversion
19,10,1,0,57.19,121.98,5.05,100.62,68.13,3.114,2.25,24.4,66.5,0.469,19.921,vehicular
9,11,4,0,175.88,291.75,4.91,18.4,10.64,1.422,1.03,28.6,22.5,0.603,3.749,agricultural_burning
13,9,0,0,69.11,107.95,8.39,21.88,10.88,0.507,5.22,30.7,64.3,0.64,2.608,unknown
19,5,2,0,53.5,87.57,3.21,99.27,58.3,2.717,1.39,27.8,50.4,0.611,30.966,vehicular
14,4,1,0,101.93,170.33,4.59,20.62,13.66,1.597,2.89,26.3,44.4,0.598,4.492,agricultural_burning
9,4,3,0,185.8,337.26,6.66,18.56,6.31,1.784,3.02,30.9,24.9,0.551,2.785,agricultural_burning
21,6,6,1,63.93,74.68,10.0,23.6,9.73,0.709,7.38,45.5,63.6,0.856,2.36,unknown
13,1,5,1,64.01,80.2,2.44,29.38,17.74,0.123,3.77,39.3,51.7,0.798,12.037,unknown
13,3,6,1,51.91,61.65,11.6,14.84,13.22,0.548,2.25,23.2,75.9,0.842,1.279,unknown
18,3,4,0,123.72,192.19,6.41,120.27,75.06,2.434,0.91,21.3,65.9,0.644,18.751,vehicular
9,1,6,1,109.26,175.21,7.43,15.84,8.92,1.149,0.72,20.9,75.5,0.624,2.133,seasonal_inversion
17,4,3,0,90.0,164.44,2.34,75.42,42.6,3.515,0.73,21.9,76.9,0.547,32.276,vehicular
11,10,3,0,81.56,158.45,5.49,12.12,6.09,1.506,2.27,36.6,54.1,0.515,2.208,agricultural_burning
5,1,3,0,115.64,181.38,15.84,21.69,17.3,0.804,1.19,20.1,88.3,0.638,1.369,seasonal_inversion
8,5,1,0,89.03,148.26,11.04,61.11,32.04,3.72,2.61,30.7,74.0,0.601,5.535,vehicular
10,2,2,0,89.67,137.08,17.2,15.31,10.6,0.841,0.38,21.4,77.9,0.654,0.89,seasonal_inversion
18,6,3,0,60.36,85.98,7.74,113.68,72.02,1.683,1.42,36.0,54.9,0.702,14.678,vehicular
18,8,2,0,76.07,100.26,5.84,147.98,105.97,3.808,2.77,29.5,58.1,0.759,25.322,vehicular
6,12,3,0,69.04,77.26,14.53,20.6,11.52,0.952,0.4,19.1,87.7,0.894,1.417,seasonal_inversion
22,10,5,1,94.29,115.72,58.21,46.5,32.08,0.655,1.89,28.4,90.2,0.815,0.799,industrial
10,11,1,0,93.69,161.73,14.77,16.18,7.36,0.292,1.32,22.7,74.5,0.579,1.095,seasonal_inversion
10,1,0,0,84.08,98.35,12.0,27.47,23.01,0.609,1.37,18.3,90.0,0.855,2.29,seasonal_inversion
8,8,2,0,75.81,123.4,3.31,57.68,26.35,1.823,1.62,28.8,41.7,0.614,17.432,vehicular
5,2,1,0,162.96,245.89,70.3,55.73,27.8,0.53,0.79,20.1,61.6,0.663,0.793,industrial
13,3,3,0,69.39,132.91,6.72,15.95,7.53,2.1,2.44,37.1,58.1,0.522,2.373,agricultural_burning
5,11,0,0,169.92,223.89,93.93,21.04,6.93,0.923,1.54,33.8,72.0,0.759,0.224,industrial
23,9,3,0,66.83,82.52,11.83,45.27,25.28,0.273,7.81,32.3,52.2,0.81,3.826,unknown
16,3,0,0,187.95,312.23,11.52,24.3,11.52,1.91,1.36,33.1,21.4,0.602,2.109,agricultural_burning
12,3,0,0,160.19,274.28,7.66,41.87,21.9,1.892,1.7,27.2,49.3,0.584,5.467,agricultural_burning
9,6,1,0,95.16,127.43,2.41,97.37,65.26,2.555,2.01,22.7,50.2,0.747,40.396,vehicular
9,1,2,0,57.5,118.7,7.16,89.41,62.39,2.639,1.51,21.3,46.6,0.484,12.48,vehicular
10,2,1,0,47.05,86.61,10.52,22.09,12.7,0.914,0.96,18.4,75.5,0.543,2.099,seasonal_inversion
3,2,0,0,25.93,47.6,9.69,1.83,2.03,0.648,4.98,26.6,71.9,0.545,0.189,unknown
15,12,2,0,84.03,166.63,9.78,20.15,10.55,2.457,3.89,42.5,68.0,0.504,2.06,agricultural_burning
10,11,3,0,111.38,184.68,8.66,21.46,17.26,0.665,1.05,16.2,52.6,0.603,2.478,seasonal_inversion
7,12,1,0,114.36,165.2,11.83,15.09,10.97,0.768,0.25,14.7,84.4,0.692,1.276,seasonal_inversion
9,2,1,0,89.68,105.17,10.91,18.94,12.4,1.501,0.85,11.0,54.3,0.853,1.736,seasonal_inversion
2,4,4,0,31.84,62.76,8.29,33.91,26.16,0.809,6.67,23.4,45.7,0.507,4.092,unknown
18,3,1,0,124.15,249.85,9.72,33.9,22.28,2.443,4.89,26.8,40.1,0.497,3.489,agricultural_burning
23,9,3,0,114.16,125.13,73.46,63.3,49.45,0.999,2.23,25.9,36.4,0.912,0.862,industrial
8,11,2,0,110.71,161.85,18.62,10.63,6.21,0.873,1.29,20.6,56.8,0.684,0.571,seasonal_inversion
12,4,0,0,195.25,297.36,7.35,18.45,10.84,2.411,2.3,30.3,66.1,0.657,2.511,agricultural_burning
23,3,0,0,178.0,238.01,88.35,48.92,34.06,0.712,1.03,37.7,41.4,0.748,0.554,industrial
5,3,1,0,42.2,93.44,6.12,29.8,12.05,0.623,3.4,23.4,62.8,0.452,4.872,unknown
10,1,2,0,109.54,168.86,11.3,26.68,15.04,1.212,0.89,25.6,65.3,0.649,2.36,seasonal_inversion
3,5,5,1,42.12,59.64,-1.87,14.55,11.02,0.231,2.03,21.2,73.7,0.706,5.0,unknown
14,9,2,0,67.34,88.33,13.64,-3.48,-1.34,0.283,5.94,32.6,25.1,0.762,-0.256,unknown
20,4,1,0,41.12,55.22,9.23,7.87,3.44,0.106,6.45,21.4,54.6,0.745,0.853,unknown
19,6,1,0,60.08,82.42,6.06,110.73,74.12,2.528,1.69,31.7,44.8,0.729,18.277,vehicular
13,6,5,1,32.16,32.07,9.16,19.45,17.98,0.554,1.37,36.8,40.1,1.003,2.124,unknown
13,4,6,1,102.62,190.24,19.14,24.15,12.33,1.52,1.66,32.6,34.3,0.539,1.261,agricultural_burning
9,12,1,0,93.74,126.75,0.76,13.89,8.34,1.073,1.49,14.4,68.5,0.74,18.317,seasonal_inversion
9,4,4,0,76.72,128.67,4.29,91.04,68.46,4.022,2.87,30.2,20.0,0.596,21.219,vehicular
7,9,2,0,11.78,31.77,13.61,20.73,10.47,0.48,7.95,21.5,46.3,0.371,1.523,unknown
18,10,0,0,122.62,270.72,-1.2,10.38,7.9,1.919,2.0,35.7,44.6,0.453,5.0,agricultural_burning
20,3,0,0,98.37,188.84,4.13,113.66,73.38,2.254,0.51,37.1,53.7,0.521,27.531,vehicular
9,6,5,1,47.89,75.69,1.23,38.16,20.64,0.258,4.12,40.6,25.9,0.633,31.137,unknown
12,10,0,0,100.19,235.46,5.62,29.41,11.96,1.364,4.0,44.8,46.3,0.426,5.23,agricultural_burning
7,11,4,0,94.74,132.07,13.26,29.98,17.9,0.751,1.03,25.6,76.7,0.717,2.261,seasonal_inversion
2,8,0,0,135.12,178.36,64.45,16.53,13.78,0.947,1.37,33.8,67.5,0.758,0.256,industrial
1,1,0,0,57.27,55.36,7.48,-0.33,0.75,0.516,3.89,39.6,88.6,1.034,-0.044,unknown
5,12,2,0,80.64,130.79,10.16,50.08,25.01,1.724,1.48,15.4,96.0,0.617,4.927,seasonal_inversion
10,4,5,1,62.65,79.21,0.75,17.0,7.39,0.655,5.33,33.4,65.1,0.791,22.659,unknown
7,4,4,0,96.72,134.65,1.82,62.51,26.81,1.244,0.52,29.6,57.7,0.718,34.321,vehicular
8,2,1,0,94.75,120.5,10.27,107.35,74.85,2.886,1.61,33.3,71.2,0.786,10.45,vehicular
17,6,0,0,82.38,169.25,5.44,52.54,35.28,2.284,1.21,23.6,51.5,0.487,9.653,vehicular
7,11,1,0,48.97,72.0,7.59,26.59,10.52,0.554,1.14,33.7,44.8,0.68,3.502,unknown
10,2,1,0,117.0,219.7,4.36,52.3,37.86,3.531,2.39,21.7,49.2,0.533,11.994,vehicular
8,11,1,0,88.95,101.67,5.05,27.41,26.94,0.966,0.8,24.1,66.6,0.875,5.425,seasonal_inversion
4,2,4,0,185.61,222.84,40.55,49.29,29.52,1.394,3.05,21.8,37.1,0.833,1.216,industrial
13,3,4,0,165.39,275.51,7.32,9.22,6.88,2.408,4.74,33.6,51.3,0.6,1.26,agricultural_burning
20,12,1,0,90.16,115.17,6.12,89.97,44.48,2.118,2.85,25.2,60.6,0.783,14.709,vehicular
17,10,4,0,133.23,276.48,3.25,11.77,8.45,3.047,2.74,35.1,76.6,0.482,3.626,agricultural_burning
1,7,5,1,160.48,222.57,84.73,42.48,31.35,0.627,1.38,19.0,92.7,0.721,0.501,industrial
14,12,1,0,168.75,381.49,6.09,15.87,3.29,2.315,3.74,25.0,61.2,0.442,2.605,agricultural_burning
16,11,3,0,72.1,156.84,12.49,14.9,8.31,1.582,1.4,28.5,65.6,0.46,1.193,agricultural_burning
8,12,4,0,71.98,137.27,10.3,33.59,24.38,0.681,0.64,15.6,87.0,0.524,3.261,seasonal_inversion
10,12,0,0,108.54,155.25,8.86,52.17,35.2,0.981,1.19,22.3,56.1,0.699,5.891,seasonal_inversion
21,1,2,0,29.08,19.52,7.95,1.76,0.74,0.473,2.83,27.0,55.2,1.49,0.221,unknown
6,2,6,1,74.92,112.42,12.84,14.58,7.75,1.029,0.06,18.1,78.9,0.666,1.136,seasonal_inversion
18,11,5,1,195.65,325.41,9.63,44.77,29.48,1.58,1.53,31.2,35.5,0.601,4.648,agricultural_burning
8,1,6,1,14.14,15.18,3.06,35.32,19.77,0.625,3.11,24.8,50.5,0.931,11.548,unknown
8,8,3,0,78.2,123.45,5.13,60.99,41.43,1.045,1.3,32.4,37.4,0.633,11.885,vehicular
5,1,1,0,111.25,139.19,9.7,-2.46,1.25,1.122,1.24,19.4,43.3,0.799,-0.254,seasonal_inversion
10,1,3,0,157.42,217.06,8.79,19.88,14.18,0.423,0.36,21.9,98.0,0.725,2.263,seasonal_inversion
7,2,0,0,64.11,78.8,3.94,95.49,63.95,1.599,2.52,24.3,72.9,0.814,24.216,vehicular
10,11,4,0,108.64,271.43,6.14,8.62,4.65,2.315,3.59,31.6,65.7,0.4,1.404,agricultural_burning
5,12,6,1,132.75,151.87,11.33,31.98,21.89,0.823,0.09,20.1,84.4,0.874,2.822,seasonal_inversion
15,4,1,0,28.35,36.44,7.08,35.37,25.86,0.384,2.32,38.9,66.8,0.778,4.998,unknown
23,3,3,0,54.7,104.9,12.07,8.85,9.22,0.408,3.27,34.5,32.4,0.521,0.733,unknown
5,12,5,1,113.08,179.59,80.49,28.68,16.85,0.422,0.75,29.3,74.7,0.63,0.356,industrial
10,12,1,0,55.6,107.09,9.08,56.53,29.02,2.397,1.73,20.8,59.3,0.519,6.226,vehicular
17,9,0,0,77.77,129.75,4.54,121.56,85.71,3.06,1.42,35.7,65.7,0.599,26.774,vehicular
20,3,0,0,89.38,119.51,6.89,100.14,44.43,3.569,2.97,33.8,79.6,0.748,14.54,vehicular
18,1,1,0,79.93,121.47,1.31,113.93,74.13,2.408,2.4,32.1,44.1,0.658,86.783,vehicular
17,3,0,0,38.61,54.06,3.07,98.51,63.2,2.905,0.52,29.2,57.8,0.714,32.105,vehicular
21,4,3,0,21.14,27.17,11.62,21.46,12.97,0.244,3.73,41.5,54.5,0.778,1.846,unknown
10,12,4,0,76.97,71.06,4.12,81.65,40.39,2.856,0.64,28.8,61.2,1.083,19.828,vehicular
6,11,6,1,148.34,227.73,81.28,45.02,24.97,0.523,2.75,28.5,78.4,0.651,0.554,industrial
10,12,1,0,97.98,146.98,13.09,25.3,20.1,1.113,1.33,17.0,74.8,0.667,1.933,seasonal_inversion
7,10,2,0,32.51,79.38,5.84,125.56,72.94,1.841,0.94,31.1,44.2,0.41,21.503,vehicular
20,4,1,0,91.64,161.95,5.54,88.5,51.78,2.893,0.99,27.9,41.2,0.566,15.979,vehicular
3,8,5,1,155.09,201.53,91.19,26.59,13.56,1.225,2.89,28.5,42.3,0.77,0.292,industrial
18,11,3,0,169.16,236.42,4.68,14.95,8.08,2.376,2.43,25.9,51.2,0.716,3.193,agricultural_burning
7,4,4,0,43.56,78.43,4.27,126.85,79.11,3.123,2.68,26.4,73.7,0.555,29.738,vehicular
10,1,1,0,105.39,173.75,8.04,65.11,40.1,2.234,2.21,26.5,58.1,0.607,8.099,vehicular
1,8,1,0,204.97,250.42,82.99,69.44,42.21,0.18,2.66,24.9,92.1,0.818,0.837,industrial
8,6,2,0,41.58,69.42,6.23,86.39,54.75,2.774,1.56,30.3,51.7,0.599,13.864,vehicular
8,10,4,0,71.63,82.9,4.0,90.17,62.05,3.266,2.4,34.6,60.1,0.864,22.534,vehicular
15,3,2,0,147.11,260.27,11.5,16.02,9.25,1.745,1.22,37.4,65.4,0.565,1.393,agricultural_burning
3,5,3,0,199.12,291.52,78.03,46.3,18.55,1.145,2.95,31.9,54.8,0.683,0.593,industrial
18,12,3,0,154.81,246.16,1.54,11.27,7.02,1.371,2.99,38.5,29.4,0.629,7.307,agricultural_burning
4,8,1,0,174.42,257.04,69.09,45.8,34.8,1.773,3.45,30.2,82.2,0.679,0.663,industrial
18,6,3,0,89.56,122.13,3.7,107.99,60.97,2.809,0.86,32.6,62.5,0.733,29.173,vehicular
8,12,4,0,61.91,98.21,7.2,27.9,14.36,1.013,0.19,22.2,89.6,0.63,3.877,seasonal_inversion
17,10,4,0,80.21,166.84,1.13,109.14,74.74,2.065,2.0,21.2,59.0,0.481,96.884,vehicular
7,11,4,0,63.38,92.94,-2.49,11.9,4.18,0.461,1.0,19.0,91.1,0.682,5.0,seasonal_inversion
2,4,6,1,165.9,204.74,69.85,12.03,5.14,0.691,0.77,24.9,74.4,0.81,0.172,industrial
7,12,5,1,30.94,36.05,12.92,35.3,25.94,0.954,0.59,17.4,72.3,0.858,2.732,seasonal_inversion
15,3,5,1,179.36,291.2,3.19,15.15,10.52,1.786,2.35,30.7,57.5,0.616,4.752,agricultural_burning
6,3,0,0,133.42,190.43,71.37,10.61,3.52,0.646,0.66,22.9,67.4,0.701,0.149,industrial
6,9,6,1,163.6,185.03,43.47,23.13,15.15,0.901,2.62,32.7,61.8,0.884,0.532,industrial
8,1,3,0,60.24,122.53,5.47,128.32,94.44,2.752,2.06,28.5,39.6,0.492,23.461,vehicular
8,3,2,0,60.95,100.28,3.86,99.24,63.06,3.169,1.9,32.7,20.0,0.608,25.688,vehicular
12,4,6,1,118.05,319.08,12.32,4.89,2.17,1.224,4.64,44.5,30.0,0.37,0.397,agricultural_burning
23,5,2,0,83.51,115.88,57.52,56.14,34.83,0.579,3.2,35.4,48.9,0.721,0.976,industrial
6,2,2,0,84.03,141.2,12.55,30.52,19.99,0.91,0.1,24.1,77.5,0.595,2.432,seasonal_inversion
18,12,5,1,60.05,187.24,9.39,6.31,3.66,1.572,4.59,33.0,34.3,0.321,0.672,agricultural_burning
20,9,5,1,29.52,68.86,12.11,12.83,5.09,0.555,5.3,26.3,62.2,0.429,1.06,unknown
5,4,2,0,38.19,63.24,5.55,17.21,11.43,0.615,1.68,21.7,52.1,0.604,3.099,unknown
9,12,2,0,53.22,77.28,16.74,27.73,20.21,0.922,0.86,17.9,83.9,0.689,1.656,seasonal_inversion
12,10,3,0,215.11,345.54,16.0,29.83,16.72,1.89,3.29,23.7,45.4,0.623,1.864,agricultural_burning
19,4,4,0,102.54,197.85,4.06,97.82,53.13,1.987,1.7,21.8,58.9,0.518,24.114,vehicular
0,7,3,0,49.29,56.73,6.4,19.5,16.67,0.426,6.11,33.6,49.6,0.869,3.047,unknown
14,10,3,0,152.9,221.4,2.53,26.28,13.06,3.043,1.01,30.8,63.2,0.691,10.372,agricultural_burning
9,6,2,0,132.58,178.73,3.89,48.18,31.23,1.635,1.35,32.5,56.2,0.742,12.39,vehicular
0,5,5,1,153.46,158.89,74.94,37.13,28.79,0.573,1.13,26.2,60.6,0.966,0.495,industrial
5,3,1,0,164.04,182.55,93.45,45.0,24.81,0.521,0.98,29.6,77.2,0.899,0.481,industrial
10,4,3,0,301.97,451.88,14.55,17.02,15.25,1.803,2.82,34.8,18.3,0.668,1.17,agricultural_burning
9,9,2,0,67.43,123.33,-0.33,85.48,63.38,3.431,0.73,32.6,90.0,0.547,5.0,vehicular
18,3,6,1,159.22,311.7,1.77,21.91,8.53,1.633,3.66,22.8,27.1,0.511,12.395,agricultural_burning
23,9,5,1,185.55,220.75,64.42,50.03,38.34,1.181,1.71,28.2,76.1,0.841,0.777,industrial
16,11,1,0,84.5,213.93,16.19,32.43,20.98,0.987,1.3,27.0,42.1,0.395,2.003,agricultural_burning
18,3,6,1,168.06,297.8,7.81,23.05,10.11,1.172,4.14,45.5,28.0,0.564,2.953,agricultural_burning
22,1,5,1,198.39,267.46,44.87,1.28,4.66,1.19,2.57,27.1,54.9,0.742,0.029,industrial
17,7,4,0,95.85,174.33,7.25,100.03,63.07,3.354,1.35,28.7,43.6,0.55,13.795,vehicular
10,11,2,0,73.24,139.77,19.39,43.3,29.47,0.635,0.08,13.1,86.1,0.524,2.233,seasonal_inversion
22,9,4,0,-0.07,-8.79,8.69,23.31,10.48,0.323,4.3,36.0,68.0,0.5,2.682,unknown
3,10,0,0,125.27,153.01,106.98,52.7,26.13,1.168,2.73,30.7,80.0,0.819,0.493,industrial
21,2,3,0,59.96,106.19,6.58,33.71,22.81,0.579,5.0,33.6,75.5,0.565,5.125,unknown
5,11,3,0,52.81,71.78,11.4,40.4,32.67,0.642,0.29,22.4,81.3,0.736,3.543,seasonal_inversion
8,2,4,0,97.18,123.79,17.24,21.78,12.49,1.191,0.89,10.4,90.8,0.785,1.263,seasonal_inversion
6,7,4,0,172.56,221.75,96.87,37.2,22.64,0.751,3.64,31.1,65.0,0.778,0.384,industrial
23,5,5,1,28.33,41.41,8.37,29.94,19.28,0.803,2.46,26.4,62.4,0.684,3.578,unknown
9,3,4,0,152.72,236.08,9.25,23.06,7.65,1.565,2.15,36.4,48.1,0.647,2.492,agricultural_burning
10,7,0,0,73.59,182.24,7.76,66.65,33.23,1.918,2.02,29.6,53.8,0.404,8.587,vehicular
8,3,1,0,59.96,103.26,7.64,84.9,62.59,3.224,1.68,27.4,62.5,0.581,11.113,vehicular
23,11,3,0,75.18,116.07,96.33,32.58,18.76,1.15,0.77,31.5,60.2,0.648,0.338,industrial
7,2,0,0,66.29,78.02,4.32,65.92,37.61,1.819,1.1,33.6,47.5,0.85,15.249,vehicular
19,7,4,0,73.67,104.75,0.15,98.43,69.93,2.843,1.38,30.0,62.9,0.703,671.008,vehicular
5,4,1,0,255.17,375.01,76.31,44.15,25.98,0.728,3.39,26.9,71.0,0.68,0.579,industrial
9,11,2,0,98.67,121.65,4.63,51.03,29.62,0.672,1.2,12.0,69.3,0.811,11.021,seasonal_inversion
17,8,4,0,76.06,129.11,9.75,87.02,49.65,2.508,1.41,31.5,42.5,0.589,8.922,vehicular
10,12,5,1,203.8,364.82,5.88,13.52,6.8,1.857,3.18,25.8,39.2,0.559,2.299,agricultural_burning
15,10,1,0,233.8,325.97,2.49,11.26,6.83,2.039,1.66,23.6,32.2,0.717,4.523,agricultural_burning
6,2,4,0,88.5,138.17,9.11,17.56,8.87,0.813,0.71,17.8,66.5,0.641,1.927,seasonal_inversion
0,8,4,0,73.85,87.61,5.16,19.05,6.97,0.322,7.24,26.8,31.9,0.843,3.691,unknown
5,3,1,0,26.62,39.97,0.51,9.98,3.81,0.257,1.52,31.0,81.3,0.666,19.614,unknown
17,8,0,0,54.36,109.22,5.98,72.54,53.88,2.308,2.85,34.9,54.9,0.498,12.128,vehicular
5,12,6,1,33.45,51.0,3.95,46.65,33.87,0.318,7.19,25.5,65.2,0.656,11.822,unknown
14,4,5,1,152.0,247.67,5.17,28.89,11.64,1.841,2.38,38.3,36.6,0.614,5.583,agricultural_burning
14,3,6,1,45.84,62.5,5.75,22.09,15.16,0.819,2.32,25.3,73.5,0.733,3.841,unknown
10,11,3,0,180.02,292.32,7.77,21.65,13.28,1.378,1.31,28.1,77.3,0.616,2.786,agricultural_burning
0,1,2,0,179.82,231.46,77.47,19.85,13.25,0.627,2.48,24.7,66.0,0.777,0.256,industrial
11,11,3,0,170.53,325.71,6.64,27.46,19.36,1.421,1.04,39.4,36.8,0.524,4.135,agricultural_burning
3,12,0,0,23.81,19.18,14.53,9.15,5.94,0.158,7.28,33.2,63.4,1.242,0.63,unknown
3,2,1,0,63.84,104.55,4.04,34.11,21.32,0.393,3.79,36.0,58.9,0.611,8.441,unknown
7,12,1,0,144.5,173.08,22.15,46.79,27.36,0.632,0.36,19.7,95.1,0.835,2.112,seasonal_inversion
7,7,1,0,118.13,187.83,7.9,77.77,43.86,3.831,1.97,23.4,62.6,0.629,9.845,vehicular
4,11,3,0,11.0,21.76,13.7,37.53,18.81,0.875,5.42,38.4,37.0,0.506,2.74,unknown
10,2,2,0,107.44,140.24,5.96,134.29,85.68,1.656,2.14,33.0,49.6,0.766,22.531,vehicular
14,5,6,1,38.8,38.45,3.72,39.75,18.86,0.031,3.84,33.8,63.4,1.009,10.695,unknown
16,4,0,0,96.7,226.68,4.35,27.82,11.4,1.82,4.45,34.9,17.6,0.427,6.401,agricultural_burning
23,4,1,0,166.38,239.41,64.01,25.68,23.32,1.074,0.72,21.3,83.8,0.695,0.401,industrial
3,5,0,0,147.95,177.0,62.7,21.24,13.69,0.463,0.52,25.5,79.3,0.836,0.339,industrial
17,7,4,0,76.82,128.36,13.47,112.73,66.06,2.863,1.16,37.6,50.9,0.598,8.367,vehicular
4,12,6,1,146.93,182.91,89.06,24.19,20.79,0.44,2.22,24.6,76.3,0.803,0.272,industrial
18,12,0,0,171.66,324.37,9.53,21.03,12.06,0.18,1.22,30.1,56.5,0.529,2.208,agricultural_burning
5,1,1,0,42.21,77.51,7.29,30.25,19.86,0.648,7.75,27.4,60.3,0.545,4.147,unknown
7,11,4,0,42.48,50.6,-0.43,0.07,3.79,0.726,3.01,27.2,70.0,0.84,5.0,unknown
6,6,1,0,178.44,257.98,73.6,41.75,32.31,0.581,1.77,23.5,89.3,0.692,0.567,industrial
3,11,0,0,152.2,162.61,84.52,37.5,24.98,0.813,1.41,37.3,59.1,0.936,0.444,industrial
18,10,2,0,117.17,172.08,6.9,58.07,25.87,0.747,2.95,27.3,30.9,0.681,8.42,vehicular
9,11,5,1,106.07,162.84,0.14,6.55,8.11,0.513,0.37,18.6,66.4,0.651,45.993,seasonal_inversion
18,3,3,0,28.27,64.46,14.8,17.08,8.59,0.532,2.87,40.4,51.7,0.438,1.154,unknown
9,11,2,0,122.53,244.8,13.01,10.1,5.84,1.92,4.68,33.5,51.5,0.501,0.777,agricultural_burning
18,11,6,1,120.88,283.97,12.5,22.98,11.64,1.421,2.72,40.7,52.8,0.426,1.838,agricultural_burning
15,11,4,0,114.59,225.27,3.23,18.82,7.9,1.412,4.69,31.2,47.8,0.509,5.829,agricultural_burning
18,4,5,1,15.31,2.07,7.31,30.9,22.71,0.445,7.33,26.9,41.9,7.407,4.224,unknown
21,2,4,0,26.68,26.64,6.33,19.13,7.71,0.528,6.62,32.0,74.3,1.001,3.022,unknown
15,10,0,0,253.11,360.69,10.98,25.49,10.85,0.912,1.39,22.7,29.3,0.702,2.321,agricultural_burning
22,5,6,1,146.86,214.9,67.24,40.76,19.42,0.662,0.91,20.6,67.2,0.683,0.606,industrial
12,12,2,0,115.98,200.46,0.82,12.44,9.34,2.833,4.75,24.2,43.7,0.579,15.254,agricultural_burning
21,1,4,0,40.35,43.92,8.51,14.67,8.86,0.856,5.31,25.9,51.6,0.919,1.724,unknown
4,1,6,1,100.81,154.67,85.04,80.56,59.33,0.356,3.44,30.2,31.5,0.652,0.947,industrial
3,1,2,0,40.73,39.95,-0.39,30.84,21.61,0.389,5.07,30.5,70.4,1.02,5.0,unknown
5,8,5,1,95.18,100.33,66.23,27.69,15.18,0.46,0.81,34.8,58.5,0.949,0.418,industrial
23,12,3,0,208.21,264.09,78.2,25.46,8.95,0.755,0.74,23.0,45.2,0.788,0.326,industrial
8,4,1,0,62.9,118.11,5.86,124.64,65.92,0.89,0.91,24.4,62.2,0.533,21.266,vehicular
20,7,4,0,62.13,119.71,3.38,119.7,73.67,1.795,0.62,20.1,70.7,0.519,35.403,vehicular
13,2,4,0,66.79,92.66,11.04,23.36,18.03,0.572,3.42,34.5,30.0,0.721,2.116,unknown
15,4,5,1,62.73,84.29,4.88,24.57,8.38,0.559,6.47,22.3,48.3,0.744,5.039,unknown
0,3,3,0,139.56,189.36,92.01,87.19,55.67,1.44,2.14,26.8,64.4,0.737,0.948,industrial
5,2,1,0,67.87,103.3,13.5,42.68,24.36,1.394,1.17,3.1,64.3,0.657,3.162,seasonal_inversion
10,11,2,0,151.3,285.43,10.57,21.39,11.98,1.178,3.35,26.0,21.5,0.53,2.023,agricultural_burning
20,4,5,1,38.8,57.97,9.84,19.75,13.91,0.507,5.1,30.8,38.5,0.669,2.008,unknown
18,3,0,0,175.26,272.2,1.05,26.07,12.43,1.718,1.94,35.7,66.6,0.644,24.708,agricultural_burning
2,10,6,1,51.57,72.45,9.23,30.63,15.25,0.357,7.0,28.1,62.7,0.712,3.317,unknown
16,10,2,0,160.79,262.6,8.75,31.2,14.5,1.484,1.61,34.9,41.0,0.612,3.565,agricultural_burning
4,10,6,1,153.6,232.4,93.49,22.88,11.12,0.786,1.59,32.0,72.0,0.661,0.245,industrial
3,10,2,0,155.75,186.49,76.14,24.13,15.96,1.383,1.02,25.1,73.6,0.835,0.317,industrial
23,3,4,0,163.95,209.81,46.58,35.73,23.45,1.255,1.73,22.5,65.2,0.781,0.767,industrial
14,8,4,0,20.44,31.67,9.73,40.0,18.21,0.468,4.23,26.8,43.0,0.645,4.111,unknown
6,2,6,1,124.63,186.78,21.99,30.84,13.08,0.941,0.83,18.7,84.2,0.667,1.402,seasonal_inversion
9,12,3,0,199.05,300.5,6.05,25.52,11.75,1.823,2.4,27.4,44.6,0.662,4.22,agricultural_burning
17,1,1,0,42.41,52.05,2.3,56.29,46.45,2.938,2.61,27.3,40.0,0.815,24.464,vehicular
0,2,4,0,126.11,176.98,70.87,25.51,15.51,0.246,1.76,32.6,69.0,0.713,0.36,industrial
9,1,0,0,85.8,151.58,8.47,104.14,81.64,2.325,2.09,29.4,41.9,0.566,12.296,vehicular
14,10,3,0,92.32,244.68,9.22,12.34,7.29,2.074,1.78,26.0,45.8,0.377,1.338,agricultural_burning
23,4,2,0,98.78,152.37,87.44,41.1,27.6,0.497,3.68,25.3,63.0,0.648,0.47,industrial
20,4,2,0,42.62,48.82,5.27,102.22,55.83,1.357,1.78,30.5,45.9,0.873,19.393,vehicular
10,3,3,0,53.99,100.58,3.29,90.35,37.52,3.317,1.04,26.0,40.3,0.537,27.433,vehicular
17,1,1,0,71.86,128.31,12.34,98.64,67.92,3.244,2.62,35.8,44.5,0.56,7.991,vehicular
6,3,5,1,118.76,134.43,78.82,34.86,25.8,0.858,2.76,28.3,60.0,0.883,0.442,industrial
9,10,3,0,211.36,355.09,11.03,20.46,7.68,1.466,4.0,33.8,22.8,0.595,1.855,agricultural_burning
9,2,1,0,72.11,85.06,15.49,36.4,17.87,0.173,0.35,23.8,77.2,0.848,2.35,seasonal_inversion
9,11,3,0,89.88,139.86,17.1,24.43,22.36,1.08,1.48,16.4,84.6,0.643,1.428,seasonal_inversion
11,11,6,1,177.16,393.43,9.73,20.24,11.28,2.964,2.74,31.9,24.8,0.45,2.079,agricultural_burning
10,12,5,1,100.01,146.85,15.01,38.04,28.88,1.205,0.24,16.6,97.5,0.681,2.534,seasonal_inversion
19,2,3,0,87.47,151.56,2.41,95.88,56.71,2.65,2.13,36.1,41.8,0.577,39.736,vehicular
2,4,2,0,74.37,130.74,53.36,59.19,33.67,0.909,1.25,23.5,75.4,0.569,1.109,industrial
2,6,3,0,48.46,68.7,15.03,33.0,25.84,0.56,2.16,36.7,48.0,0.705,2.196,unknown
4,1,4,0,173.54,271.83,69.66,22.67,14.96,0.826,3.87,23.4,20.0,0.638,0.325,industrial
5,1,0,0,81.37,88.49,24.13,26.48,18.84,1.414,1.11,20.0,73.2,0.92,1.097,seasonal_inversion
10,1,2,0,76.8,114.6,11.93,39.62,34.56,1.025,0.57,16.2,96.2,0.67,3.321,seasonal_inversion
18,4,0,0,54.24,98.96,10.62,56.14,30.58,3.535,1.39,34.4,44.9,0.548,5.287,vehicular
11,8,1,0,19.77,37.26,5.25,27.08,13.13,0.612,1.14,23.2,40.2,0.531,5.16,unknown
7,8,4,0,56.13,72.63,10.59,102.08,72.62,2.565,2.03,35.2,37.0,0.773,9.64,vehicular
2,11,4,0,66.69,72.79,11.63,37.13,26.77,0.42,5.74,26.9,62.4,0.916,3.194,unknown
5,2,5,1,64.93,85.3,6.34,23.11,14.06,1.347,0.43,16.8,78.6,0.761,3.648,seasonal_inversion
17,3,1,0,52.56,84.72,6.06,128.49,63.69,1.83,2.11,34.5,56.9,0.62,21.205,vehicular
23,7,6,1,122.97,225.97,77.87,34.75,15.85,0.801,2.37,33.6,56.6,0.544,0.446,industrial
0,6,0,0,144.23,199.23,68.57,39.02,26.17,1.205,2.45,28.5,71.8,0.724,0.569,industrial
18,3,3,0,101.97,208.76,9.79,75.54,34.02,2.856,1.84,19.3,54.8,0.488,7.718,vehicular
8,5,3,0,25.79,35.08,5.59,127.71,75.12,2.66,2.65,35.0,61.3,0.735,22.861,vehicular
2,4,2,0,154.2,177.11,66.5,34.39,19.55,0.706,2.12,28.5,77.9,0.871,0.517,industrial
8,1,0,0,80.1,77.94,16.82,36.78,24.96,0.343,1.39,16.1,65.0,1.028,2.187,seasonal_inversion
9,12,2,0,157.82,206.2,18.68,5.98,5.14,1.273,1.48,19.3,58.1,0.765,0.32,seasonal_inversion
16,12,0,0,55.13,138.57,8.76,18.88,11.72,0.859,2.32,32.0,55.5,0.398,2.155,agricultural_burning
5,4,1,0,159.52,220.07,93.9,42.43,27.07,0.583,3.05,28.2,64.5,0.725,0.452,industrial
8,1,1,0,88.5,139.03,0.58,107.33,75.67,1.167,1.04,29.6,68.6,0.637,184.026,vehicular
19,8,3,0,32.7,47.12,9.07,38.74,22.4,0.563,4.83,35.1,98.0,0.694,4.272,unknown
8,1,0,0,88.09,99.59,2.42,15.28,18.44,1.105,0.45,22.5,83.5,0.884,6.309,seasonal_inversion
10,11,4,0,74.39,94.07,15.96,21.12,14.87,0.959,0.49,16.7,61.3,0.791,1.324,seasonal_inversion
5,2,6,1,118.07,184.71,53.4,47.83,34.18,1.364,1.16,27.3,87.5,0.639,0.896,industrial
12,3,2,0,127.45,285.15,8.91,41.33,23.31,1.304,1.84,34.4,47.7,0.447,4.64,agricultural_burning
0,10,1,0,216.76,302.18,54.69,16.1,12.32,1.046,2.58,32.1,57.0,0.717,0.294,industrial
14,11,5,1,71.58,74.13,3.11,19.22,12.96,0.453,6.65,39.4,62.5,0.966,6.172,unknown
0,6,4,0,157.09,171.04,48.82,26.85,18.32,0.485,1.08,25.1,51.7,0.918,0.55,industrial
22,12,5,1,194.15,231.19,110.16,29.08,25.62,1.058,3.31,26.8,72.3,0.84,0.264,industrial
20,3,6,1,51.2,57.89,6.63,16.87,9.25,0.636,4.67,41.3,39.3,0.884,2.542,unknown
3,12,4,0,157.65,193.07,59.49,23.17,20.07,0.848,3.65,25.4,49.1,0.817,0.389,industrial
7,2,2,0,82.8,80.05,20.61,28.16,12.18,1.077,0.99,20.2,77.8,1.034,1.366,seasonal_inversion
3,7,4,0,178.85,212.72,139.09,37.98,25.45,0.945,3.53,29.5,91.3,0.841,0.273,industrial
17,12,4,0,73.09,104.29,2.0,103.69,59.74,2.78,2.19,27.0,49.1,0.701,51.833,vehicular
21,7,4,0,42.12,74.34,3.69,16.71,8.57,0.55,3.05,32.8,62.9,0.567,4.535,unknown
10,3,2,0,146.17,252.4,7.19,11.08,5.98,2.952,4.26,35.4,55.3,0.579,1.541,agricultural_burning
7,11,4,0,64.92,78.75,15.84,18.16,6.76,0.865,0.5,20.5,72.6,0.824,1.146,seasonal_inversion
9,5,4,0,38.84,68.62,9.07,6.28,2.32,0.684,1.37,42.1,54.8,0.566,0.692,unknown
6,1,2,0,73.61,128.77,4.64,40.66,33.48,1.148,1.3,20.6,86.3,0.572,8.77,seasonal_inversion
22,11,2,0,24.02,29.4,5.53,29.72,17.21,0.658,4.37,35.1,71.8,0.817,5.379,unknown
15,11,6,1,77.13,156.96,4.23,20.53,7.11,2.095,1.39,34.9,15.0,0.491,4.854,agricultural_burning
19,4,3,0,48.54,100.54,5.59,75.0,42.92,1.994,1.37,20.0,49.7,0.483,13.428,vehicular
8,11,0,0,91.77,146.28,15.35,42.9,23.68,1.216,0.92,9.1,80.8,0.627,2.794,seasonal_inversion
12,5,6,1,33.02,37.47,3.48,25.0,11.25,0.617,7.12,29.8,48.1,0.881,7.182,unknown
8,12,4,0,137.38,187.58,18.13,53.73,40.35,0.996,0.86,18.8,61.8,0.732,2.964,seasonal_inversion
18,6,5,1,14.73,32.5,11.98,21.82,7.43,0.371,5.6,36.7,69.9,0.453,1.821,unknown
12,12,4,0,113.13,271.46,5.33,10.6,6.78,1.807,4.01,35.5,85.0,0.417,1.99,agricultural_burning
8,1,5,1,112.03,152.96,10.7,12.32,7.08,0.829,1.15,22.4,89.1,0.732,1.151,seasonal_inversion
11,6,4,0,30.63,30.98,13.36,14.07,9.96,0.483,6.66,35.8,50.5,0.989,1.053,unknown
15,3,0,0,163.43,391.6,8.73,14.09,12.01,0.685,1.04,30.3,50.8,0.417,1.613,agricultural_burning
9,3,5,1,112.4,294.82,2.4,0.17,-1.12,1.15,2.11,38.6,34.4,0.381,0.072,agricultural_burning
22,1,3,0,172.41,193.24,97.48,28.62,20.48,0.944,1.04,34.4,58.9,0.892,0.294,industrial
9,10,2,0,92.72,148.52,3.36,46.01,22.19,1.543,1.21,24.6,71.0,0.624,13.704,vehicular
14,3,4,0,122.49,261.21,2.96,30.87,20.8,2.439,4.18,30.8,52.0,0.469,10.413,agricultural_burning
19,11,1,0,61.6,98.45,8.22,104.01,73.94,2.756,1.92,33.6,52.9,0.626,12.646,vehicular
23,6,4,0,219.54,260.36,104.11,45.88,20.01,0.698,0.69,32.2,45.7,0.843,0.441,industrial
14,2,5,1,74.34,130.78,6.67,21.46,18.74,0.672,5.25,22.1,51.7,0.568,3.216,unknown
7,1,3,0,68.53,80.44,14.69,32.9,23.21,1.012,0.03,15.9,94.2,0.852,2.239,seasonal_inversion
14,4,1,0,136.73,221.24,8.55,22.81,13.44,1.23,4.71,31.5,44.7,0.618,2.667,agricultural_burning
11,10,0,0,119.87,274.84,5.99,16.17,7.63,1.492,2.29,41.4,48.3,0.436,2.7,agricultural_burning
9,10,5,1,123.22,295.64,11.16,3.73,1.05,2.402,1.57,31.1,37.0,0.417,0.335,agricultural_burning
6,2,6,1,110.27,169.52,10.62,31.94,16.01,0.747,1.09,13.2,55.3,0.65,3.008,seasonal_inversion
8,1,2,0,90.17,158.89,6.83,74.22,53.29,3.983,1.31,24.0,42.5,0.567,10.874,vehicular
22,10,5,1,42.7,38.61,15.49,20.02,9.77,0.806,1.98,34.7,42.1,1.106,1.293,unknown
22,7,4,0,41.93,74.9,8.0,54.1,43.16,0.423,1.93,21.7,59.1,0.56,6.763,unknown
5,2,1,0,85.71,145.89,5.55,34.36,29.03,1.459,0.37,12.5,72.1,0.587,6.186,seasonal_inversion
8,12,4,0,153.61,212.75,13.33,25.87,18.69,1.406,0.57,13.0,85.8,0.722,1.94,seasonal_inversion
8,12,2,0,120.2,166.13,20.1,32.05,22.67,1.135,0.85,23.5,67.4,0.724,1.595,seasonal_inversion
9,6,4,0,34.58,67.21,3.95,27.77,9.67,0.374,3.63,28.7,66.6,0.515,7.021,unknown
13,3,3,0,25.83,39.3,8.18,22.07,16.5,0.215,6.43,27.7,31.5,0.657,2.7,unknown
20,12,2,0,72.26,109.92,1.6,116.49,55.64,3.345,1.78,24.3,68.3,0.657,72.778,vehicular
20,10,2,0,87.58,139.77,9.56,95.9,58.49,3.08,0.65,19.2,49.7,0.627,10.026,vehicular
15,12,1,0,197.37,292.55,5.86,24.05,9.8,1.871,2.01,27.3,55.8,0.675,4.102,agricultural_burning
7,12,4,0,107.31,164.69,7.29,27.91,17.34,0.926,0.17,16.1,81.7,0.652,3.829,seasonal_inversion
12,12,1,0,181.42,314.56,11.21,18.99,9.77,1.321,1.62,33.1,15.0,0.577,1.694,agricultural_burning
9,11,3,0,90.17,126.59,9.15,47.73,27.72,2.814,0.82,19.3,43.7,0.712,5.216,vehicular
21,8,1,0,46.26,52.64,8.06,16.89,5.6,0.317,2.57,38.7,72.4,0.879,2.096,unknown
13,11,5,1,161.71,299.53,14.49,44.3,28.82,2.174,3.54,34.0,29.1,0.54,3.057,agricultural_burning
7,1,1,0,93.01,138.9,7.75,34.02,16.87,0.915,0.21,28.2,68.7,0.67,4.393,seasonal_inversion
20,5,1,0,85.02,154.48,2.08,99.93,51.43,2.577,2.6,32.6,58.2,0.55,48.028,vehicular
10,12,2,0,110.84,164.71,20.19,25.86,16.67,0.775,0.55,10.5,95.9,0.673,1.28,seasonal_inversion
8,5,0,0,81.96,89.38,7.52,67.36,40.05,3.061,0.69,27.5,61.8,0.917,8.956,vehicular
10,11,0,0,86.04,116.27,4.41,70.73,36.78,1.57,2.28,28.5,61.0,0.74,16.052,vehicular
10,5,3,0,53.11,72.24,6.44,57.58,38.3,2.987,0.84,28.1,71.5,0.735,8.944,vehicular
13,4,2,0,114.65,259.21,13.44,13.82,5.48,2.044,4.17,36.6,38.3,0.442,1.029,agricultural_burning
19,3,2,0,91.43,122.18,4.42,71.27,48.96,3.109,0.63,22.5,37.9,0.748,16.118,vehicular
22,5,0,0,167.08,168.21,56.53,59.38,43.74,0.8,0.51,26.7,65.8,0.993,1.05,industrial
10,10,5,1,103.47,279.84,2.41,9.09,8.89,2.979,2.72,34.7,64.7,0.37,3.77,agricultural_burning
2,11,2,0,165.93,211.36,62.59,40.18,29.2,0.707,2.15,19.5,43.9,0.785,0.642,industrial
7,3,3,0,88.31,167.47,7.28,114.24,68.31,3.14,0.56,27.2,54.9,0.527,15.701,vehicular
2,8,3,0,24.51,30.19,12.07,35.92,22.72,0.715,5.82,18.7,98.0,0.812,2.977,unknown
17,2,1,0,47.96,72.49,6.69,15.12,7.12,0.518,5.44,30.8,72.4,0.662,2.26,unknown
10,1,3,0,8.92,19.51,2.86,23.48,10.45,0.568,5.76,29.9,76.7,0.457,8.223,unknown
10,2,2,0,75.51,111.6,0.23,74.76,52.61,1.737,0.74,30.4,69.5,0.677,318.489,vehicular
20,2,3,0,107.92,158.09,6.27,66.29,37.55,2.975,2.06,28.7,61.7,0.683,10.57,vehicular
23,7,4,0,32.35,72.27,5.39,18.27,12.53,0.846,4.37,28.1,65.3,0.448,3.387,unknown
4,11,4,0,187.06,160.38,80.04,33.03,26.49,0.82,1.81,15.9,71.8,1.166,0.413,industrial
20,7,4,0,70.33,108.6,7.24,80.77,43.22,2.719,0.73,30.8,66.9,0.648,11.158,vehicular
12,4,3,0,200.23,342.83,17.0,9.89,3.62,1.747,3.06,30.1,50.2,0.584,0.582,agricultural_burning
10,2,1,0,29.35,66.8,5.2,43.65,19.3,2.146,1.69,32.7,45.4,0.439,8.388,vehicular
18,4,5,1,14.58,22.16,6.64,28.12,19.99,0.598,6.28,28.6,58.2,0.658,4.234,unknown
9,11,1,0,153.28,228.98,10.26,16.31,12.14,2.098,2.14,28.5,19.8,0.669,1.59,agricultural_burning
9,11,1,0,153.22,215.67,9.68,13.32,3.14,1.115,0.31,17.1,83.4,0.71,1.377,seasonal_inversion
9,3,2,0,93.47,201.81,9.65,57.48,34.42,2.061,1.64,33.4,67.8,0.463,5.956,vehicular
11,3,6,1,118.95,257.52,4.55,23.88,14.31,2.046,4.61,36.4,44.3,0.462,5.244,agricultural_burning
7,12,5,1,88.47,65.1,10.11,32.93,21.08,1.053,1.26,21.7,80.6,1.359,3.256,seasonal_inversion
7,1,1,0,132.3,168.62,10.76,13.6,7.15,1.116,0.06,14.9,80.3,0.785,1.263,seasonal_inversion
17,3,0,0,159.55,257.39,-0.24,7.81,3.54,1.69,4.35,32.2,18.3,0.62,5.0,agricultural_burning
5,12,3,0,21.73,25.67,10.98,13.24,10.88,0.284,1.02,25.4,57.8,0.847,1.207,unknown
11,11,0,0,130.71,225.8,0.49,-2.25,3.41,2.335,1.41,45.9,24.3,0.579,-4.565,agricultural_burning
4,2,6,1,189.49,233.7,42.56,23.3,16.95,0.686,1.04,33.8,74.6,0.811,0.548,industrial
19,11,3,0,121.06,198.92,0.33,121.97,77.13,2.485,2.82,30.4,81.7,0.609,369.756,vehicular
11,12,5,1,187.86,312.09,4.66,24.09,13.4,1.717,3.81,26.9,82.2,0.602,5.171,agricultural_burning
2,9,1,0,54.07,98.08,3.05,30.03,16.46,0.64,7.82,33.4,24.9,0.551,9.859,unknown
10,8,0,0,38.28,63.66,10.77,29.09,23.93,0.758,1.98,35.2,21.5,0.601,2.7,unknown
17,3,4,0,109.92,266.24,11.64,16.63,7.21,0.711,2.76,31.2,39.5,0.413,1.428,agricultural_burning
6,12,6,1,100.86,101.61,12.34,32.04,13.58,0.998,0.21,13.0,73.1,0.993,2.596,seasonal_inversion
12,10,5,1,149.72,268.25,6.62,21.63,14.7,1.499,3.53,29.0,40.8,0.558,3.267,agricultural_burning
10,12,1,0,119.77,148.93,13.54,29.18,19.83,0.689,1.22,16.1,84.5,0.804,2.155,seasonal_inversion
17,3,2,0,105.58,147.89,3.36,101.82,56.57,1.139,0.94,28.5,65.0,0.714,30.274,vehicular
14,5,4,0,35.93,52.43,7.75,-0.84,0.95,0.471,6.61,22.5,44.5,0.685,-0.109,unknown
5,5,1,0,157.39,178.21,60.82,48.62,29.84,1.46,2.05,30.6,70.4,0.883,0.799,industrial
15,3,0,0,30.44,38.24,8.99,32.16,14.21,0.687,4.51,25.8,93.7,0.796,3.575,unknown
9,10,4,0,217.09,318.65,11.3,30.52,15.35,1.417,4.92,39.7,51.6,0.681,2.701,agricultural_burning
8,11,0,0,69.2,97.05,17.56,35.67,31.09,1.102,0.48,20.0,89.5,0.713,2.031,seasonal_inversion
5,5,6,1,201.21,253.51,94.33,8.76,5.71,0.591,1.65,37.1,63.2,0.794,0.093,industrial
19,5,1,0,80.33,106.78,5.91,124.28,88.74,2.526,1.52,32.2,30.6,0.752,21.026,vehicular
22,7,5,1,142.02,195.84,83.58,14.82,6.01,1.129,1.54,22.6,50.5,0.725,0.177,industrial
13,4,5,1,152.05,311.67,6.71,19.86,6.39,1.691,3.68,36.4,56.3,0.488,2.961,agricultural_burning
9,11,4,0,123.87,178.35,11.7,9.64,6.19,1.9,2.63,35.1,58.0,0.695,0.824,agricultural_burning
20,5,1,0,10.9,19.19,11.92,13.14,4.85,0.68,1.19,22.5,58.6,0.568,1.102,unknown
3,3,5,1,169.87,269.97,68.99,23.71,16.09,1.282,2.8,36.0,62.4,0.629,0.344,industrial
5,11,1,0,127.21,181.54,3.5,47.21,37.02,0.21,0.03,23.1,88.3,0.701,13.484,seasonal_inversion
22,10,3,0,142.26,213.46,76.31,34.78,21.89,1.029,2.4,27.0,79.7,0.666,0.456,industrial
0,7,5,1,163.54,208.5,119.31,65.95,37.76,1.182,2.75,23.0,53.5,0.784,0.553,industrial
8,7,3,0,50.18,119.02,8.08,84.14,55.47,1.854,0.9,28.2,50.8,0.422,10.407,vehicular
11,12,5,1,11.58,40.93,8.86,25.75,13.98,0.443,2.98,41.0,82.7,0.283,2.906,unknown
17,10,0,0,97.5,236.98,6.24,6.36,2.93,2.678,2.99,35.0,35.1,0.411,1.019,agricultural_burning
9,6,0,0,64.64,132.55,8.09,120.69,54.23,2.682,1.54,30.1,56.2,0.488,14.926,vehicular
3,10,0,0,154.73,205.79,69.39,51.74,39.64,1.19,3.72,28.4,44.6,0.752,0.746,industrial
17,4,0,0,134.22,215.56,11.98,25.55,14.65,2.611,4.01,27.6,45.2,0.623,2.133,agricultural_burning
9,12,1,0,73.73,126.06,8.75,80.86,56.91,3.073,1.99,24.9,56.9,0.585,9.243,vehicular
5,11,5,1,96.11,150.33,9.19,31.75,16.28,1.104,0.08,29.2,66.2,0.639,3.454,seasonal_inversion
22,5,2,0,214.98,259.52,65.24,20.09,17.88,0.199,0.58,16.3,56.9,0.828,0.308,industrial
15,3,6,1,160.26,313.1,8.28,20.93,11.15,1.997,1.05,26.7,37.0,0.512,2.527,agricultural_burning
10,11,0,0,257.41,410.14,14.56,22.79,6.5,1.738,3.06,35.0,19.7,0.628,1.566,agricultural_burning
18,8,4,0,60.69,84.57,7.95,85.92,50.42,2.716,1.59,28.4,28.2,0.718,10.802,vehicular
18,11,6,1,128.98,241.55,4.94,18.62,9.94,2.431,2.84,27.1,50.3,0.534,3.772,agricultural_burning
8,8,1,0,89.91,91.96,3.92,67.87,37.6,2.937,2.51,29.2,81.3,0.978,17.308,vehicular
10,10,0,0,49.69,105.86,6.59,93.78,63.48,2.864,1.54,27.9,51.4,0.469,14.227,vehicular
19,12,1,0,76.99,112.39,7.01,65.95,40.34,1.239,2.7,20.8,24.7,0.685,9.404,vehicular
18,12,3,0,73.57,122.52,7.28,80.27,61.54,2.297,2.76,35.5,34.9,0.601,11.019,vehicular
13,11,1,0,83.26,173.3,11.05,31.06,14.51,1.072,1.25,32.6,52.5,0.48,2.812,agricultural_burning
7,12,3,0,63.57,99.95,9.79,4.13,3.33,0.692,0.83,17.7,73.7,0.636,0.421,seasonal_inversion
7,11,1,0,117.32,148.71,17.62,42.16,34.39,0.97,1.23,7.7,84.2,0.789,2.393,seasonal_inversion
3,10,4,0,158.57,145.39,102.54,8.75,8.27,0.627,3.96,19.4,72.3,1.091,0.085,industrial
10,3,3,0,148.42,227.07,10.89,22.03,12.17,1.146,1.56,35.3,31.9,0.654,2.024,agricultural_burning
22,7,3,0,178.74,245.14,80.38,44.73,23.1,0.236,3.6,29.9,77.9,0.729,0.556,industrial
9,4,1,0,137.39,212.67,10.77,21.96,14.88,1.685,4.83,35.5,22.7,0.646,2.039,agricultural_burning
22,5,3,0,186.84,214.86,77.76,42.88,18.43,1.091,2.79,26.6,98.6,0.87,0.552,industrial
2,7,2,0,261.85,401.66,79.3,53.59,43.64,0.702,1.26,30.0,92.0,0.652,0.676,industrial
21,2,4,0,17.43,28.78,4.91,23.33,16.26,0.529,3.11,21.8,73.9,0.606,4.75,unknown
9,2,2,0,109.31,145.59,19.61,40.66,19.75,1.466,0.63,26.0,65.0,0.751,2.074,seasonal_inversion
18,5,4,0,56.85,86.88,11.29,65.54,40.65,2.869,2.13,32.9,53.2,0.654,5.807,vehicular
8,5,4,0,69.01,77.26,2.98,79.42,47.34,3.224,0.68,24.9,38.1,0.893,26.692,vehicular
8,7,0,0,101.39,192.8,8.62,103.0,70.2,1.921,1.83,28.9,52.9,0.526,11.946,vehicular
9,1,2,0,92.7,137.05,18.0,49.43,33.25,1.088,1.5,7.7,92.1,0.676,2.745,seasonal_inversion
22,11,1,0,139.79,194.4,52.51,44.87,24.86,1.18,0.69,29.3,58.7,0.719,0.855,industrial
1,5,1,0,143.77,178.04,73.15,33.55,15.14,0.823,0.8,33.7,73.4,0.808,0.459,industrial
8,11,6,1,83.29,116.41,19.33,35.37,21.15,0.617,0.98,22.0,62.0,0.715,1.83,seasonal_inversion
14,8,5,1,20.69,19.86,14.92,5.66,4.88,0.841,6.8,36.6,77.1,1.042,0.379,unknown
10,12,1,0,233.29,373.88,3.19,19.51,12.72,3.014,2.83,31.0,51.0,0.624,6.115,agricultural_burning
1,4,0,0,167.06,183.78,83.16,28.76,19.17,0.693,1.53,20.1,69.8,0.909,0.346,industrial
0,3,3,0,188.58,267.35,70.1,31.94,26.02,0.994,2.11,24.7,66.4,0.705,0.456,industrial
17,8,1,0,77.71,149.47,2.11,95.27,76.56,1.328,2.43,28.0,46.5,0.52,45.242,vehicular
7,2,6,1,108.16,171.07,10.36,24.61,10.93,0.616,1.07,19.8,87.7,0.632,2.376,seasonal_inversion
10,2,6,1,76.34,135.04,14.63,31.8,23.87,0.988,1.28,8.1,69.5,0.565,2.173,seasonal_inversion
3,10,4,0,178.11,199.82,56.39,62.69,45.48,0.85,2.62,27.5,88.4,0.891,1.112,industrial
15,12,6,1,134.01,237.86,9.84,9.82,7.11,1.958,1.33,45.2,52.3,0.563,0.998,agricultural_burning
15,12,6,1,46.55,159.18,14.21,7.36,2.91,1.918,3.73,29.3,48.6,0.292,0.518,agricultural_burning
2,10,0,0,179.12,272.38,79.3,44.0,24.47,1.322,3.61,20.8,55.3,0.658,0.555,industrial
12,3,1,0,108.45,219.84,12.14,31.96,18.25,1.955,2.85,38.1,50.6,0.493,2.632,agricultural_burning
10,10,0,0,76.37,99.27,0.66,136.04,82.45,2.562,2.66,38.1,53.7,0.769,205.172,vehicular
20,10,4,0,50.51,72.98,7.26,4.39,2.59,0.425,6.22,31.0,93.2,0.692,0.605,unknown
0,2,5,1,139.58,194.41,60.72,20.55,12.88,0.74,2.83,26.5,57.3,0.718,0.338,industrial
6,10,0,0,136.67,221.34,97.56,33.97,28.42,0.237,0.64,33.5,69.7,0.617,0.348,industrial
2,8,3,0,122.96,140.33,77.33,40.33,22.4,0.662,3.03,19.0,77.2,0.876,0.522,industrial
9,3,1,0,250.92,337.97,8.64,27.25,15.56,1.718,4.55,23.3,26.9,0.742,3.156,agricultural_burning
17,8,0,0,83.68,161.87,7.14,38.63,25.07,2.996,0.84,21.7,77.7,0.517,5.408,vehicular
22,1,3,0,33.02,39.5,11.31,3.09,-0.04,0.986,4.3,28.4,55.0,0.836,0.273,unknown
15,11,6,1,20.96,10.33,0.99,2.74,3.62,0.358,1.04,24.7,76.2,2.029,2.757,unknown
20,9,4,0,83.93,110.18,7.28,71.07,38.29,2.327,2.22,27.6,59.2,0.762,9.76,vehicular
1,8,4,0,139.45,232.61,55.06,31.63,14.22,1.059,2.24,23.2,37.1,0.599,0.574,industrial
3,1,1,0,98.69,106.0,78.89,31.0,19.23,0.205,3.34,40.3,60.9,0.931,0.393,industrial
10,12,2,0,121.49,249.12,6.15,36.45,15.42,3.063,4.05,33.6,55.6,0.488,5.925,agricultural_burning
7,11,4,0,119.68,156.17,17.36,35.9,25.77,1.073,0.03,16.6,82.7,0.766,2.067,seasonal_inversion
23,12,6,1,57.23,99.7,9.67,14.8,11.93,0.487,2.29,29.3,76.8,0.574,1.531,unknown
20,8,2,0,78.7,161.98,3.74,121.31,60.11,4.026,1.07,29.4,43.3,0.486,32.396,vehicular
20,11,2,0,85.72,133.37,7.26,124.78,91.58,1.792,2.0,28.9,32.7,0.643,17.182,vehicular
14,5,2,0,21.92,28.56,3.84,33.0,23.52,0.394,1.61,23.0,83.2,0.768,8.599,unknown
1,12,1,0,163.92,171.56,62.27,38.59,21.43,0.931,0.95,20.7,30.9,0.955,0.62,industrial
9,10,5,1,177.99,246.7,11.67,8.49,2.77,1.881,3.65,43.5,38.3,0.721,0.728,agricultural_burning
11,7,0,0,47.48,65.0,1.85,48.27,31.98,0.563,5.34,41.1,56.9,0.73,26.024,unknown
6,3,0,0,193.55,219.95,56.45,24.47,13.46,1.024,2.31,33.8,69.4,0.88,0.434,industrial
3,10,5,1,145.92,178.6,86.2,54.57,30.8,1.311,2.86,30.5,53.8,0.817,0.633,industrial
17,12,0,0,196.49,348.77,11.14,18.46,6.96,1.709,2.35,33.9,15.0,0.563,1.657,agricultural_burning
9,12,4,0,136.38,229.43,10.72,20.47,14.69,2.324,1.96,26.0,41.8,0.594,1.91,agricultural_burning
6,12,6,1,96.79,127.69,18.19,46.87,24.59,1.034,1.44,18.0,66.1,0.758,2.577,seasonal_inversion
9,11,4,0,136.38,324.8,12.09,17.56,10.42,1.855,4.7,31.3,60.5,0.42,1.453,agricultural_burning
22,2,1,0,128.77,202.43,41.8,56.79,41.2,0.744,0.97,28.6,58.7,0.636,1.359,industrial
6,4,0,0,141.92,187.03,118.2,25.57,17.53,0.93,3.81,28.9,80.8,0.759,0.216,industrial
10,12,1,0,105.48,161.99,13.94,26.0,19.11,0.895,0.34,12.7,71.4,0.651,1.864,seasonal_inversion
3,6,4,0,162.24,230.56,51.52,36.78,30.75,0.534,0.73,28.7,57.2,0.704,0.714,industrial
20,7,1,0,102.81,161.24,1.77,52.32,22.23,1.278,2.01,19.1,32.4,0.638,29.52,vehicular
1,12,3,0,151.92,192.45,106.13,57.7,29.06,0.71,0.73,27.5,53.8,0.789,0.544,industrial
6,11,4,0,106.38,149.01,14.4,17.36,9.33,0.91,1.14,21.2,73.5,0.714,1.205,seasonal_inversion
16,12,2,0,31.75,65.42,5.86,20.05,12.65,0.189,4.85,15.5,48.5,0.485,3.421,unknown
23,8,3,0,114.27,127.39,72.46,29.9,15.69,1.08,1.35,30.2,60.0,0.897,0.413,industrial
8,1,2,0,88.85,125.64,8.04,35.47,23.41,1.0,0.14,12.7,84.1,0.707,4.411,seasonal_inversion
0,6,2,0,163.91,186.28,39.64,13.8,10.44,0.792,2.2,30.7,28.2,0.88,0.348,industrial
9,12,3,0,150.45,219.78,1.91,12.71,6.91,2.747,3.02,37.0,47.9,0.685,6.654,agricultural_burning
10,11,0,0,100.85,144.77,18.89,38.97,15.36,0.706,1.26,19.7,74.0,0.697,2.063,seasonal_inversion
14,4,5,1,173.6,244.04,5.56,7.01,5.16,1.417,4.99,34.0,25.1,0.711,1.26,agricultural_burning
10,9,4,0,66.09,107.65,5.99,62.76,42.45,2.044,2.19,29.7,60.1,0.614,10.486,vehicular
10,12,6,1,66.8,62.98,14.44,15.39,10.15,1.271,0.12,13.4,68.7,1.061,1.066,seasonal_inversion
2,5,3,0,98.0,88.72,57.37,38.54,20.66,1.289,3.5,18.1,64.0,1.105,0.672,industrial
22,11,2,0,144.17,143.31,61.69,54.45,37.06,0.876,3.61,29.9,45.6,1.006,0.883,industrial
12,11,2,0,155.29,233.8,6.89,38.32,21.88,1.997,2.45,32.5,67.6,0.664,5.563,agricultural_burning
22,10,5,1,227.43,327.0,101.25,19.17,14.26,0.612,3.57,32.3,57.1,0.696,0.189,industrial
10,5,2,0,57.95,91.5,10.07,47.15,26.3,2.741,0.6,26.6,29.6,0.633,4.681,vehicular
11,12,1,0,25.86,31.52,1.74,13.26,7.01,0.46,7.16,25.8,46.1,0.82,7.601,unknown
7,5,2,0,75.4,87.62,8.78,100.97,66.08,1.908,0.91,26.0,47.7,0.86,11.504,vehicular
18,6,0,0,58.04,55.43,3.41,20.8,11.13,0.405,1.22,32.0,45.2,1.047,6.099,unknown
15,12,2,0,197.07,336.23,10.73,22.9,6.41,0.991,1.1,37.6,53.1,0.586,2.133,agricultural_burning
13,12,4,0,98.79,169.93,0.72,25.97,13.92,1.603,2.63,33.2,60.6,0.581,35.855,agricultural_burning
9,7,3,0,45.72,47.58,1.43,8.27,5.45,0.212,4.99,19.9,49.9,0.961,5.78,unknown
18,7,0,0,58.83,66.43,8.24,11.48,0.49,0.462,2.21,20.0,44.0,0.886,1.392,unknown
10,8,4,0,29.46,43.09,9.91,20.47,14.19,0.634,2.06,17.9,27.3,0.684,2.066,unknown
5,2,3,0,124.81,158.82,19.22,21.15,13.6,1.236,0.44,27.1,74.0,0.786,1.1,seasonal_inversion
10,10,0,0,181.31,254.89,2.6,15.22,6.93,1.88,1.57,25.1,39.3,0.711,5.846,agricultural_burning
8,8,0,0,34.48,65.11,3.93,86.39,50.32,0.966,1.12,36.7,83.5,0.53,21.995,vehicular
18,4,2,0,137.86,227.01,15.99,27.24,17.67,1.756,4.08,36.9,85.0,0.607,1.704,agricultural_burning
13,11,3,0,191.17,273.71,11.15,13.35,4.31,2.226,2.67,33.0,35.0,0.698,1.197,agricultural_burning
8,11,3,0,87.95,125.73,10.61,39.43,21.85,0.61,0.4,18.6,77.9,0.699,3.717,seasonal_inversion
13,10,2,0,200.16,362.94,10.15,7.56,5.74,1.645,2.29,29.8,55.2,0.552,0.745,agricultural_burning
8,6,3,0,44.82,48.72,3.57,-6.9,-4.53,0.879,1.85,21.6,54.7,0.92,-1.932,unknown
20,12,0,0,106.77,218.78,8.72,99.73,52.56,2.03,2.75,22.7,56.5,0.488,11.44,vehicular
14,3,5,1,210.19,287.11,2.47,17.64,9.36,2.023,4.61,38.0,38.9,0.732,7.134,agricultural_burning
7,11,0,0,109.48,117.08,20.37,31.34,14.68,0.507,0.75,22.3,80.5,0.935,1.539,seasonal_inversion
9,12,3,0,124.67,304.33,6.05,15.13,7.67,0.87,3.67,35.8,51.2,0.41,2.503,agricultural_burning
20,4,2,0,91.65,127.22,5.36,89.32,46.27,2.163,2.48,42.6,38.0,0.72,16.649,vehicular
2,9,2,0,145.34,178.86,43.74,15.98,17.53,0.832,1.73,26.8,56.1,0.813,0.365,industrial
9,1,4,0,86.65,124.19,17.23,21.44,14.74,0.822,0.24,21.4,69.0,0.698,1.244,seasonal_inversion
6,11,6,1,63.77,77.66,22.83,14.18,10.98,1.425,1.36,13.0,93.4,0.821,0.621,seasonal_inversion
9,4,2,0,41.27,38.49,8.42,18.13,11.03,0.662,2.23,22.7,40.0,1.072,2.153,unknown
9,1,2,0,27.37,39.37,5.2,24.48,13.86,0.079,4.25,38.4,55.5,0.695,4.706,unknown
7,5,1,0,98.75,199.03,1.74,103.37,64.85,2.309,1.47,36.2,45.4,0.496,59.399,vehicular
9,1,4,0,74.93,134.53,8.14,121.76,69.86,1.817,2.53,29.4,45.3,0.557,14.959,vehicular
6,2,4,0,104.5,152.39,9.59,46.6,36.21,1.05,1.03,13.3,74.7,0.686,4.858,seasonal_inversion
0,4,2,0,176.55,244.22,84.45,42.47,35.33,1.092,3.51,27.5,51.6,0.723,0.503,industrial
7,12,6,1,110.98,143.94,15.89,17.05,8.48,0.824,0.29,11.1,67.6,0.771,1.073,seasonal_inversion
9,5,2,0,79.3,139.39,3.54,121.1,86.09,2.019,2.36,40.7,44.3,0.569,34.217,vehicular
5,1,6,1,127.08,156.12,42.37,45.02,38.04,1.097,1.04,28.3,64.5,0.814,1.063,industrial
9,9,1,0,17.67,21.6,0.03,20.33,8.94,0.073,3.06,30.9,64.8,0.818,712.579,unknown
0,4,0,0,118.11,106.33,72.33,28.47,15.35,0.875,1.46,34.2,67.2,1.111,0.394,industrial
7,3,1,0,89.9,138.39,3.09,58.1,35.44,2.027,0.65,26.3,30.2,0.65,18.8,vehicular
5,1,5,1,86.08,97.26,11.72,29.21,19.69,0.629,1.46,21.3,62.0,0.885,2.493,seasonal_inversion
11,11,5,1,165.1,413.01,3.62,23.42,10.34,1.721,3.92,33.8,39.8,0.4,6.467,agricultural_burning
7,7,3,0,49.51,109.49,5.41,88.28,56.65,2.408,1.94,29.0,54.1,0.452,16.314,vehicular
10,4,1,0,68.1,111.86,5.69,96.41,65.53,2.175,2.36,39.6,68.3,0.609,16.929,vehicular
9,10,3,0,95.7,120.57,5.59,102.23,66.6,2.124,0.56,27.5,54.2,0.794,18.296,vehicular
9,4,6,1,118.94,219.27,1.69,28.99,17.26,3.372,1.0,30.0,20.8,0.542,17.181,agricultural_burning
7,12,1,0,61.99,71.52,7.33,21.27,10.35,0.533,1.27,31.0,52.8,0.867,2.903,unknown
17,12,1,0,199.39,313.41,-0.85,28.73,12.33,2.634,1.76,28.4,50.1,0.636,5.0,agricultural_burning
12,10,5,1,108.72,216.25,14.43,4.04,5.39,1.478,4.37,42.0,45.5,0.503,0.28,agricultural_burning
7,1,2,0,59.01,116.04,1.79,110.43,53.36,3.646,1.09,28.2,68.3,0.509,61.584,vehicular
10,9,0,0,124.21,174.43,3.55,121.92,66.85,1.847,2.28,32.5,59.3,0.712,34.302,vehicular
5,11,4,0,62.25,68.86,10.36,37.76,20.99,0.815,0.81,18.5,68.5,0.904,3.646,seasonal_inversion
6,12,4,0,195.21,215.93,42.33,34.57,22.19,0.896,3.53,30.0,63.0,0.904,0.817,industrial
22,6,3,0,147.61,202.07,93.07,26.5,19.44,0.576,3.79,21.4,86.6,0.73,0.285,industrial
0,2,1,0,77.08,120.34,13.01,19.5,12.35,0.581,6.56,20.7,85.3,0.64,1.498,unknown
21,4,2,0,28.69,21.39,13.6,12.37,14.75,0.736,1.39,22.3,66.2,1.341,0.91,unknown
7,12,0,0,43.94,60.23,13.09,23.91,19.22,0.401,4.97,34.1,63.3,0.73,1.826,unknown
14,3,2,0,132.15,220.86,11.46,13.07,8.78,0.988,3.62,31.4,52.4,0.598,1.14,agricultural_burning
7,11,0,0,109.55,171.45,3.56,122.63,86.15,2.415,0.76,36.4,46.6,0.639,34.443,vehicular
9,2,0,0,138.52,180.51,13.39,25.92,16.8,0.853,1.2,15.3,71.1,0.767,1.937,seasonal_inversion
6,12,5,1,29.43,32.98,8.3,25.82,14.08,0.452,1.18,27.9,48.0,0.892,3.11,unknown
6,12,3,0,94.25,147.31,3.71,31.66,22.42,1.28,0.18,9.9,84.2,0.64,8.541,seasonal_inversion
6,11,0,0,200.11,185.71,74.04,21.65,10.07,0.52,1.0,29.7,41.1,1.078,0.292,industrial
0,2,3,0,142.2,202.72,59.5,44.47,26.85,0.718,1.99,32.4,86.3,0.701,0.747,industrial
9,11,4,0,237.32,370.13,9.18,28.81,15.45,2.722,2.49,25.4,27.9,0.641,3.139,agricultural_burning
22,9,1,0,192.43,243.43,21.97,36.8,26.23,0.754,0.6,30.4,49.9,0.791,1.675,industrial
19,11,1,0,71.44,110.9,9.83,130.07,78.9,2.592,2.07,36.4,47.0,0.644,13.237,vehicular
7,2,1,0,128.19,162.06,11.77,32.11,17.34,1.213,0.09,12.6,52.8,0.791,2.729,seasonal_inversion
6,9,6,1,190.71,192.11,36.55,2.02,5.35,0.824,3.12,34.3,67.1,0.993,0.055,industrial
23,4,1,0,125.61,131.53,81.18,3.26,1.89,0.838,3.89,26.4,71.0,0.955,0.04,industrial
18,12,0,0,226.08,338.15,7.74,21.36,10.34,1.105,1.14,29.3,66.9,0.669,2.76,agricultural_burning
12,3,2,0,129.53,321.42,10.55,14.65,9.48,0.653,3.68,31.4,15.0,0.403,1.388,agricultural_burning
18,3,1,0,123.34,295.84,14.72,24.83,19.57,1.436,4.06,37.7,21.7,0.417,1.687,agricultural_burning
7,7,1,0,43.3,40.87,8.61,28.16,12.82,0.286,6.88,21.2,71.7,1.06,3.271,unknown
8,1,3,0,73.39,109.62,9.58,25.94,19.89,0.863,1.44,20.8,42.4,0.67,2.708,seasonal_inversion
10,1,1,0,107.22,170.8,10.68,39.32,28.13,1.179,1.14,20.8,98.0,0.628,3.681,seasonal_inversion
6,4,6,1,30.31,44.53,4.88,30.51,11.08,0.58,6.05,25.6,49.0,0.681,6.256,unknown
8,2,2,0,117.19,137.28,12.31,18.98,12.18,0.637,1.07,19.3,79.1,0.854,1.542,seasonal_inversion
13,8,1,0,19.42,34.74,10.09,38.49,21.74,0.363,3.29,20.9,56.3,0.559,3.813,unknown
3,10,4,0,142.77,164.07,39.35,66.13,53.22,0.934,2.35,27.2,93.1,0.87,1.681,industrial
0,9,0,0,34.18,49.44,5.43,1.07,-0.1,0.301,2.75,42.3,59.3,0.691,0.197,unknown
16,4,0,0,165.74,296.01,0.78,28.07,12.5,1.978,2.36,38.7,39.6,0.56,36.055,agricultural_burning
12,11,0,0,102.31,229.79,9.92,25.38,10.03,1.433,3.57,29.5,55.2,0.445,2.557,agricultural_burning
10,2,0,0,61.43,91.01,11.66,37.89,29.17,0.673,0.56,12.9,77.5,0.675,3.251,seasonal_inversion
5,3,2,0,60.74,90.31,11.52,21.01,11.55,0.637,1.66,31.4,59.6,0.673,1.824,unknown
18,10,1,0,157.28,231.06,10.65,19.8,8.9,0.859,4.12,37.1,15.0,0.681,1.858,agricultural_burning
19,2,3,0,67.03,102.5,10.68,115.28,63.56,0.925,2.81,35.4,43.0,0.654,10.792,vehicular
0,3,1,0,207.91,239.49,63.48,37.88,31.92,0.476,1.36,25.7,39.8,0.868,0.597,industrial
15,12,0,0,88.05,138.38,7.86,9.79,1.41,1.678,3.88,36.3,22.9,0.636,1.247,agricultural_burning
18,3,0,0,182.05,344.03,8.31,11.17,6.64,1.727,3.44,40.6,45.3,0.529,1.343,agricultural_burning
8,9,4,0,32.19,84.32,2.71,148.37,90.4,2.087,2.85,33.4,21.0,0.382,54.847,vehicular
6,12,0,0,21.76,35.57,6.99,39.11,24.36,0.284,7.85,28.6,43.7,0.612,5.592,unknown
0,9,2,0,181.53,255.77,74.37,30.4,15.47,0.564,1.32,35.6,59.9,0.71,0.409,industrial
4,7,3,0,59.35,107.05,1.5,7.49,4.12,0.569,3.16,33.9,75.6,0.554,5.004,unknown
23,6,5,1,124.19,141.99,69.33,59.45,32.98,0.548,1.0,23.6,60.5,0.875,0.857,industrial
11,12,2,0,124.84,260.83,3.99,4.06,2.81,0.91,2.56,34.1,57.3,0.479,1.019,agricultural_burning
6,8,3,0,192.94,246.12,75.73,62.21,42.65,0.727,3.92,24.5,45.1,0.784,0.821,industrial
10,5,0,0,86.04,137.79,7.09,64.4,21.92,3.678,0.72,29.0,48.7,0.624,9.09,vehicular
5,12,1,0,110.84,193.62,17.03,29.02,28.85,1.377,0.39,26.4,64.2,0.572,1.704,seasonal_inversion
22,12,1,0,234.98,233.4,87.61,50.57,29.56,0.443,3.58,31.4,69.0,1.007,0.577,industrial
7,11,2,0,89.88,109.12,6.19,32.71,13.78,0.628,0.36,20.5,74.4,0.824,5.284,seasonal_inversion
20,2,2,0,31.05,32.79,8.57,94.2,52.11,1.728,2.08,21.2,58.4,0.947,10.995,vehicular
6,3,1,0,190.86,176.93,73.04,53.38,33.62,0.95,3.63,29.9,43.3,1.079,0.731,industrial
6,1,3,0,99.82,123.63,14.69,25.57,16.03,0.472,0.94,14.4,81.1,0.807,1.741,seasonal_inversion
9,4,1,0,57.84,73.92,10.67,24.25,8.75,0.629,5.87,31.5,28.4,0.782,2.273,unknown
9,11,6,1,84.29,143.65,12.22,24.68,13.29,0.724,0.31,16.9,98.0,0.587,2.019,seasonal_inversion
1,1,0,0,43.05,36.84,2.74,1.43,0.42,0.653,7.55,37.0,70.3,1.168,0.521,unknown
13,7,3,0,45.06,60.65,8.93,-5.32,-4.73,0.29,2.07,33.8,92.7,0.743,-0.595,unknown
1,7,6,1,140.09,182.7,86.71,41.14,15.88,0.673,2.83,29.2,79.8,0.767,0.474,industrial
8,2,4,0,78.19,122.89,7.28,27.86,21.35,0.85,0.07,15.0,69.6,0.636,3.827,seasonal_inversion
7,11,6,1,141.95,177.91,5.46,28.38,19.24,0.496,0.69,16.4,98.0,0.798,5.198,seasonal_inversion
9,1,6,1,40.81,53.96,9.01,14.7,9.44,0.967,2.46,34.1,54.5,0.756,1.633,unknown
4,4,2,0,128.47,157.27,74.83,55.17,37.35,1.048,3.63,28.5,63.4,0.817,0.737,industrial
2,6,3,0,178.69,195.45,64.81,60.97,34.75,0.302,1.93,30.2,30.3,0.914,0.941,industrial
8,12,0,0,89.83,126.44,23.14,32.03,20.76,0.547,0.56,13.7,77.0,0.71,1.384,seasonal_inversion
13,6,6,1,53.55,83.98,7.98,1.12,0.47,0.693,6.41,27.3,63.3,0.638,0.141,unknown
8,3,2,0,107.14,246.81,6.09,101.35,72.68,2.58,1.86,28.4,38.3,0.434,16.634,vehicular
7,1,3,0,50.05,59.37,5.84,28.44,19.7,0.885,1.41,21.9,77.7,0.843,4.872,seasonal_inversion
16,11,6,1,228.26,395.31,4.7,5.66,1.7,1.624,4.6,33.1,36.7,0.577,1.206,agricultural_burning
7,2,6,1,96.02,113.87,16.88,23.05,14.45,1.003,0.77,19.8,69.4,0.843,1.366,seasonal_inversion
15,12,4,0,127.83,331.8,8.81,12.18,5.55,1.158,3.23,27.5,53.8,0.385,1.382,agricultural_burning
8,8,2,0,86.41,167.12,8.18,99.0,64.34,2.486,0.64,29.2,42.1,0.517,12.105,vehicular
12,11,5,1,115.07,224.26,5.44,24.71,9.89,2.002,4.38,39.6,68.4,0.513,4.541,agricultural_burning
5,1,2,0,109.12,154.17,14.88,38.48,18.57,0.948,1.27,11.9,62.6,0.708,2.585,seasonal_inversion
5,11,6,1,103.25,137.49,18.49,21.42,16.66,0.758,0.44,27.2,71.5,0.751,1.158,seasonal_inversion
10,1,0,0,60.6,91.05,4.6,70.8,41.78,0.68,1.58,25.1,60.0,0.666,15.396,vehicular
16,12,6,1,211.14,282.06,8.6,33.23,20.7,1.178,3.6,25.1,41.8,0.749,3.864,agricultural_burning
14,10,5,1,93.82,245.59,9.4,25.43,16.29,1.99,4.04,31.2,65.5,0.382,2.706,agricultural_burning
10,11,1,0,92.09,195.59,10.43,9.94,7.79,0.556,3.34,27.1,39.9,0.471,0.954,agricultural_burning
20,1,3,0,68.19,135.03,4.49,96.42,55.43,3.66,1.87,33.5,57.2,0.505,21.481,vehicular
6,9,5,1,136.59,176.64,84.48,16.96,4.86,0.544,3.52,31.2,55.4,0.773,0.201,industrial
7,2,6,1,94.83,146.58,10.38,37.23,31.25,0.96,0.02,15.2,69.0,0.647,3.586,seasonal_inversion
0,12,2,0,161.98,129.22,53.74,29.46,15.73,1.107,0.81,33.4,75.7,1.253,0.548,industrial
4,1,6,1,151.01,241.54,38.91,44.06,18.23,1.057,2.19,26.0,62.7,0.625,1.132,industrial
17,10,0,0,149.73,247.45,9.71,23.01,18.68,2.364,4.26,31.8,19.7,0.605,2.37,agricultural_burning
12,10,6,1,216.79,397.42,11.35,16.04,8.11,2.155,4.53,34.5,55.2,0.545,1.413,agricultural_burning
9,11,3,0,139.25,265.32,13.15,20.35,10.51,2.383,2.78,23.7,55.4,0.525,1.548,agricultural_burning
23,9,4,0,163.18,230.3,57.72,48.95,39.69,1.041,2.81,27.3,54.0,0.709,0.848,industrial
8,2,1,0,102.29,150.75,21.5,23.02,17.51,0.675,1.04,12.1,72.9,0.678,1.071,seasonal_inversion
16,3,3,0,105.58,278.62,14.04,30.38,14.79,2.188,4.81,26.4,38.7,0.379,2.165,agricultural_burning
5,11,4,0,84.97,124.99,10.58,41.09,26.62,0.373,1.07,11.9,68.0,0.68,3.883,seasonal_inversion
8,12,4,0,48.79,43.94,20.02,33.67,27.09,0.926,0.99,22.5,91.6,1.11,1.682,seasonal_inversion
23,2,5,1,154.88,183.69,79.76,34.27,28.06,0.752,2.44,24.6,61.1,0.843,0.43,industrial
22,1,5,1,168.73,254.93,67.46,15.9,17.16,1.016,2.95,34.2,80.2,0.662,0.236,industrial
18,11,5,1,180.91,346.18,5.09,28.42,13.95,2.275,3.31,39.0,63.2,0.523,5.578,agricultural_burning
4,1,0,0,163.67,191.34,66.23,39.52,25.01,0.996,3.67,30.7,82.6,0.855,0.597,industrial
10,3,2,0,149.16,343.86,16.11,32.76,22.97,2.775,3.85,30.2,57.7,0.434,2.033,agricultural_burning
9,11,2,0,92.41,95.21,10.53,8.61,4.39,1.065,0.23,13.8,71.2,0.971,0.818,seasonal_inversion
5,9,0,0,138.54,130.01,65.39,40.93,36.31,0.542,2.96,26.8,84.7,1.066,0.626,industrial
13,7,1,0,12.28,20.82,1.47,36.2,26.96,0.54,5.73,32.7,78.5,0.59,24.667,unknown
19,12,1,0,75.61,93.14,1.77,133.7,79.04,1.941,1.83,37.6,59.5,0.812,75.563,vehicular
18,1,2,0,31.56,49.23,3.9,28.5,14.13,0.221,5.23,32.5,28.2,0.641,7.31,unknown
8,9,3,0,60.17,92.25,8.22,87.34,56.02,3.259,0.66,26.9,90.0,0.652,10.631,vehicular
17,11,6,1,201.74,279.41,5.72,6.13,4.38,1.696,3.8,29.1,63.5,0.722,1.073,agricultural_burning
3,9,3,0,65.21,68.77,12.1,25.49,10.03,0.277,4.94,37.1,41.4,0.948,2.106,unknown
16,4,6,1,101.64,254.08,-0.19,21.8,13.06,0.869,3.94,36.7,38.1,0.4,5.0,agricultural_burning
3,2,2,0,116.67,158.93,77.04,25.76,20.41,0.609,1.47,27.1,60.9,0.734,0.334,industrial
8,12,3,0,98.75,200.21,8.93,113.35,78.5,1.412,2.42,38.5,59.3,0.493,12.69,vehicular
12,4,6,1,86.6,135.84,16.24,19.65,13.11,1.703,3.83,30.6,36.3,0.638,1.21,agricultural_burning
18,11,2,0,175.47,248.01,4.11,18.25,7.51,1.398,4.91,36.9,45.3,0.708,4.444,agricultural_burning
11,4,4,0,38.79,44.42,17.64,30.01,18.87,0.259,1.85,30.3,27.0,0.873,1.701,unknown
5,12,0,0,78.29,80.93,10.93,35.17,31.41,1.139,1.31,20.6,74.6,0.967,3.217,seasonal_inversion
20,5,2,0,63.45,72.66,7.73,65.43,36.55,2.447,2.67,32.2,57.9,0.873,8.462,vehicular
3,1,6,1,118.63,156.34,103.94,41.74,35.04,1.234,1.79,32.0,92.0,0.759,0.402,industrial
2,2,0,0,191.56,254.02,72.13,23.31,13.42,1.021,1.04,29.4,70.4,0.754,0.323,industrial
7,12,2,0,106.94,216.22,5.04,99.73,43.99,2.573,2.99,32.4,65.6,0.495,19.793,vehicular
20,7,2,0,86.63,125.31,7.18,106.56,62.94,1.319,1.21,35.5,49.3,0.691,14.838,vehicular
14,3,4,0,260.46,384.46,4.58,37.84,18.5,2.425,1.47,36.8,65.5,0.677,8.269,agricultural_burning
19,5,3,0,68.6,67.26,5.02,12.02,7.77,0.933,5.46,28.8,33.5,1.02,2.395,unknown
22,7,4,0,18.61,41.93,10.16,10.01,7.89,0.519,5.3,34.3,66.8,0.444,0.986,unknown
6,2,2,0,78.76,136.33,6.55,35.76,25.43,1.623,0.92,15.3,56.1,0.578,5.458,seasonal_inversion
7,1,2,0,78.94,124.01,12.99,23.82,15.62,0.338,2.76,25.7,58.1,0.637,1.833,unknown
9,3,6,1,105.4,179.68,8.13,23.27,10.52,1.522,4.09,29.9,15.0,0.587,2.862,agricultural_burning
0,2,1,0,118.18,140.77,73.54,13.52,11.61,0.681,0.76,28.8,91.2,0.84,0.184,industrial
8,4,1,0,41.94,82.26,5.06,99.4,70.93,4.013,2.68,21.6,47.0,0.51,19.633,vehicular
7,1,2,0,40.29,81.27,8.47,79.5,40.56,2.791,2.69,23.1,35.7,0.496,9.389,vehicular
18,3,6,1,135.71,300.52,11.03,24.42,22.02,1.292,2.15,33.9,30.7,0.452,2.214,agricultural_burning
17,7,1,0,22.16,29.34,7.01,77.73,54.41,2.69,1.9,44.0,54.0,0.755,11.083,vehicular
20,12,3,0,71.61,88.89,7.05,124.15,77.76,3.307,1.54,24.5,59.6,0.806,17.606,vehicular
15,7,1,0,66.65,61.59,6.85,8.63,4.64,0.44,4.62,41.9,59.5,1.082,1.26,unknown
8,6,6,1,39.29,46.51,9.09,24.81,20.32,0.438,4.58,30.7,63.0,0.845,2.73,unknown
9,11,1,0,91.62,108.61,27.44,26.74,17.33,0.53,1.0,14.7,89.3,0.844,0.975,seasonal_inversion
18,1,2,0,84.48,188.3,10.53,65.78,36.74,1.82,2.82,22.3,56.8,0.449,6.246,vehicular
18,7,3,0,72.68,118.57,3.12,113.25,72.97,2.172,1.5,30.9,77.0,0.613,36.342,vehicular
16,3,5,1,87.88,181.86,8.16,24.26,7.46,1.44,2.49,25.1,43.9,0.483,2.974,agricultural_burning
4,7,4,0,47.65,51.32,4.29,8.03,4.46,0.568,1.31,39.2,66.5,0.928,1.871,unknown
17,12,1,0,159.91,251.18,4.01,20.74,5.81,1.874,1.85,28.3,51.2,0.637,5.173,agricultural_burning
10,10,1,0,191.22,297.78,14.1,0.97,0.74,3.078,1.14,33.6,27.4,0.642,0.069,agricultural_burning
5,12,1,0,163.77,216.94,94.34,33.14,16.85,0.67,1.95,29.7,57.0,0.755,0.351,industrial
23,10,0,0,67.49,80.46,13.28,-1.65,-2.46,0.452,1.73,36.7,53.9,0.839,-0.124,unknown
12,10,3,0,177.0,247.95,6.59,31.6,12.96,3.536,1.68,33.6,58.2,0.714,4.797,agricultural_burning
10,11,5,1,147.15,229.59,2.85,9.33,5.55,1.702,2.63,29.3,33.8,0.641,3.268,agricultural_burning
23,2,3,0,156.21,220.26,98.32,46.71,31.27,1.132,2.24,31.6,59.5,0.709,0.475,industrial
19,10,4,0,36.96,54.69,6.42,70.96,44.81,2.579,2.45,27.3,76.6,0.676,11.054,vehicular
0,8,3,0,163.17,208.73,131.25,40.19,32.1,1.017,1.67,28.5,60.1,0.782,0.306,industrial
18,11,3,0,89.31,137.32,7.73,89.69,59.58,2.511,1.62,32.0,63.7,0.65,11.601,vehicular
10,2,4,0,47.04,65.63,13.35,39.04,27.39,0.63,5.37,39.3,40.9,0.717,2.924,unknown
15,3,4,0,146.57,241.55,7.61,3.2,0.08,1.925,3.58,30.4,33.1,0.607,0.42,agricultural_burning
6,2,5,1,60.99,52.96,8.6,23.06,13.52,0.72,0.23,18.2,53.9,1.152,2.68,seasonal_inversion
10,11,5,1,94.64,135.4,17.01,15.8,4.22,0.499,0.7,13.0,79.0,0.699,0.929,seasonal_inversion
23,12,0,0,171.43,238.47,53.1,47.63,32.06,0.873,3.36,22.6,95.9,0.719,0.897,industrial
18,8,2,0,55.05,72.74,10.93,80.66,45.51,3.269,1.53,35.6,49.0,0.757,7.382,vehicular
5,2,6,1,167.85,194.92,77.69,11.26,11.9,0.5,3.91,26.2,54.8,0.861,0.145,industrial
9,1,1,0,73.45,160.56,6.46,75.52,48.58,4.165,1.49,39.8,66.5,0.457,11.693,vehicular
10,4,3,0,57.04,112.64,1.6,112.22,69.12,2.729,1.98,12.6,68.6,0.506,70.174,vehicular
23,12,0,0,176.29,192.41,67.06,11.69,7.8,1.105,0.95,35.3,67.2,0.916,0.174,industrial
17,8,1,0,52.4,59.94,10.65,22.33,11.35,0.746,4.69,34.5,32.0,0.874,2.098,unknown
23,11,1,0,202.97,179.96,77.1,30.96,20.17,0.523,3.83,20.7,69.0,1.128,0.402,industrial
6,8,2,0,89.64,148.41,69.24,31.0,20.49,0.178,2.5,34.0,98.8,0.604,0.448,industrial
13,8,1,0,82.48,103.03,19.12,38.48,15.95,0.478,2.98,28.3,65.3,0.801,2.013,unknown
4,5,1,0,6.94,1.89,13.86,20.34,17.38,0.484,4.4,32.8,41.3,3.665,1.467,unknown
9,10,0,0,56.53,91.67,10.3,103.98,59.93,3.269,0.82,28.3,52.8,0.617,10.1,vehicular
16,6,0,0,65.96,120.73,9.23,23.19,9.9,0.199,5.16,31.9,55.4,0.546,2.513,unknown
2,12,1,0,29.44,33.73,8.89,1.97,3.68,0.469,3.25,19.3,92.3,0.873,0.222,unknown
19,4,6,1,48.78,70.4,10.12,15.04,10.97,0.454,1.7,30.9,72.7,0.693,1.486,unknown
6,2,1,0,104.65,139.52,14.23,21.64,6.85,0.686,1.35,12.2,86.1,0.75,1.521,seasonal_inversion
8,10,4,0,51.11,46.54,6.51,25.44,10.05,0.275,6.7,34.3,71.6,1.098,3.906,unknown
7,4,0,0,41.31,66.11,8.41,95.73,57.75,1.411,2.29,35.0,60.1,0.625,11.377,vehicular
5,1,6,1,71.14,97.67,3.97,37.37,22.7,0.194,0.14,20.7,77.4,0.728,9.413,seasonal_inversion
6,11,1,0,146.47,206.39,8.0,43.46,31.57,0.521,1.02,19.7,62.0,0.71,5.433,seasonal_inversion
18,12,4,0,136.48,208.2,0.4,19.27,9.92,1.469,3.1,27.5,60.0,0.656,48.509,agricultural_burning
10,11,1,0,91.47,117.6,5.6,41.73,33.92,0.608,0.49,13.5,94.2,0.778,7.453,seasonal_inversion
9,1,0,0,116.03,212.79,6.3,130.58,72.53,1.762,1.88,37.1,53.7,0.545,20.735,vehicular
8,2,6,1,49.56,77.0,7.83,10.55,4.57,0.824,0.91,22.9,91.7,0.644,1.347,seasonal_inversion
4,9,5,1,104.57,138.63,63.63,36.58,29.36,0.897,1.08,35.2,78.4,0.754,0.575,industrial
23,1,4,0,56.33,102.81,16.95,-1.63,-3.82,0.348,3.67,28.4,76.3,0.548,-0.096,unknown
2,5,3,0,128.06,140.09,107.95,14.53,13.57,1.316,1.86,33.1,52.6,0.914,0.135,industrial
8,6,1,0,37.85,62.65,6.16,45.48,31.3,3.245,1.98,35.6,47.3,0.604,7.38,vehicular
17,9,1,0,55.03,89.57,16.77,13.63,9.57,0.802,3.78,12.6,47.6,0.614,0.812,unknown
9,3,5,1,45.52,59.12,11.05,47.52,26.04,0.202,7.0,36.1,51.2,0.77,4.302,unknown
9,1,1,0,98.33,151.56,12.46,53.9,34.95,0.613,0.79,18.9,73.0,0.649,4.325,seasonal_inversion
5,2,3,0,103.99,136.29,7.66,19.52,7.37,0.534,0.45,11.3,61.9,0.763,2.549,seasonal_inversion
17,1,4,0,71.92,122.71,1.89,67.5,38.19,2.754,1.72,36.0,63.7,0.586,35.758,vehicular
11,12,2,0,171.02,292.6,4.72,12.65,8.85,1.253,4.93,26.5,57.1,0.584,2.678,agricultural_burning
1,10,2,0,125.43,196.57,109.8,40.24,26.66,1.315,1.64,28.2,71.3,0.638,0.366,industrial
17,5,0,0,103.33,182.92,6.0,85.19,54.49,2.149,2.45,35.0,64.4,0.565,14.197,vehicular
5,3,5,1,179.6,274.6,43.45,30.79,25.65,0.863,0.56,23.0,45.2,0.654,0.709,industrial
22,10,4,0,200.31,277.79,52.64,31.46,28.7,0.554,1.23,35.5,50.5,0.721,0.598,industrial
10,12,3,0,107.63,160.25,8.92,34.22,22.5,0.673,0.86,20.8,81.5,0.672,3.838,seasonal_inversion
12,3,1,0,105.23,205.39,13.13,16.02,8.0,1.228,1.77,22.5,48.4,0.512,1.22,agricultural_burning
18,10,5,1,119.43,279.13,9.64,14.98,11.84,0.976,4.56,25.6,38.3,0.428,1.553,agricultural_burning
6,1,4,0,124.69,153.15,19.94,27.83,21.66,0.982,0.67,19.4,69.9,0.814,1.396,seasonal_inversion
10,11,2,0,91.46,171.79,7.91,96.64,58.69,1.522,1.03,30.2,62.8,0.532,12.217,vehicular
5,3,3,0,111.74,159.85,51.51,49.99,34.95,0.613,3.85,36.5,48.9,0.699,0.971,industrial
17,10,3,0,37.18,42.98,6.5,32.95,26.37,0.575,4.03,43.3,70.7,0.865,5.067,unknown
23,9,3,0,155.82,142.32,87.22,53.56,44.24,0.331,3.76,28.4,92.6,1.095,0.614,industrial
8,11,1,0,119.63,177.1,13.26,29.43,18.68,1.028,0.24,25.1,89.6,0.676,2.219,seasonal_inversion
10,10,2,0,105.45,175.23,6.66,24.75,17.46,2.551,0.92,34.6,51.3,0.602,3.717,vehicular
11,11,5,1,170.77,319.73,9.85,25.12,18.86,3.249,4.11,39.9,24.9,0.534,2.551,agricultural_burning
5,12,3,0,111.98,133.57,58.49,16.35,11.25,0.983,1.03,30.3,93.0,0.838,0.28,industrial
10,1,1,0,82.66,148.17,2.68,122.68,65.24,3.318,2.88,29.7,59.4,0.558,45.821,vehicular
1,12,2,0,53.63,54.18,9.06,29.52,19.79,0.504,8.0,29.7,70.9,0.99,3.258,unknown
18,12,5,1,143.02,336.13,8.6,23.32,14.7,1.862,4.16,32.4,34.9,0.425,2.712,agricultural_burning
14,6,0,0,28.64,26.23,10.36,24.34,14.54,0.425,5.19,30.5,74.8,1.092,2.351,unknown
20,11,4,0,91.06,161.14,6.77,120.6,74.81,2.86,1.92,23.6,56.0,0.565,17.809,vehicular
7,11,0,0,84.48,128.91,3.69,59.63,39.14,1.527,1.38,27.8,50.8,0.655,16.155,vehicular
9,11,5,1,138.77,189.94,8.2,24.89,22.71,0.933,0.7,11.5,75.9,0.731,3.036,seasonal_inversion
14,12,6,1,69.03,176.7,10.72,19.21,9.14,1.985,4.51,39.7,46.1,0.391,1.793,agricultural_burning
7,3,3,0,95.47,134.92,8.56,83.9,66.43,3.42,2.52,28.4,47.3,0.708,9.798,vehicular
17,11,1,0,224.1,334.39,1.03,13.36,6.55,2.187,2.87,31.8,32.4,0.67,12.919,agricultural_burning
10,1,6,1,66.77,78.4,16.53,40.55,20.86,1.205,1.46,24.6,84.9,0.852,2.452,seasonal_inversion
2,10,6,1,183.97,166.11,59.25,41.81,24.63,0.376,1.72,38.1,66.8,1.108,0.706,industrial
12,10,5,1,219.41,302.19,8.21,14.38,7.36,2.303,2.05,41.6,21.2,0.726,1.751,agricultural_burning
15,3,0,0,119.61,272.38,5.59,21.39,10.54,1.301,4.06,33.9,53.1,0.439,3.828,agricultural_burning
15,10,1,0,113.95,266.39,8.19,31.04,18.6,2.818,4.07,31.9,36.2,0.428,3.792,agricultural_burning
20,5,2,0,36.61,45.55,8.14,26.42,10.05,0.384,1.47,46.3,79.4,0.804,3.244,unknown
9,12,1,0,58.6,93.82,14.09,73.28,52.7,3.45,2.89,38.3,56.3,0.625,5.2,vehicular
6,1,6,1,79.13,117.58,2.12,20.01,10.47,0.996,1.19,20.3,73.7,0.673,9.459,seasonal_inversion
6,12,2,0,228.99,250.82,85.63,44.95,26.62,0.997,2.08,20.5,65.1,0.913,0.525,industrial
5,12,5,1,125.96,152.19,80.87,44.13,28.32,0.419,3.45,22.7,69.9,0.828,0.546,industrial
10,11,6,1,42.78,78.76,5.48,3.09,-1.94,0.091,4.23,21.7,41.4,0.543,0.564,unknown
5,11,5,1,113.71,205.06,9.68,30.69,21.74,1.221,0.75,27.7,68.9,0.555,3.171,seasonal_inversion
20,3,1,0,69.85,109.82,4.04,165.4,87.03,2.495,0.64,23.4,63.4,0.636,40.949,vehicular
3,4,5,1,32.38,62.03,4.48,23.0,20.77,0.833,3.6,37.1,87.3,0.522,5.137,unknown
7,1,2,0,54.2,65.24,8.01,68.17,28.81,3.266,2.5,26.8,41.5,0.831,8.507,vehicular
17,10,2,0,78.73,132.38,10.11,81.91,47.71,1.646,1.19,30.6,34.3,0.595,8.098,vehicular
23,2,1,0,115.98,129.92,62.85,33.47,15.52,1.063,2.81,29.5,66.3,0.893,0.533,industrial
1,6,4,0,178.73,226.55,91.65,21.58,17.12,0.742,2.64,22.7,85.0,0.789,0.235,industrial
22,12,1,0,42.73,76.7,2.4,10.29,9.2,0.534,1.33,30.6,66.0,0.557,4.288,unknown
8,6,2,0,75.46,146.81,7.81,113.93,62.44,2.474,1.77,24.4,53.8,0.514,14.589,vehicular
14,5,0,0,59.06,111.53,6.21,4.01,2.96,0.696,5.42,30.9,98.0,0.53,0.645,unknown
14,10,4,0,113.54,203.32,10.26,31.83,16.84,2.714,3.7,31.6,28.1,0.558,3.103,agricultural_burning
2,9,2,0,77.26,100.91,96.98,15.25,14.03,0.881,2.89,29.2,58.9,0.766,0.157,industrial
17,12,2,0,129.34,229.94,7.36,10.31,4.64,2.249,1.22,32.4,24.4,0.563,1.401,agricultural_burning
4,3,3,0,162.03,247.8,38.71,57.3,44.21,0.417,3.03,27.6,68.1,0.654,1.48,industrial
23,7,5,1,89.94,114.03,67.23,38.85,30.2,0.67,1.46,22.8,42.1,0.789,0.578,industrial
21,5,4,0,33.59,67.24,7.07,6.94,4.51,0.855,2.86,33.1,38.3,0.5,0.982,unknown
8,6,2,0,121.59,168.22,3.11,99.47,71.06,2.781,2.21,29.3,64.8,0.723,31.995,vehicular
7,6,4,0,46.68,66.04,-1.91,19.45,13.87,0.308,7.25,29.3,64.6,0.707,5.0,unknown
23,7,1,0,121.99,124.38,61.43,31.95,24.48,0.99,0.65,31.6,47.1,0.981,0.52,industrial
10,11,2,0,208.69,329.46,8.39,23.75,9.63,1.37,4.74,32.8,51.6,0.633,2.832,agricultural_burning
15,10,6,1,126.32,307.9,4.49,40.38,27.96,2.164,4.62,39.3,44.5,0.41,9.001,agricultural_burning
8,9,3,0,38.4,91.38,3.29,61.33,46.09,1.887,2.34,24.6,61.9,0.42,18.632,vehicular
17,3,2,0,100.16,219.2,8.49,25.22,12.74,1.565,1.46,34.6,24.3,0.457,2.972,agricultural_burning
5,2,4,0,135.51,215.35,9.94,23.25,16.75,0.491,0.33,22.1,62.3,0.629,2.339,seasonal_inversion
4,8,4,0,160.04,232.54,77.95,17.47,12.22,1.373,0.71,29.0,64.4,0.688,0.224,industrial
6,3,5,1,142.32,179.56,77.84,30.01,21.32,0.413,3.3,34.6,33.0,0.793,0.386,industrial
6,7,4,0,189.06,265.74,86.08,42.69,23.6,1.734,2.94,22.1,53.5,0.711,0.496,industrial
17,10,1,0,26.07,45.16,16.46,19.73,16.51,0.618,7.93,34.7,58.8,0.577,1.198,unknown
17,11,0,0,115.48,192.7,11.36,31.81,12.96,1.505,4.46,40.8,42.8,0.599,2.801,agricultural_burning
7,1,0,0,64.33,113.93,17.37,29.93,16.93,0.227,0.42,16.3,59.9,0.565,1.723,seasonal_inversion
10,4,1,0,66.95,93.66,10.89,65.47,35.5,3.816,0.71,29.8,56.9,0.715,6.01,vehicular
6,9,3,0,118.55,159.55,50.78,65.87,40.97,1.232,3.93,25.7,80.5,0.743,1.297,industrial
1,12,0,0,115.06,179.53,73.01,51.63,33.74,1.209,2.15,44.5,75.0,0.641,0.707,industrial
19,11,3,0,69.44,123.59,8.96,70.21,28.58,1.101,2.15,30.2,45.0,0.562,7.832,vehicular
4,3,4,0,168.0,177.37,71.18,40.01,24.65,0.651,2.43,28.9,60.5,0.947,0.562,industrial
16,3,0,0,132.85,254.61,14.26,6.81,2.99,2.209,2.86,35.2,40.7,0.522,0.478,agricultural_burning
18,8,1,0,97.81,181.54,5.07,69.64,47.95,4.178,1.8,23.1,77.5,0.539,13.732,vehicular
18,2,1,0,38.29,43.03,7.44,18.41,9.95,0.524,1.04,44.8,76.6,0.89,2.476,unknown
20,10,0,0,91.82,140.83,8.53,118.49,70.01,1.857,1.63,33.5,60.1,0.652,13.889,vehicular
10,11,6,1,136.27,228.23,10.96,42.17,30.99,1.233,1.03,12.2,65.0,0.597,3.846,seasonal_inversion
5,1,6,1,96.6,157.34,23.4,34.8,24.67,0.949,0.67,20.2,73.1,0.614,1.487,seasonal_inversion
3,2,3,0,184.06,265.21,53.87,62.88,49.91,0.438,3.99,22.1,52.9,0.694,1.167,industrial
17,5,3,0,44.01,50.8,4.58,22.83,9.85,0.618,4.58,32.2,29.5,0.866,4.982,unknown
22,11,4,0,163.71,216.61,72.48,34.6,25.13,0.807,1.1,25.6,27.9,0.756,0.477,industrial
16,3,6,1,209.31,327.27,3.61,25.06,10.85,1.323,4.5,29.9,44.4,0.64,6.94,agricultural_burning
12,12,1,0,175.9,316.74,7.97,17.38,11.5,1.654,3.51,33.2,36.9,0.555,2.181,agricultural_burning
10,6,0,0,88.92,138.1,4.23,112.37,63.66,2.167,1.99,30.2,57.1,0.644,26.581,vehicular
23,7,3,0,137.42,155.96,112.49,37.05,17.99,0.864,3.17,23.2,58.5,0.881,0.329,industrial
8,5,3,0,97.43,117.19,5.05,111.36,76.84,3.16,0.69,40.6,35.8,0.831,22.032,vehicular
0,4,4,0,177.05,210.45,42.67,29.98,18.88,0.923,1.7,34.2,67.1,0.841,0.703,industrial
18,4,1,0,66.27,119.11,10.36,142.53,82.25,2.456,1.71,32.9,50.8,0.556,13.752,vehicular
20,5,1,0,52.04,86.55,8.95,74.89,45.94,1.574,2.48,33.0,31.4,0.601,8.365,vehicular
14,10,1,0,165.85,317.29,7.73,20.81,14.47,1.327,1.31,23.3,49.1,0.523,2.692,agricultural_burning
17,11,4,0,111.49,225.94,2.32,13.07,4.7,2.157,1.73,35.5,39.5,0.493,5.628,agricultural_burning
22,11,5,1,50.01,76.19,9.4,44.25,31.98,0.185,5.71,23.8,87.9,0.656,4.706,unknown
0,8,0,0,145.95,201.49,76.14,39.58,31.22,0.689,3.75,22.7,70.8,0.724,0.52,industrial
9,1,4,0,105.57,125.27,10.9,34.09,19.3,0.877,0.73,18.2,73.2,0.843,3.127,seasonal_inversion
16,11,1,0,161.87,286.57,8.48,26.08,17.8,1.937,1.34,37.2,56.1,0.565,3.074,agricultural_burning
0,9,0,0,133.3,148.08,51.88,31.23,18.36,1.29,2.98,27.6,73.1,0.9,0.602,industrial
16,4,6,1,209.46,418.05,8.77,25.67,11.83,0.985,1.96,32.2,60.6,0.501,2.929,agricultural_burning
21,6,4,0,25.13,46.05,4.11,13.27,6.47,0.406,2.71,29.4,78.1,0.546,3.231,unknown
6,11,0,0,152.42,194.99,71.54,61.98,32.1,0.819,2.81,31.7,67.3,0.782,0.866,industrial
16,9,4,0,51.03,59.11,5.26,5.84,3.44,0.786,2.61,38.7,50.6,0.863,1.11,unknown
7,12,0,0,99.16,153.57,13.49,42.82,21.44,0.877,0.19,15.2,75.9,0.646,3.174,seasonal_inversion
1,12,5,1,150.2,156.82,100.11,46.55,35.38,0.76,1.06,21.0,43.8,0.958,0.465,industrial
11,12,6,1,235.9,395.47,1.73,8.35,8.42,1.362,4.33,36.0,47.8,0.596,4.82,agricultural_burning
22,11,2,0,11.82,5.82,3.36,4.56,-1.9,0.64,6.53,27.1,63.8,2.029,1.356,unknown
19,5,2,0,84.8,119.44,8.54,81.85,51.77,3.893,1.6,27.3,39.9,0.71,9.589,vehicular
7,7,1,0,34.74,62.53,2.42,30.63,18.86,0.429,7.79,27.1,57.7,0.556,12.682,unknown
13,3,3,0,164.99,311.7,4.7,12.73,6.33,1.093,4.19,27.2,52.4,0.529,2.708,agricultural_burning
8,1,3,0,72.55,130.0,4.68,64.83,46.79,2.862,2.77,22.9,77.1,0.558,13.86,vehicular
11,4,1,0,158.5,145.99,9.41,18.51,11.24,1.07,1.04,29.5,58.8,1.086,1.967,agricultural_burning
6,10,0,0,145.03,190.92,64.72,22.41,10.03,0.814,0.8,26.8,78.4,0.76,0.346,industrial
7,6,3,0,86.59,92.16,6.2,114.48,78.79,2.291,2.95,22.6,59.6,0.94,18.466,vehicular
15,11,5,1,57.93,124.02,1.08,9.36,6.05,0.729,1.73,17.3,73.4,0.467,8.655,unknown
10,2,2,0,101.62,163.19,7.4,20.28,12.23,1.278,1.2,14.8,54.7,0.623,2.738,seasonal_inversion
5,2,4,0,180.98,238.45,114.93,35.16,25.43,0.727,1.46,18.0,73.1,0.759,0.306,industrial
5,6,1,0,208.32,288.23,117.96,51.48,30.38,0.67,2.85,34.7,52.6,0.723,0.436,industrial
11,3,5,1,113.67,278.74,6.27,29.19,15.01,1.724,1.27,30.3,61.6,0.408,4.657,agricultural_burning
22,11,2,0,118.52,118.12,80.89,36.17,21.52,0.857,1.05,29.0,38.3,1.003,0.447,industrial
10,8,2,0,97.72,152.06,6.56,98.93,54.02,1.533,2.68,24.9,34.9,0.643,15.089,vehicular
18,12,2,0,51.98,98.09,7.97,94.61,71.78,4.645,2.18,34.0,80.7,0.53,11.873,vehicular
7,5,2,0,92.75,183.28,8.15,69.82,40.07,1.439,1.25,39.6,54.0,0.506,8.57,vehicular
11,12,5,1,176.88,261.46,7.02,24.08,19.35,0.969,2.67,45.3,54.3,0.677,3.432,agricultural_burning
10,1,2,0,51.76,88.29,8.64,25.74,17.06,0.865,4.51,20.9,79.0,0.586,2.981,unknown
0,9,5,1,23.45,22.64,12.54,28.88,13.79,0.443,6.42,34.6,38.0,1.036,2.302,unknown
7,9,3,0,72.55,147.42,1.22,91.18,46.98,1.467,1.05,37.5,29.6,0.492,74.64,vehicular
9,1,4,0,110.92,124.48,16.62,37.36,21.76,1.241,0.22,18.6,96.3,0.891,2.248,seasonal_inversion
10,3,3,0,140.35,287.74,13.85,17.67,13.31,1.992,1.91,32.0,24.7,0.488,1.276,agricultural_burning
8,1,0,0,109.58,152.76,13.25,35.45,30.01,0.77,0.22,21.6,59.4,0.717,2.677,seasonal_inversion
23,1,5,1,217.35,289.43,71.33,57.96,34.63,0.506,0.91,30.7,68.3,0.751,0.813,industrial
15,3,6,1,98.56,202.99,10.84,-7.28,-1.59,2.053,1.77,24.2,19.1,0.486,-0.672,agricultural_burning
5,2,2,0,38.8,37.78,4.26,15.36,8.69,0.623,1.22,34.0,49.1,1.027,3.604,unknown
20,6,0,0,63.23,112.34,7.69,79.43,56.03,2.082,1.31,26.4,67.0,0.563,10.329,vehicular
17,3,2,0,103.52,220.12,4.55,76.98,51.18,3.389,2.06,28.3,63.4,0.47,16.928,vehicular
1,5,5,1,176.56,231.66,63.29,63.68,45.83,1.045,2.04,29.8,83.5,0.762,1.006,industrial
7,11,1,0,54.38,58.39,12.25,28.86,21.42,1.045,1.27,21.3,84.0,0.931,2.355,seasonal_inversion
22,3,3,0,30.33,66.88,9.06,16.09,6.01,0.405,4.46,29.1,49.8,0.454,1.777,unknown
18,10,3,0,134.28,307.48,17.85,7.22,1.47,2.475,2.89,35.9,36.4,0.437,0.405,agricultural_burning
1,3,2,0,128.47,159.42,86.48,22.4,13.57,1.076,3.44,32.1,47.6,0.806,0.259,industrial
21,7,4,0,61.61,100.72,0.9,33.92,16.24,0.434,4.93,33.0,56.7,0.612,37.818,unknown
18,8,2,0,89.11,107.15,13.3,85.63,53.92,1.857,1.47,25.8,61.0,0.832,6.44,vehicular
0,4,3,0,41.29,65.41,12.43,15.52,8.08,0.677,5.36,29.3,52.9,0.631,1.248,unknown
10,8,2,0,63.56,103.21,13.31,33.37,23.78,0.4,7.85,20.1,83.6,0.616,2.508,unknown
5,10,3,0,48.33,78.05,3.17,36.77,22.92,0.44,4.95,21.4,64.5,0.619,11.591,unknown
4,12,3,0,153.0,206.78,80.34,40.76,26.3,0.74,0.96,27.2,63.9,0.74,0.507,industrial
16,12,1,0,84.82,213.75,5.92,22.15,10.61,1.775,2.15,38.2,47.2,0.397,3.738,agricultural_burning
0,6,2,0,177.24,277.75,54.15,45.21,28.05,1.025,3.17,20.6,57.4,0.638,0.835,industrial
8,1,2,0,66.66,88.57,10.27,41.61,29.45,0.741,0.74,15.4,62.7,0.753,4.049,seasonal_inversion
12,3,6,1,131.99,242.16,13.57,13.68,7.71,0.877,3.67,26.7,47.4,0.545,1.008,agricultural_burning
5,12,2,0,134.15,152.13,11.69,17.74,12.53,1.217,0.17,17.8,81.3,0.882,1.518,seasonal_inversion
20,11,4,0,65.16,113.4,2.78,77.75,53.57,1.696,2.98,24.9,60.0,0.575,27.917,vehicular
8,1,4,0,58.98,61.33,12.42,45.0,29.36,1.209,1.13,23.5,56.2,0.962,3.624,seasonal_inversion
15,4,1,0,167.73,262.42,12.57,29.54,15.0,1.587,2.2,30.6,73.7,0.639,2.35,agricultural_burning
2,5,1,0,170.51,189.54,80.1,42.7,34.73,0.89,1.54,24.6,78.5,0.9,0.533,industrial
3,5,6,1,113.88,168.08,78.69,38.92,28.52,1.625,1.65,29.9,60.2,0.678,0.495,industrial
6,12,3,0,101.26,134.94,-0.51,21.67,12.52,1.108,0.84,20.5,52.3,0.75,5.0,seasonal_inversion
18,3,1,0,70.39,112.15,9.77,28.2,19.26,0.327,6.17,37.0,67.8,0.628,2.886,unknown
20,11,1,0,72.56,127.17,6.81,114.46,59.04,3.612,2.69,35.2,44.0,0.571,16.804,vehicular
12,12,4,0,217.36,349.21,13.05,30.02,15.24,1.83,2.91,27.7,47.8,0.622,2.301,agricultural_burning
9,4,4,0,151.79,350.23,12.64,4.89,4.68,1.721,4.3,31.5,15.0,0.433,0.387,agricultural_burning
0,7,1,0,113.56,180.42,37.82,34.34,15.81,0.649,1.7,30.1,95.6,0.629,0.908,industrial
17,8,4,0,68.36,117.45,1.99,83.84,34.4,4.06,0.52,29.6,30.1,0.582,42.135,vehicular
11,12,0,0,64.8,78.34,13.2,20.0,12.28,0.56,7.82,33.2,29.5,0.827,1.515,unknown
3,5,3,0,151.43,209.23,114.2,49.32,33.86,0.92,2.77,33.1,79.1,0.724,0.432,industrial
14,10,0,0,186.28,285.24,5.95,16.79,8.93,1.706,4.54,28.2,19.0,0.653,2.823,agricultural_burning
0,12,3,0,82.72,85.34,124.54,63.36,47.79,0.653,2.89,32.1,61.7,0.969,0.509,industrial
2,11,4,0,10.8,27.22,6.48,20.23,12.18,0.365,1.09,27.3,59.7,0.397,3.121,unknown
21,2,5,1,24.87,30.12,7.4,22.73,11.88,0.639,4.78,31.7,70.1,0.826,3.072,unknown
5,6,3,0,192.06,272.44,38.79,38.13,32.71,0.806,0.86,27.8,74.6,0.705,0.983,industrial
17,3,3,0,103.73,221.87,12.34,14.82,7.7,0.872,4.47,37.8,15.0,0.468,1.201,agricultural_burning
16,9,3,0,15.52,25.81,5.5,15.79,10.2,0.476,2.8,18.2,50.5,0.601,2.874,unknown
10,8,6,1,39.07,47.29,9.49,10.25,4.19,0.418,2.09,46.7,92.1,0.826,1.08,unknown
10,12,1,0,175.94,246.89,14.98,31.48,23.33,0.516,1.18,30.9,47.5,0.713,2.101,agricultural_burning
8,11,4,0,103.44,141.11,9.17,26.22,16.5,1.155,0.4,19.2,69.2,0.733,2.86,seasonal_inversion
10,2,6,1,113.94,172.88,5.08,33.37,27.77,1.165,1.2,13.8,66.5,0.659,6.572,seasonal_inversion
2,2,2,0,171.89,215.83,64.9,34.6,19.46,0.43,1.16,37.8,81.0,0.796,0.533,industrial
18,10,0,0,167.59,227.07,10.25,16.5,10.12,3.0,2.72,29.5,37.4,0.738,1.61,agricultural_burning
9,9,2,0,71.62,108.46,10.49,114.15,64.0,0.73,2.64,24.3,68.7,0.66,10.878,vehicular
0,6,1,0,121.67,151.54,44.18,29.74,23.21,0.562,0.66,26.6,72.1,0.803,0.673,industrial
10,12,0,0,122.79,295.02,2.97,19.74,13.57,2.464,4.17,27.5,44.5,0.416,6.649,agricultural_burning
9,11,1,0,77.74,110.87,8.85,17.62,17.14,0.775,1.19,19.3,77.7,0.701,1.991,seasonal_inversion
19,11,6,1,28.92,48.34,6.32,26.69,9.94,0.401,5.6,24.9,61.5,0.598,4.224,unknown
8,12,4,0,141.3,215.17,17.73,16.24,14.19,1.046,1.01,19.2,62.1,0.657,0.916,seasonal_inversion
8,2,0,0,51.97,77.03,17.94,21.96,17.52,1.634,1.16,14.4,73.5,0.675,1.224,seasonal_inversion
6,1,0,0,35.79,31.18,6.85,1.18,3.0,0.409,6.43,28.6,55.9,1.148,0.172,unknown
8,2,1,0,54.57,103.28,14.04,25.79,11.1,0.674,0.91,19.4,64.6,0.528,1.837,seasonal_inversion
16,6,2,0,53.09,62.61,5.89,17.11,12.74,0.597,1.24,21.0,48.1,0.848,2.907,unknown
18,9,0,0,95.94,127.58,10.1,44.93,30.54,2.166,1.63,40.6,52.5,0.752,4.45,vehicular
10,6,0,0,75.56,122.05,8.15,76.6,56.01,2.338,2.9,30.0,57.7,0.619,9.399,vehicular
5,11,4,0,63.52,79.34,13.91,18.85,3.9,0.591,4.29,23.8,36.3,0.801,1.356,unknown
15,3,6,1,141.53,214.13,10.72,31.09,11.15,1.393,3.63,31.6,49.9,0.661,2.9,agricultural_burning
19,9,1,0,56.87,86.16,6.38,29.2,16.31,0.514,3.08,43.6,68.6,0.66,4.573,unknown
4,3,3,0,177.45,246.0,64.71,40.43,30.15,0.485,0.89,30.8,93.7,0.721,0.625,industrial
0,4,3,0,160.46,222.39,75.08,35.55,26.8,1.157,2.88,28.0,42.3,0.722,0.474,industrial
15,3,6,1,173.36,308.19,13.02,26.94,11.98,1.891,2.69,28.7,49.9,0.563,2.068,agricultural_burning
22,1,5,1,189.35,210.91,45.9,22.2,19.81,0.88,1.48,34.5,69.9,0.898,0.484,industrial
19,9,3,0,96.81,161.24,10.2,167.21,100.22,2.247,1.05,32.8,61.9,0.6,16.392,vehicular
7,2,1,0,105.88,149.76,8.11,11.76,7.17,0.717,0.97,20.7,83.4,0.707,1.45,seasonal_inversion
8,7,2,0,54.46,97.93,11.54,40.64,25.22,0.015,1.97,31.4,40.8,0.556,3.52,unknown
9,1,5,1,85.57,143.48,4.04,36.98,33.27,0.203,1.27,19.4,67.9,0.596,9.16,seasonal_inversion
22,3,5,1,128.46,146.14,87.73,33.9,21.67,0.998,2.06,32.9,40.3,0.879,0.386,industrial
22,6,4,0,53.09,58.77,8.72,8.6,5.55,0.297,1.99,29.9,42.7,0.903,0.986,unknown
11,10,1,0,24.36,55.11,8.1,21.68,19.73,0.395,2.23,29.8,69.0,0.442,2.675,unknown
10,1,1,0,88.73,142.6,22.05,21.1,12.74,1.038,0.9,22.3,78.7,0.622,0.957,seasonal_inversion
0,4,4,0,17.41,27.9,5.31,29.58,24.22,0.367,5.81,19.6,79.3,0.624,5.572,unknown
18,4,6,1,210.12,338.56,16.91,30.06,18.65,2.603,4.43,31.4,34.5,0.621,1.777,agricultural_burning
3,1,2,0,41.21,41.45,12.24,18.57,11.89,0.259,7.06,37.9,75.8,0.994,1.518,unknown
15,3,0,0,168.6,294.28,2.55,10.28,7.45,2.172,2.78,27.9,35.8,0.573,4.036,agricultural_burning
5,2,0,0,45.23,65.89,7.07,15.55,12.25,0.467,4.53,30.6,60.5,0.687,2.199,unknown
3,9,6,1,138.49,194.63,63.76,9.68,3.0,0.847,1.47,25.3,52.2,0.712,0.152,industrial
6,2,3,0,145.39,185.07,55.62,16.5,7.43,0.771,1.38,25.8,76.2,0.786,0.297,industrial
2,9,3,0,49.07,91.22,7.84,38.94,18.47,0.61,7.38,26.5,53.9,0.538,4.966,unknown
18,6,3,0,108.98,130.04,0.85,71.43,53.75,2.766,2.42,32.2,30.8,0.838,83.92,vehicular
22,12,6,1,27.06,47.0,2.78,24.49,17.34,0.527,7.88,18.6,58.8,0.576,8.802,unknown
18,4,5,1,50.31,81.28,9.18,14.27,6.7,0.574,4.42,28.4,51.9,0.619,1.555,unknown
16,4,2,0,54.91,53.44,8.88,2.58,1.57,0.386,3.86,26.3,88.6,1.028,0.291,unknown
5,12,4,0,170.81,176.34,94.12,5.47,1.89,1.0,3.77,30.3,63.4,0.969,0.058,industrial
13,12,6,1,174.67,257.71,4.52,14.21,5.54,1.785,1.3,34.0,39.5,0.678,3.145,agricultural_burning
13,3,6,1,102.24,169.3,10.24,3.06,-2.45,1.062,4.33,32.3,34.1,0.604,0.299,agricultural_burning
12,3,4,0,75.84,203.64,9.96,4.46,-0.39,1.739,3.93,27.8,40.1,0.372,0.447,agricultural_burning
5,12,2,0,122.91,170.52,33.71,35.65,21.63,0.597,1.81,35.5,94.0,0.721,1.058,industrial
2,7,4,0,168.58,223.75,50.43,31.39,21.62,0.623,3.75,18.5,75.3,0.753,0.622,industrial
17,6,5,1,44.83,68.64,11.07,42.61,23.61,0.613,7.59,33.3,84.2,0.653,3.851,unknown
1,4,0,0,69.24,93.37,6.27,13.07,7.27,0.683,5.11,32.4,39.4,0.742,2.086,unknown
17,3,1,0,81.3,185.56,12.38,23.7,15.88,0.505,3.76,31.8,52.3,0.438,1.914,agricultural_burning
22,4,3,0,47.12,45.77,3.79,25.46,11.48,0.552,1.63,26.0,35.4,1.029,6.714,unknown
7,8,4,0,41.82,47.58,3.46,97.08,46.78,2.355,0.88,21.4,53.9,0.879,28.029,vehicular
0,3,3,0,160.28,257.41,89.21,23.96,12.82,0.8,2.13,28.4,59.2,0.623,0.269,industrial
6,1,1,0,89.26,132.3,11.27,20.24,16.7,0.882,1.32,17.3,89.5,0.675,1.795,seasonal_inversion
16,12,6,1,199.67,289.71,10.51,11.68,5.88,0.374,3.07,47.5,51.3,0.689,1.111,agricultural_burning
7,1,2,0,88.72,141.25,12.49,36.12,25.12,0.074,3.15,27.3,22.8,0.628,2.892,unknown
11,10,0,0,78.66,205.64,11.78,1.16,0.77,1.691,3.67,29.0,53.1,0.383,0.098,agricultural_burning
8,7,0,0,88.1,163.31,3.85,94.17,57.55,1.767,1.44,23.8,81.0,0.539,24.476,vehicular
4,4,5,1,40.44,46.93,5.11,14.0,4.3,0.404,3.33,25.9,47.0,0.862,2.739,unknown
17,10,0,0,26.35,36.06,9.52,72.63,47.37,3.305,2.49,22.9,53.1,0.731,7.627,vehicular
18,10,2,0,187.76,273.99,3.21,30.07,19.61,1.0,4.91,31.5,33.3,0.685,9.361,agricultural_burning
4,11,1,0,3.7,9.78,17.08,6.77,-0.06,0.512,5.99,26.2,46.4,0.379,0.396,unknown
10,1,4,0,93.82,138.1,14.1,48.54,33.05,0.813,0.73,14.1,66.1,0.679,3.443,seasonal_inversion
23,9,1,0,209.33,279.43,117.59,55.59,29.93,1.152,3.61,31.2,37.5,0.749,0.473,industrial
10,2,1,0,70.38,97.0,6.71,67.09,50.66,3.5,1.01,28.5,28.8,0.726,9.993,vehicular
23,6,3,0,230.44,301.19,41.87,44.77,27.46,0.777,1.52,29.0,62.5,0.765,1.069,industrial
9,9,4,0,45.28,71.78,4.97,47.0,28.67,0.733,3.64,32.7,46.1,0.631,9.457,unknown
10,1,0,0,136.45,202.77,16.08,24.33,11.2,0.859,0.82,28.0,77.3,0.673,1.513,seasonal_inversion
4,2,0,0,171.37,199.23,89.25,25.63,19.69,0.511,1.51,27.7,75.5,0.86,0.287,industrial
9,6,1,0,96.24,145.05,5.36,92.97,69.76,3.513,0.62,32.1,53.4,0.664,17.352,vehicular
14,3,0,0,97.36,155.49,10.39,12.93,7.38,1.372,1.8,35.6,47.8,0.626,1.244,agricultural_burning
7,1,1,0,89.23,103.21,8.68,11.42,10.76,1.163,1.48,15.1,48.4,0.865,1.315,seasonal_inversion
20,5,4,0,93.76,147.71,5.5,111.4,67.87,3.186,2.46,33.3,54.3,0.635,20.242,vehicular
10,4,0,0,90.74,112.2,6.14,11.79,2.58,1.232,4.71,31.9,47.3,0.809,1.92,agricultural_burning
9,12,5,1,126.7,174.36,8.54,19.41,9.9,0.565,0.01,16.8,66.4,0.727,2.273,seasonal_inversion
9,1,4,0,88.48,120.85,4.55,106.91,79.1,2.368,2.95,35.2,27.7,0.732,23.486,vehicular
9,12,0,0,100.37,120.15,8.2,25.14,14.24,1.493,0.25,16.4,70.5,0.835,3.067,seasonal_inversion
9,11,1,0,74.33,133.19,5.8,133.21,79.64,2.074,0.61,30.0,73.9,0.558,22.98,vehicular
6,3,0,0,197.98,244.1,99.3,61.28,47.3,0.431,0.93,21.7,60.1,0.811,0.617,industrial
4,10,6,1,149.57,185.69,36.88,29.32,17.02,1.336,0.79,36.3,57.7,0.805,0.795,industrial
2,7,4,0,13.38,15.36,0.31,31.76,23.04,0.45,3.64,33.4,53.1,0.871,101.153,unknown
6,2,2,0,152.36,237.51,71.94,33.19,26.25,0.675,3.64,25.8,51.7,0.642,0.461,industrial
1,9,0,0,142.51,173.49,78.4,29.78,17.95,0.639,1.09,33.1,60.8,0.821,0.38,industrial
17,10,3,0,165.56,338.19,15.98,12.52,6.59,1.801,2.24,28.6,41.3,0.49,0.783,agricultural_burning
6,6,2,0,152.35,175.47,73.91,29.62,18.45,1.004,3.68,26.8,73.3,0.868,0.401,industrial
22,9,1,0,158.43,196.17,77.19,29.01,26.0,0.295,2.57,32.3,81.5,0.808,0.376,industrial
9,11,2,0,204.58,362.49,6.48,28.54,13.05,2.068,2.29,34.1,29.3,0.564,4.404,agricultural_burning
6,11,2,0,132.21,209.22,5.91,42.66,26.99,1.177,0.97,11.5,98.0,0.632,7.223,seasonal_inversion
14,12,1,0,91.87,265.29,9.62,13.64,8.23,0.804,3.56,35.1,15.0,0.346,1.418,agricultural_burning
7,1,6,1,55.84,79.81,4.59,23.24,12.3,0.113,5.24,32.4,65.4,0.7,5.058,unknown
17,3,4,0,80.76,153.36,4.6,101.05,66.96,2.85,1.52,35.5,59.3,0.527,21.957,vehicular
17,8,4,0,60.93,77.46,9.71,21.46,13.47,0.736,4.46,34.9,65.1,0.787,2.21,unknown
3,10,0,0,108.45,134.13,135.59,23.43,16.11,0.883,2.02,20.7,83.2,0.809,0.173,industrial
22,2,6,1,191.9,308.54,78.38,36.24,22.57,1.278,0.79,25.6,31.5,0.622,0.462,industrial
22,6,1,0,134.56,127.14,79.78,48.41,34.45,0.791,2.5,30.5,96.8,1.058,0.607,industrial
23,8,5,1,34.68,61.42,-0.07,26.88,17.74,0.231,1.04,36.6,54.6,0.565,5.0,unknown
20,10,3,0,77.59,153.59,1.53,81.28,55.78,1.771,0.78,21.7,90.0,0.505,53.102,vehicular
2,8,1,0,144.3,121.29,68.31,48.25,28.61,0.691,2.5,31.9,64.3,1.19,0.706,industrial
7,6,4,0,59.59,57.71,7.9,134.46,104.96,2.254,1.85,26.4,59.5,1.033,17.024,vehicular
4,12,5,1,62.99,71.19,-0.6,30.29,18.28,0.405,7.04,31.1,63.5,0.885,5.0,unknown
21,11,6,1,52.27,58.72,10.83,25.23,15.46,0.733,6.64,24.8,28.4,0.89,2.329,unknown
5,11,0,0,163.24,207.52,51.65,30.72,21.92,0.694,2.59,29.9,63.7,0.787,0.595,industrial
14,12,4,0,112.63,189.46,6.73,16.92,3.78,1.839,2.29,36.9,29.2,0.594,2.513,agricultural_burning
13,9,0,0,38.23,74.6,20.42,15.16,11.59,0.25,5.68,21.1,39.8,0.512,0.742,unknown
9,3,2,0,88.35,193.44,10.57,18.87,8.87,1.525,3.3,20.5,66.1,0.457,1.785,agricultural_burning
6,2,2,0,92.86,126.02,8.92,21.03,20.24,1.263,1.38,28.3,73.7,0.737,2.359,seasonal_inversion
7,11,4,0,112.05,189.75,16.67,20.59,12.59,1.325,0.71,10.1,78.8,0.59,1.235,seasonal_inversion
17,12,1,0,27.37,27.32,6.23,25.87,10.92,0.607,1.01,15.4,44.0,1.002,4.153,unknown
8,2,6,1,91.55,85.88,5.27,24.39,13.95,1.092,0.63,22.6,72.5,1.066,4.625,seasonal_inversion
1,7,5,1,62.98,89.47,11.66,21.76,15.26,0.038,3.46,30.6,49.5,0.704,1.865,unknown
12,12,5,1,140.41,239.64,6.34,20.42,7.26,2.18,3.08,36.1,27.3,0.586,3.22,agricultural_burning
13,3,5,1,147.98,339.45,4.69,24.19,15.09,2.94,3.91,29.3,23.5,0.436,5.156,agricultural_burning
10,6,3,0,55.48,122.77,4.56,59.03,41.41,3.782,2.36,35.0,63.0,0.452,12.953,vehicular
5,11,5,1,128.99,152.06,12.85,26.42,12.27,0.797,1.41,16.3,82.9,0.848,2.056,seasonal_inversion
21,1,3,0,32.05,41.35,4.85,20.46,6.88,0.672,3.62,19.0,34.0,0.775,4.218,unknown
13,5,0,0,55.12,73.86,2.16,16.24,10.08,0.747,5.01,19.3,21.1,0.746,7.532,unknown
19,11,3,0,10.61,-13.52,11.87,20.66,8.72,0.231,2.56,47.9,52.7,0.5,1.741,unknown
6,11,2,0,131.6,193.64,14.95,27.45,15.86,0.933,0.78,21.5,58.6,0.68,1.836,seasonal_inversion
12,12,4,0,135.73,269.66,20.98,22.42,8.66,1.087,3.09,33.4,48.5,0.503,1.068,agricultural_burning
10,2,2,0,92.21,129.09,9.09,19.54,8.97,0.349,0.45,17.2,63.7,0.714,2.149,seasonal_inversion
16,10,0,0,137.43,318.27,5.22,18.57,6.4,1.276,2.23,35.5,33.4,0.432,3.559,agricultural_burning
7,7,3,0,76.62,92.75,5.76,45.69,32.15,1.39,1.21,26.9,70.9,0.826,7.936,vehicular
17,1,2,0,70.54,120.76,10.83,130.29,80.21,2.405,1.15,20.9,58.0,0.584,12.025,vehicular
18,11,2,0,155.09,283.46,5.4,29.12,15.91,1.504,2.45,26.0,43.2,0.547,5.39,agricultural_burning
5,1,5,1,96.02,141.87,109.05,25.24,19.54,0.255,2.74,21.2,58.0,0.677,0.231,industrial
10,5,0,0,80.97,166.69,8.56,86.55,62.48,2.34,1.47,30.8,75.5,0.486,10.114,vehicular
5,11,6,1,126.09,199.44,24.21,40.14,24.49,0.676,0.25,20.8,81.1,0.632,1.658,seasonal_inversion
1,4,2,0,206.25,276.95,41.8,22.23,8.13,1.15,0.51,31.1,71.7,0.745,0.532,industrial
0,8,4,0,219.38,296.84,35.28,30.12,23.3,1.206,1.71,21.2,48.3,0.739,0.854,industrial
4,9,4,0,157.72,226.31,72.79,40.43,28.12,0.978,1.78,29.3,55.4,0.697,0.555,industrial
1,11,4,0,247.81,363.63,49.99,43.14,28.91,0.89,3.62,33.0,99.3,0.681,0.863,industrial
18,2,1,0,64.22,109.26,0.14,89.13,50.41,2.402,0.5,27.7,66.4,0.588,623.863,vehicular
9,5,1,0,92.86,156.41,6.02,105.32,60.35,3.029,2.53,32.6,59.9,0.594,17.488,vehicular
17,12,1,0,32.79,47.61,14.9,43.08,31.16,0.637,7.87,29.4,73.6,0.689,2.891,unknown
16,11,1,0,116.43,250.45,6.2,24.5,17.99,1.978,1.36,33.7,16.3,0.465,3.953,agricultural_burning
9,12,5,1,56.6,104.6,15.0,14.88,8.59,1.553,2.08,25.7,57.8,0.541,0.992,agricultural_burning
6,11,2,0,83.36,88.5,15.49,19.78,10.2,0.755,1.33,25.3,72.5,0.942,1.277,seasonal_inversion
7,12,4,0,91.1,118.61,8.57,0.33,-5.57,0.637,0.15,13.5,44.9,0.768,0.039,seasonal_inversion
3,2,3,0,107.54,133.28,36.69,66.92,45.07,0.609,1.65,29.0,58.7,0.807,1.824,industrial
6,11,4,0,120.14,187.06,14.78,14.16,5.5,0.742,0.0,14.8,77.7,0.642,0.958,seasonal_inversion
1,4,4,0,51.89,72.37,11.79,13.35,7.73,0.794,4.05,24.2,72.2,0.717,1.132,unknown
3,10,6,1,216.02,274.16,65.0,31.26,24.43,0.814,3.02,35.4,48.3,0.788,0.481,industrial
7,2,3,0,98.6,108.97,7.23,52.48,29.29,0.748,0.41,19.3,71.9,0.905,7.259,seasonal_inversion
5,4,1,0,216.9,331.88,115.25,58.01,27.25,0.68,2.13,32.3,48.6,0.654,0.503,industrial
8,7,4,0,46.56,90.97,4.69,30.09,25.46,0.793,6.87,32.4,51.9,0.512,6.419,unknown
3,11,1,0,165.27,175.83,78.86,26.64,11.57,0.859,1.67,28.9,61.1,0.94,0.338,industrial
16,12,2,0,229.67,356.76,9.03,22.76,15.94,1.458,2.68,31.1,30.9,0.644,2.52,agricultural_burning
4,11,0,0,74.13,89.59,10.82,32.36,17.05,0.213,2.13,26.7,65.6,0.827,2.992,unknown
5,5,1,0,127.06,191.01,82.36,30.01,20.94,0.738,1.68,34.4,71.4,0.665,0.364,industrial
23,9,3,0,135.58,158.39,54.94,12.58,9.65,0.806,0.52,27.8,64.7,0.856,0.229,industrial
9,11,2,0,44.44,45.36,15.4,19.56,14.43,1.591,0.7,12.5,76.2,0.98,1.27,seasonal_inversion
3,11,5,1,113.36,167.43,65.69,8.36,6.26,0.68,3.08,32.3,80.2,0.677,0.127,industrial
15,11,3,0,194.44,289.49,10.13,25.68,14.87,2.216,1.09,30.7,81.0,0.672,2.536,agricultural_burning
8,11,5,1,57.42,101.58,7.24,35.96,35.14,0.587,0.05,15.5,84.3,0.565,4.969,seasonal_inversion
2,2,2,0,156.32,195.96,81.66,44.1,28.51,0.972,1.27,23.8,78.2,0.798,0.54,industrial
0,2,3,0,45.9,78.28,12.82,10.99,5.13,0.516,1.83,31.2,56.0,0.586,0.857,unknown
2,6,2,0,225.01,237.81,60.31,30.36,21.93,1.597,0.97,20.3,61.7,0.946,0.503,industrial
5,2,2,0,55.32,74.38,2.67,23.62,17.9,0.305,6.92,18.3,73.1,0.744,8.847,unknown
10,2,1,0,82.05,156.68,2.03,31.73,24.24,0.879,0.79,24.5,61.1,0.524,15.662,seasonal_inversion
8,5,3,0,83.22,140.75,5.73,66.92,31.15,2.99,1.49,23.8,20.0,0.591,11.676,vehicular
10,1,6,1,117.12,186.88,12.18,25.99,23.15,1.136,1.21,10.7,86.0,0.627,2.134,seasonal_inversion
1,2,0,0,165.31,157.94,72.2,40.69,32.25,1.103,0.91,33.7,73.3,1.047,0.564,industrial
8,12,1,0,118.71,159.5,12.79,14.85,5.45,1.177,0.03,12.2,76.1,0.744,1.161,seasonal_inversion
20,3,3,0,96.13,148.46,11.57,113.57,62.82,2.217,2.06,19.3,52.3,0.648,9.818,vehicular
2,7,0,0,105.56,142.36,88.14,39.78,18.96,0.212,1.39,25.1,60.8,0.742,0.451,industrial
2,4,6,1,51.48,87.87,5.2,30.23,22.68,0.649,4.28,20.3,67.0,0.586,5.809,unknown
10,2,4,0,119.73,183.95,8.68,21.94,12.89,0.744,1.12,23.8,58.0,0.651,2.528,seasonal_inversion
13,4,0,0,119.45,234.08,4.7,10.43,6.53,1.733,2.47,27.9,31.3,0.51,2.217,agricultural_burning
17,1,6,1,20.47,18.92,8.76,14.23,7.91,0.489,1.7,39.2,72.3,1.082,1.625,unknown
9,9,2,0,16.18,27.1,2.22,-10.58,-3.9,0.697,2.26,31.1,32.7,0.597,-4.76,unknown
23,7,2,0,172.22,195.69,83.2,31.58,16.34,0.655,1.03,35.1,93.6,0.88,0.38,industrial
2,3,5,1,175.14,183.83,76.78,52.0,42.43,1.051,3.89,35.1,53.3,0.953,0.677,industrial
16,10,2,0,170.11,297.98,8.63,25.6,18.12,2.332,4.64,37.5,50.1,0.571,2.966,agricultural_burning
22,12,1,0,235.03,316.02,78.94,51.88,39.32,0.998,3.35,36.5,64.4,0.744,0.657,industrial
15,10,6,1,137.5,307.65,13.98,16.4,11.03,2.69,3.14,21.3,42.6,0.447,1.173,agricultural_burning
21,8,4,0,38.69,59.2,15.9,24.25,17.1,0.83,5.65,16.8,64.5,0.654,1.525,unknown
16,10,4,0,202.27,308.78,7.31,20.21,15.17,1.481,1.64,24.5,35.1,0.655,2.765,agricultural_burning
8,4,0,0,29.63,85.16,4.4,81.67,55.91,1.643,1.38,27.2,51.4,0.348,18.554,vehicular
10,9,4,0,116.29,210.77,3.19,127.29,89.8,1.714,2.91,44.9,69.2,0.552,39.956,vehicular
9,11,5,1,79.29,179.96,2.91,37.4,14.07,2.185,3.2,38.0,65.0,0.441,12.868,agricultural_burning
9,2,3,0,66.88,95.2,24.34,41.04,22.77,0.97,0.26,30.0,72.7,0.702,1.686,seasonal_inversion
21,9,4,0,9.39,4.1,6.88,23.36,15.45,0.339,4.65,33.0,47.3,2.287,3.398,unknown
22,3,6,1,161.49,235.37,109.57,24.06,10.94,0.792,3.31,25.8,55.5,0.686,0.22,industrial
13,1,4,0,39.95,75.2,11.73,30.75,22.87,0.198,2.17,24.6,48.8,0.531,2.621,unknown
1,3,2,0,168.1,278.37,96.0,21.92,19.66,0.589,2.28,36.4,35.1,0.604,0.228,industrial
22,3,4,0,195.53,275.02,83.56,12.17,3.45,0.804,2.77,28.1,72.4,0.711,0.146,industrial
3,5,5,1,198.56,292.75,114.61,30.2,23.25,0.85,2.1,17.4,46.8,0.678,0.263,industrial
12,10,6,1,146.46,268.94,-0.03,7.85,3.18,2.133,4.52,34.9,55.9,0.545,5.0,agricultural_burning
8,6,1,0,95.42,145.69,3.86,94.22,69.2,4.023,1.78,37.0,60.2,0.655,24.439,vehicular
22,5,0,0,168.54,214.5,64.78,43.94,29.93,0.418,0.58,21.8,59.3,0.786,0.678,industrial
17,8,2,0,115.03,177.61,3.09,57.7,39.17,2.708,1.96,22.0,77.4,0.648,18.663,vehicular
4,3,2,0,116.73,131.24,96.83,36.73,28.87,0.939,1.39,30.1,38.6,0.889,0.379,industrial
1,2,1,0,170.06,227.5,65.6,59.76,47.22,0.454,3.48,37.5,58.2,0.748,0.911,industrial
9,11,4,0,126.84,265.21,8.67,26.91,11.73,2.271,2.76,20.4,53.1,0.478,3.102,agricultural_burning
9,3,3,0,105.54,111.1,9.3,85.44,51.77,2.569,1.39,33.7,38.8,0.95,9.19,vehicular
4,8,0,0,48.16,51.85,10.45,14.38,6.68,0.548,7.41,25.9,98.0,0.929,1.376,unknown
22,12,4,0,150.0,206.07,84.32,34.44,20.76,0.638,3.85,25.6,44.9,0.728,0.408,industrial
1,10,5,1,124.73,155.83,69.52,36.06,27.62,0.587,3.57,24.8,58.0,0.8,0.519,industrial
17,3,6,1,160.76,313.03,2.2,11.99,11.45,1.356,3.0,25.1,59.9,0.514,5.444,agricultural_burning
10,2,1,0,57.62,47.05,15.94,44.57,25.7,0.607,0.87,18.4,82.5,1.225,2.796,seasonal_inversion
10,1,4,0,49.35,102.2,5.43,32.06,18.34,0.752,0.08,9.5,81.9,0.483,5.907,seasonal_inversion
8,12,2,0,72.98,110.15,11.46,85.56,50.36,0.793,1.4,22.9,29.6,0.663,7.465,vehicular
2,5,1,0,80.51,142.84,11.4,24.52,15.54,0.361,5.34,43.9,45.9,0.564,2.152,unknown
10,7,4,0,60.62,89.11,5.54,107.0,80.37,2.068,1.56,21.3,64.6,0.68,19.312,vehicular
4,9,3,0,154.81,200.69,31.67,25.05,15.78,0.982,2.93,28.0,90.7,0.771,0.791,industrial
17,10,4,0,140.41,252.44,9.29,23.36,10.77,2.639,2.09,31.0,43.0,0.556,2.515,agricultural_burning
9,2,6,1,117.57,138.66,9.14,28.99,11.05,1.279,0.52,18.5,53.6,0.848,3.17,seasonal_inversion
18,12,0,0,106.79,190.36,1.5,10.97,4.14,1.428,3.27,35.6,46.3,0.561,7.331,agricultural_burning
17,9,1,0,53.37,97.24,13.18,35.06,25.49,0.136,5.98,39.2,18.5,0.549,2.659,unknown
18,10,5,1,35.65,64.16,9.11,-2.19,2.66,0.54,7.15,27.2,73.9,0.556,-0.24,unknown
5,12,3,0,59.12,85.84,12.09,11.99,5.28,1.046,1.25,18.7,74.3,0.689,0.992,seasonal_inversion
18,5,0,0,45.69,85.53,7.45,117.01,79.51,1.368,2.7,32.4,38.7,0.534,15.703,vehicular
7,6,1,0,101.25,164.53,7.2,126.51,82.44,1.516,2.42,31.9,32.1,0.615,17.579,vehicular
8,10,4,0,42.18,80.74,6.48,84.92,50.52,2.817,1.87,24.9,41.2,0.522,13.109,vehicular
20,6,4,0,71.78,93.23,8.12,72.63,48.23,3.478,2.27,31.9,44.6,0.77,8.943,vehicular
6,12,2,0,102.31,132.69,14.88,26.5,18.01,0.56,1.35,23.5,62.4,0.771,1.781,seasonal_inversion
9,10,1,0,94.64,150.34,8.96,60.66,38.77,2.926,1.63,32.1,54.3,0.63,6.774,vehicular
11,3,0,0,183.18,296.73,9.83,21.61,10.77,1.934,1.76,36.5,42.4,0.617,2.199,agricultural_burning
23,9,6,1,146.18,204.34,63.53,34.53,28.66,0.876,2.58,21.5,64.2,0.715,0.543,industrial
6,2,5,1,42.63,40.83,14.8,27.38,13.04,0.778,1.41,26.8,70.4,1.044,1.85,seasonal_inversion
6,12,4,0,90.47,147.82,24.01,34.3,21.66,0.803,1.2,16.7,87.7,0.612,1.428,seasonal_inversion
10,11,1,0,67.01,126.82,13.99,40.59,23.68,1.006,0.07,22.1,54.6,0.528,2.901,seasonal_inversion
17,3,1,0,217.08,443.28,15.74,0.24,-0.07,2.656,4.0,24.1,29.8,0.49,0.016,agricultural_burning
7,2,2,0,52.55,112.54,7.99,150.72,95.6,1.486,2.88,28.4,55.3,0.467,18.867,vehicular
6,2,5,1,102.53,156.41,23.52,30.27,21.62,0.918,0.53,20.5,60.1,0.656,1.287,seasonal_inversion
23,5,6,1,44.38,76.5,7.48,20.53,17.57,0.609,3.56,27.8,87.0,0.58,2.746,unknown
4,2,3,0,208.61,213.01,121.13,47.91,32.1,0.833,1.6,29.6,57.8,0.979,0.396,industrial
18,4,1,0,45.26,57.38,10.1,95.05,57.63,3.62,0.77,29.9,40.1,0.789,9.412,vehicular
11,10,6,1,191.44,384.6,11.56,19.76,11.27,2.13,3.23,41.4,50.5,0.498,1.708,agricultural_burning
5,6,0,0,172.82,202.71,57.46,33.21,17.81,0.772,1.4,24.7,48.1,0.853,0.578,industrial
3,3,3,0,54.54,67.14,9.72,29.84,21.9,0.429,1.38,24.9,47.7,0.812,3.07,unknown
23,12,2,0,223.34,291.29,92.68,33.09,20.4,0.921,2.38,28.5,36.4,0.767,0.357,industrial
22,1,2,0,189.55,244.85,105.52,63.42,49.53,0.959,1.8,32.0,56.5,0.774,0.601,industrial
8,10,2,0,83.69,160.8,6.38,87.71,51.69,2.419,2.47,25.5,75.6,0.52,13.748,vehicular
22,6,5,1,104.33,173.81,89.77,43.79,36.19,0.992,1.86,24.6,61.1,0.6,0.488,industrial
10,7,1,0,62.32,103.45,8.39,52.46,24.84,1.513,2.56,39.8,69.2,0.602,6.249,vehicular
5,12,0,0,92.98,149.36,5.29,42.38,24.76,1.446,0.72,15.0,79.8,0.623,8.01,seasonal_inversion
13,12,1,0,204.35,326.15,16.37,6.08,5.28,1.049,4.36,28.2,51.0,0.627,0.371,agricultural_burning
10,11,3,0,95.71,158.27,7.94,33.96,16.01,1.155,0.68,14.8,65.5,0.605,4.276,seasonal_inversion
7,1,2,0,80.72,127.32,4.85,78.83,40.71,2.487,0.54,27.9,43.8,0.634,16.254,vehicular
12,12,1,0,193.09,332.75,12.25,29.52,14.18,2.518,2.6,33.9,26.6,0.58,2.41,agricultural_burning
19,8,0,0,89.32,162.66,8.45,48.69,41.62,2.603,1.02,26.7,61.5,0.549,5.759,vehicular
5,10,1,0,46.79,43.99,10.32,24.38,10.3,0.642,3.72,32.4,44.1,1.064,2.363,unknown
8,2,1,0,81.38,124.46,12.66,56.63,44.76,1.135,0.68,24.9,81.1,0.654,4.472,seasonal_inversion
3,11,3,0,47.3,63.05,-0.3,22.56,12.55,0.692,4.49,23.4,42.9,0.75,5.0,unknown
10,10,4,0,69.75,131.15,6.77,74.91,47.67,0.966,2.54,29.7,52.6,0.532,11.068,vehicular
6,12,0,0,138.49,205.84,8.5,16.07,5.34,0.334,1.43,19.7,98.0,0.673,1.891,seasonal_inversion
2,4,4,0,44.49,62.46,15.11,19.55,7.6,0.245,7.66,21.3,75.2,0.712,1.294,unknown
19,9,0,0,78.07,102.86,4.27,85.96,49.33,3.482,0.97,20.8,34.5,0.759,20.148,vehicular
20,9,5,1,36.88,54.78,5.41,7.92,6.8,0.337,5.07,33.5,60.9,0.673,1.465,unknown
17,8,5,1,38.78,55.35,4.84,30.74,15.56,0.697,2.3,34.0,16.7,0.701,6.35,unknown
14,3,6,1,24.01,21.2,7.3,-1.95,1.69,0.725,5.41,31.5,62.3,1.133,-0.267,unknown
9,3,4,0,92.4,171.34,5.46,99.5,67.66,1.416,0.76,32.2,46.3,0.539,18.236,vehicular
17,4,3,0,48.43,71.61,4.48,37.49,18.31,0.738,3.7,22.3,59.7,0.676,8.369,unknown
9,12,1,0,30.06,57.53,7.88,129.89,95.57,3.547,1.26,21.4,66.2,0.522,16.481,vehicular
4,3,5,1,167.15,249.23,114.94,42.77,28.63,1.304,2.99,18.1,78.0,0.671,0.372,industrial
1,2,1,0,220.71,279.75,62.71,35.76,23.44,1.381,2.08,28.1,36.1,0.789,0.57,industrial
18,3,1,0,84.26,144.76,14.32,20.95,13.03,1.604,4.71,27.8,66.0,0.582,1.463,agricultural_burning
18,3,4,0,66.33,76.28,1.95,14.28,9.55,0.024,6.29,31.2,67.3,0.87,7.311,unknown
17,3,0,0,127.65,259.87,2.33,24.6,8.38,1.402,2.84,31.3,41.5,0.491,10.556,agricultural_burning
9,3,3,0,123.69,235.56,3.17,6.36,5.89,1.243,3.29,37.8,35.3,0.525,2.007,agricultural_burning
5,2,0,0,152.74,174.24,42.64,41.41,30.73,0.828,2.33,43.6,53.5,0.877,0.971,industrial
0,10,2,0,111.39,137.2,131.4,35.89,15.27,0.713,2.32,22.3,69.9,0.812,0.273,industrial
11,10,1,0,95.21,266.43,1.29,33.96,15.75,1.238,3.88,33.3,22.3,0.357,26.41,agricultural_burning
11,11,4,0,171.33,301.99,8.12,20.28,9.98,2.737,4.0,35.9,43.3,0.567,2.499,agricultural_burning
9,12,0,0,93.2,157.92,9.43,28.95,17.19,0.58,1.08,15.1,78.2,0.59,3.069,seasonal_inversion
7,2,1,0,85.66,167.49,11.53,59.27,45.91,1.799,2.01,28.3,36.8,0.511,5.139,vehicular
10,10,3,0,230.04,372.96,16.58,23.2,8.81,1.361,3.07,36.2,25.2,0.617,1.399,agricultural_burning
7,1,0,0,119.34,137.61,23.87,30.51,21.11,0.976,0.75,17.5,89.9,0.867,1.278,seasonal_inversion
9,7,4,0,24.01,35.36,2.89,28.16,14.98,0.27,5.84,27.2,64.7,0.679,9.738,unknown
20,9,3,0,54.67,109.04,6.93,97.99,63.0,1.948,2.25,26.1,64.8,0.501,14.144,vehicular
5,2,6,1,131.42,207.6,70.21,40.82,24.51,1.291,1.38,30.7,51.2,0.633,0.581,industrial
7,12,2,0,82.15,96.71,24.81,12.63,9.83,0.672,0.56,19.6,70.3,0.849,0.509,seasonal_inversion
19,12,4,0,51.55,66.95,7.56,100.0,66.65,2.431,1.33,36.1,85.1,0.77,13.219,vehicular
7,1,2,0,92.13,152.77,6.84,25.03,18.71,0.526,1.45,30.0,87.4,0.603,3.659,seasonal_inversion
3,10,1,0,275.34,402.32,91.18,15.46,10.47,1.096,3.62,30.0,51.7,0.684,0.17,industrial
10,1,1,0,123.78,205.66,15.27,25.21,19.77,1.423,1.39,9.0,77.5,0.602,1.651,seasonal_inversion
20,9,4,0,76.13,64.19,3.9,56.83,39.32,1.039,2.37,28.3,40.4,1.186,14.56,vehicular
17,11,0,0,90.98,139.28,7.72,90.58,64.38,2.052,2.43,33.6,32.7,0.653,11.735,vehicular
7,10,2,0,50.63,78.35,0.03,75.77,54.42,1.486,2.87,36.7,20.0,0.646,2996.616,vehicular
6,10,5,1,56.72,95.05,10.87,31.21,20.23,0.225,3.85,23.0,47.8,0.597,2.871,unknown
9,2,5,1,82.43,88.71,8.08,20.03,10.9,1.204,0.13,22.5,85.9,0.929,2.479,seasonal_inversion
15,10,3,0,109.42,188.19,11.37,15.14,8.88,3.232,1.95,35.8,63.5,0.581,1.331,agricultural_burning
18,11,3,0,211.36,371.45,2.39,15.75,11.46,1.939,4.8,34.0,44.2,0.569,6.584,agricultural_burning
23,2,3,0,184.17,208.56,121.19,37.61,20.26,1.312,1.95,27.0,64.9,0.883,0.31,industrial
2,1,1,0,41.62,59.79,16.66,33.83,15.9,0.419,3.92,38.3,70.1,0.696,2.03,unknown
22,11,6,1,29.56,37.4,13.83,17.12,6.38,0.823,4.88,34.0,46.5,0.79,1.238,unknown
7,12,2,0,64.17,80.64,11.44,14.89,10.11,0.43,0.38,19.5,69.8,0.796,1.302,seasonal_inversion
11,9,1,0,45.26,67.47,1.85,20.13,17.94,0.479,4.99,28.3,60.4,0.671,10.862,unknown
5,12,5,1,116.01,169.01,7.03,49.97,28.83,0.464,0.64,18.5,61.7,0.686,7.108,seasonal_inversion
3,11,2,0,26.9,32.28,5.7,29.81,10.92,0.514,6.56,30.8,80.2,0.833,5.231,unknown
4,5,1,0,197.42,307.42,83.92,43.02,25.46,1.394,1.48,35.1,61.7,0.642,0.513,industrial
16,8,2,0,34.66,43.15,5.59,36.06,24.14,0.643,5.69,35.0,48.3,0.803,6.452,unknown
22,2,3,0,155.86,238.46,53.19,69.67,42.83,0.167,3.38,28.5,65.3,0.654,1.31,industrial
22,2,1,0,239.59,268.35,94.11,24.43,14.22,0.348,2.65,38.0,72.2,0.893,0.26,industrial
7,8,3,0,60.0,94.34,7.96,93.32,75.5,3.283,1.41,29.4,44.3,0.636,11.725,vehicular
23,5,4,0,59.86,86.11,9.53,29.59,14.26,0.404,3.79,36.0,77.7,0.695,3.105,unknown
8,5,1,0,22.99,23.56,0.54,24.74,20.3,0.769,4.84,26.9,57.2,0.976,45.482,unknown
11,4,1,0,188.77,417.99,8.69,24.09,13.14,1.839,3.26,38.7,68.3,0.452,2.773,agricultural_burning
2,11,0,0,154.02,186.49,69.21,30.6,18.47,0.335,3.66,33.4,79.0,0.826,0.442,industrial
16,4,2,0,236.08,329.4,16.57,13.18,7.91,1.657,3.19,33.2,34.8,0.717,0.795,agricultural_burning
5,11,3,0,10.42,15.71,9.27,3.48,2.48,0.141,7.56,20.2,50.1,0.664,0.375,unknown
7,9,0,0,76.37,118.48,5.47,99.89,65.84,3.857,1.74,28.7,60.4,0.645,18.271,vehicular
9,12,2,0,114.85,143.24,8.66,30.02,25.89,0.474,1.45,18.2,96.1,0.802,3.467,seasonal_inversion
7,12,1,0,73.54,136.25,13.37,40.16,30.35,0.577,0.71,13.5,69.6,0.54,3.003,seasonal_inversion
17,11,4,0,66.67,100.34,5.34,115.84,73.32,1.654,0.86,30.6,56.1,0.664,21.706,vehicular
8,11,3,0,118.32,173.67,9.84,16.94,14.81,1.0,0.35,18.2,77.0,0.681,1.721,seasonal_inversion
15,3,2,0,95.84,187.96,6.08,15.37,6.45,1.985,1.35,32.7,31.4,0.51,2.528,agricultural_burning
8,1,1,0,122.01,197.12,15.55,21.15,14.29,0.701,1.29,14.5,83.7,0.619,1.36,seasonal_inversion
10,12,0,0,200.07,278.85,9.65,7.74,4.43,2.129,1.61,29.8,27.9,0.717,0.803,agricultural_burning
14,12,2,0,207.59,275.28,4.41,9.45,4.45,2.617,1.22,34.0,68.7,0.754,2.144,agricultural_burning
15,4,5,1,181.67,350.18,10.33,17.3,8.73,2.456,3.1,23.1,69.0,0.519,1.674,agricultural_burning
18,8,3,0,66.52,99.77,0.6,118.75,89.31,1.919,2.2,36.3,48.2,0.667,198.251,vehicular
22,9,5,1,172.88,198.37,100.31,9.75,-0.15,1.056,1.96,27.8,42.7,0.872,0.097,industrial
7,1,6,1,109.2,133.92,21.43,33.38,17.69,0.924,0.64,22.0,73.8,0.815,1.558,seasonal_inversion
7,12,5,1,140.11,194.17,4.08,25.12,18.39,0.287,1.34,22.0,76.7,0.722,6.15,seasonal_inversion
10,2,2,0,115.79,180.61,8.35,23.68,11.9,0.952,0.61,23.6,85.4,0.641,2.837,seasonal_inversion
23,5,4,0,179.85,265.62,39.64,43.97,30.46,0.742,2.08,35.1,83.9,0.677,1.109,industrial
15,4,2,0,56.83,109.73,4.68,-8.17,-5.07,0.351,1.62,19.6,45.7,0.518,-1.747,unknown
12,4,5,1,198.78,342.82,6.11,15.88,3.85,1.582,2.69,35.9,26.1,0.58,2.599,agricultural_burning
10,6,3,0,82.78,157.52,8.11,98.68,57.34,2.606,1.68,32.4,62.7,0.526,12.163,vehicular
7,2,1,0,58.01,72.43,10.05,34.02,26.61,0.917,0.38,18.8,83.5,0.801,3.385,seasonal_inversion
10,12,0,0,91.62,165.85,14.98,20.46,13.19,0.831,1.03,25.9,88.9,0.552,1.365,seasonal_inversion
18,10,3,0,51.91,83.05,9.91,73.93,58.77,2.138,1.65,26.9,55.8,0.625,7.458,vehicular
15,8,1,0,37.05,63.81,9.97,42.08,18.58,0.617,3.7,23.7,58.4,0.581,4.219,unknown
7,11,2,0,80.29,117.16,10.82,12.79,13.0,0.731,1.37,18.5,82.3,0.685,1.182,seasonal_inversion
8,2,1,0,55.55,104.31,2.55,122.41,80.26,2.301,1.36,34.9,32.4,0.533,48.061,vehicular
7,2,3,0,74.72,140.01,6.23,88.0,58.96,1.784,2.3,37.9,84.8,0.534,14.132,vehicular
19,1,0,0,105.39,176.12,10.2,80.43,51.08,3.585,2.77,30.6,33.4,0.598,7.883,vehicular
9,10,2,0,194.63,300.72,12.75,13.07,6.68,2.414,3.48,27.4,29.6,0.647,1.025,agricultural_burning
7,11,0,0,131.94,140.96,5.61,27.42,13.08,0.397,0.43,16.5,81.2,0.936,4.884,seasonal_inversion
7,8,3,0,82.01,127.97,4.94,74.53,35.01,2.63,1.82,39.7,48.3,0.641,15.083,vehicular
2,8,0,0,152.41,244.52,69.46,29.41,18.02,1.121,2.9,34.4,85.9,0.623,0.423,industrial
17,3,3,0,91.22,204.48,2.76,117.68,68.44,2.096,1.97,31.8,64.1,0.446,42.657,vehicular
8,8,4,0,82.08,162.82,3.11,114.46,78.19,2.649,2.89,29.8,45.8,0.504,36.785,vehicular
13,3,4,0,101.79,234.7,11.81,11.61,9.97,3.075,2.4,36.0,64.5,0.434,0.982,agricultural_burning
0,3,3,0,210.62,352.09,70.66,26.25,19.77,0.489,3.75,28.5,44.9,0.598,0.371,industrial
3,12,2,0,236.7,275.43,55.39,26.59,17.71,1.37,2.91,28.4,52.3,0.859,0.48,industrial
1,10,0,0,135.75,173.89,97.34,23.36,17.76,0.59,3.77,26.4,56.6,0.781,0.24,industrial
21,11,5,1,33.54,49.08,6.78,31.96,20.46,0.577,3.48,26.9,57.1,0.683,4.711,unknown
22,11,5,1,60.62,96.3,9.13,24.61,18.7,0.828,6.18,29.0,49.5,0.63,2.694,unknown
1,6,5,1,159.55,184.4,57.36,49.52,35.18,1.035,2.53,31.6,64.4,0.865,0.863,industrial
2,3,3,0,178.56,207.97,51.38,13.01,9.43,0.887,1.81,31.4,44.2,0.859,0.253,industrial
6,1,6,1,98.5,129.54,14.74,11.56,9.59,0.613,0.0,19.8,85.5,0.76,0.785,seasonal_inversion
17,3,0,0,91.39,173.99,14.86,35.75,19.54,2.356,2.67,31.6,54.8,0.525,2.405,agricultural_burning
5,12,2,0,89.02,136.04,11.48,34.58,21.81,1.149,1.43,14.3,79.1,0.654,3.013,seasonal_inversion
15,12,5,1,197.27,352.68,6.56,24.13,9.48,1.49,1.65,37.8,60.7,0.559,3.677,agricultural_burning
16,12,4,0,175.65,280.91,8.62,32.41,19.0,1.642,2.74,26.0,34.8,0.625,3.76,agricultural_burning
18,11,3,0,204.69,322.03,3.91,26.08,14.28,1.991,3.99,28.0,44.4,0.636,6.673,agricultural_burning
5,7,6,1,38.86,58.72,9.11,20.72,11.26,0.659,3.07,23.8,62.2,0.662,2.275,unknown
6,11,5,1,76.34,86.32,7.67,11.5,9.4,0.658,1.9,36.8,50.5,0.884,1.5,unknown
8,12,6,1,88.75,105.78,17.12,15.15,11.97,1.207,1.12,7.9,72.4,0.839,0.885,seasonal_inversion
15,4,6,1,146.76,251.06,4.66,16.34,8.31,0.951,4.36,33.3,44.6,0.585,3.506,agricultural_burning
17,2,2,0,90.58,153.02,4.54,83.61,60.85,1.815,1.55,31.9,69.7,0.592,18.415,vehicular
12,3,1,0,65.61,188.24,6.76,24.87,14.72,3.029,1.84,28.5,55.6,0.349,3.678,agricultural_burning
4,6,2,0,190.09,288.35,100.75,62.99,47.11,1.039,2.88,31.5,58.1,0.659,0.625,industrial
7,11,4,0,47.77,111.09,5.98,97.55,61.67,2.266,1.29,29.0,66.8,0.43,16.303,vehicular
0,2,4,0,211.16,292.52,57.4,53.82,30.42,0.591,3.09,25.7,98.1,0.722,0.938,industrial
1,3,5,1,175.17,194.94,81.05,49.35,32.86,0.879,0.7,26.3,48.8,0.899,0.609,industrial
8,9,0,0,77.65,132.55,2.52,135.41,85.96,3.224,2.35,25.1,50.2,0.586,53.677,vehicular
17,1,1,0,56.07,63.08,12.97,29.34,15.09,0.702,3.26,25.6,76.5,0.889,2.261,unknown
10,6,0,0,76.66,113.96,5.16,93.83,54.65,2.401,1.2,33.7,70.6,0.673,18.181,vehicular
23,12,5,1,109.78,144.26,72.27,29.56,20.29,0.588,2.56,28.9,77.6,0.761,0.409,industrial
10,6,3,0,40.23,70.84,0.5,7.9,2.44,0.322,5.4,22.7,65.3,0.568,15.88,unknown
17,12,0,0,166.52,344.49,6.72,37.89,20.61,1.156,2.51,30.9,45.9,0.483,5.634,agricultural_burning
9,11,6,1,110.35,145.16,11.24,37.12,25.24,1.06,0.36,19.4,74.3,0.76,3.301,seasonal_inversion
13,9,5,1,71.54,111.87,10.73,32.1,22.2,0.334,7.37,20.7,83.3,0.64,2.991,unknown
9,11,6,1,132.4,187.52,8.96,17.66,16.07,1.007,0.25,16.8,74.7,0.706,1.97,seasonal_inversion
8,2,2,0,115.61,181.64,5.99,78.0,55.97,3.459,2.49,32.4,44.6,0.636,13.028,vehicular
10,2,5,1,105.25,148.68,8.23,26.11,21.26,0.743,0.9,13.8,63.5,0.708,3.171,seasonal_inversion
15,2,4,0,35.52,35.59,4.12,6.31,4.48,0.602,4.71,34.0,50.1,0.998,1.532,unknown
2,8,2,0,191.57,304.93,61.46,49.26,35.13,0.471,2.12,24.6,89.8,0.628,0.802,industrial
7,1,6,1,99.76,147.76,9.34,26.76,23.84,1.225,0.03,30.5,84.7,0.675,2.864,seasonal_inversion
5,4,0,0,181.4,293.18,103.6,34.36,23.82,0.448,0.94,30.3,59.6,0.619,0.332,industrial
1,8,3,0,165.96,200.04,86.21,13.26,6.55,1.266,3.01,20.3,45.8,0.83,0.154,industrial
18,11,5,1,245.17,407.35,12.42,22.18,10.84,1.693,2.91,44.2,58.5,0.602,1.786,agricultural_burning
3,4,2,0,219.51,323.69,99.12,39.17,17.77,0.801,3.06,30.9,50.1,0.678,0.395,industrial
2,11,0,0,183.53,220.27,86.53,16.89,10.84,0.6,1.94,34.4,60.1,0.833,0.195,industrial
5,12,4,0,136.01,175.71,7.05,26.39,19.02,1.136,0.57,20.4,89.1,0.774,3.742,seasonal_inversion
5,12,3,0,118.46,123.49,17.47,24.78,18.82,1.257,1.48,15.4,65.7,0.959,1.419,seasonal_inversion
7,8,3,0,99.52,165.75,8.01,53.84,31.36,2.216,0.61,31.2,70.9,0.6,6.722,vehicular
10,1,4,0,96.23,121.46,2.96,135.5,85.51,3.501,2.09,26.1,40.6,0.792,45.851,vehicular
8,1,4,0,76.99,96.41,19.2,26.82,19.87,1.32,1.01,13.4,72.6,0.799,1.397,seasonal_inversion
0,9,6,1,152.17,203.13,100.44,64.46,27.93,0.826,2.04,25.3,58.4,0.749,0.642,industrial
18,3,0,0,265.92,384.76,10.31,24.45,13.74,1.373,4.84,29.2,44.4,0.691,2.371,agricultural_burning
7,4,2,0,56.65,48.21,4.35,102.85,55.37,2.958,2.86,35.2,32.9,1.175,23.652,vehicular
21,6,3,0,51.64,69.95,8.92,34.42,16.71,0.394,2.82,17.1,41.5,0.738,3.859,unknown
4,9,4,0,163.52,205.51,51.97,56.04,41.63,0.243,3.88,23.5,75.3,0.796,1.078,industrial
10,11,1,0,74.14,96.4,19.59,25.4,14.18,0.733,1.36,17.4,65.8,0.769,1.297,seasonal_inversion
9,12,6,1,100.64,155.35,22.49,15.56,8.37,0.912,0.15,23.4,72.3,0.648,0.692,seasonal_inversion
3,8,4,0,241.65,358.64,95.18,30.85,21.63,1.041,2.63,37.1,100.0,0.674,0.324,industrial
15,11,3,0,157.56,293.62,4.7,29.39,21.95,2.092,4.14,35.2,66.0,0.537,6.254,agricultural_burning
14,10,3,0,110.14,216.22,9.7,11.8,1.59,3.023,4.11,26.8,54.4,0.509,1.217,agricultural_burning
18,7,0,0,41.76,70.91,4.74,16.07,7.83,0.384,7.23,29.4,60.3,0.589,3.387,unknown
4,6,4,0,187.33,227.0,101.05,53.38,41.02,0.566,3.49,29.0,67.7,0.825,0.528,industrial
7,11,0,0,60.42,102.73,5.89,97.15,57.1,2.989,0.68,29.8,44.5,0.588,16.5,vehicular
13,10,4,0,63.1,90.28,3.02,21.04,7.66,0.642,3.85,43.8,62.4,0.699,6.97,unknown
7,1,0,0,45.94,62.6,8.92,31.92,19.27,0.332,1.96,16.7,49.9,0.734,3.579,unknown
9,11,3,0,98.53,146.03,3.48,29.22,18.62,0.646,1.17,22.1,65.4,0.675,8.401,seasonal_inversion
9,1,0,0,60.4,131.8,5.3,84.6,47.11,1.384,0.63,32.5,36.4,0.458,15.953,vehicular
14,1,3,0,28.47,39.27,0.7,25.31,9.04,0.141,3.16,27.0,64.1,0.725,36.345,unknown
9,2,2,0,98.62,117.01,12.21,25.12,15.52,0.671,1.17,15.6,80.3,0.843,2.058,seasonal_inversion
12,3,3,0,111.89,286.85,5.83,24.61,15.06,1.904,4.55,30.9,49.4,0.39,4.224,agricultural_burning
5,12,0,0,122.23,158.14,96.36,52.34,39.4,0.965,3.71,27.1,65.4,0.773,0.543,industrial
6,1,2,0,113.78,144.07,15.61,45.19,44.13,1.351,1.03,18.2,59.9,0.79,2.895,seasonal_inversion
4,7,2,0,154.2,199.99,68.89,38.46,15.75,0.363,3.28,23.9,20.0,0.771,0.558,industrial
8,12,3,0,123.39,146.11,7.84,25.12,15.54,1.162,1.45,25.8,63.0,0.844,3.205,seasonal_inversion
17,5,1,0,97.05,148.76,3.76,85.16,49.53,3.078,0.6,33.0,63.7,0.652,22.666,vehicular
4,9,5,1,99.41,118.74,76.38,34.97,21.3,1.054,2.85,30.7,56.2,0.837,0.458,industrial
20,12,4,0,70.73,114.73,3.53,80.7,49.09,2.627,1.48,30.4,44.2,0.616,22.894,vehicular
5,8,0,0,150.81,201.15,99.25,17.63,12.81,1.179,3.88,33.8,53.8,0.75,0.178,industrial
7,9,4,0,93.08,135.31,7.91,73.74,52.01,3.682,1.8,31.5,36.5,0.688,9.318,vehicular
8,1,6,1,74.92,93.66,11.62,10.34,10.05,0.854,0.17,21.4,84.9,0.8,0.889,seasonal_inversion
22,2,3,0,160.16,190.81,58.59,34.05,21.14,0.66,0.67,28.4,52.9,0.839,0.581,industrial
12,3,1,0,243.69,386.22,8.48,30.73,15.3,2.159,2.4,35.2,56.4,0.631,3.621,agricultural_burning
16,11,6,1,199.09,326.43,-0.53,23.13,11.62,0.933,3.05,30.5,42.8,0.61,5.0,agricultural_burning
19,4,3,0,31.77,65.29,8.16,27.96,23.62,0.549,5.26,18.7,63.8,0.487,3.426,unknown
22,4,2,0,164.67,266.24,79.84,48.45,30.62,0.99,3.72,28.7,71.2,0.619,0.607,industrial
15,10,4,0,249.0,355.18,3.84,12.98,5.89,1.901,2.5,24.6,36.0,0.701,3.378,agricultural_burning
7,4,1,0,64.02,94.0,4.53,125.8,63.3,2.644,2.63,33.4,35.3,0.681,27.762,vehicular
13,11,4,0,28.38,49.71,1.54,3.37,7.94,0.288,6.65,30.1,33.2,0.571,2.189,unknown
10,6,1,0,92.15,143.27,7.3,97.38,67.87,1.052,0.56,32.6,25.4,0.643,13.337,vehicular
12,10,1,0,77.75,228.25,8.28,17.41,11.6,1.808,2.21,25.4,40.7,0.341,2.103,agricultural_burning
10,4,4,0,144.58,240.14,12.28,8.63,7.1,1.779,3.91,27.5,52.9,0.602,0.703,agricultural_burning
3,5,0,0,170.61,234.23,90.94,55.3,36.48,0.954,1.99,29.0,46.9,0.728,0.608,industrial
1,9,0,0,214.2,340.31,82.33,39.79,27.25,1.174,1.74,27.8,70.7,0.629,0.483,industrial
9,6,0,0,48.54,61.1,6.05,36.35,20.47,0.205,4.1,31.2,48.2,0.794,6.012,unknown
19,8,2,0,65.97,125.54,3.09,78.08,42.6,3.172,1.39,18.2,80.5,0.525,25.259,vehicular
15,11,1,0,183.46,244.68,9.59,20.75,12.87,2.128,4.58,28.2,57.3,0.75,2.164,agricultural_burning
7,7,3,0,74.72,86.32,8.59,106.29,52.8,2.22,2.18,30.5,70.2,0.866,12.376,vehicular
8,4,0,0,54.87,90.75,9.24,80.78,38.46,3.194,0.78,29.0,59.0,0.605,8.742,vehicular
7,4,4,0,64.11,93.54,0.59,59.91,27.34,3.979,1.46,34.4,48.2,0.685,102.203,vehicular
20,1,1,0,80.73,142.53,5.55,81.95,49.79,2.987,0.78,31.0,68.6,0.566,14.777,vehicular
8,2,6,1,48.94,71.4,12.46,32.05,20.97,0.754,0.9,11.2,69.2,0.685,2.574,seasonal_inversion
14,3,1,0,135.39,238.39,4.42,14.45,12.44,2.045,3.02,31.0,31.3,0.568,3.272,agricultural_burning
20,4,0,0,61.42,89.48,7.97,21.35,11.37,0.478,1.61,40.0,43.8,0.686,2.677,unknown
14,3,3,0,170.45,279.5,0.6,9.95,5.92,2.701,3.74,40.1,53.0,0.61,16.542,agricultural_burning
3,9,6,1,60.69,111.01,5.52,30.21,21.44,0.392,5.2,31.9,62.8,0.547,5.477,unknown
22,8,5,1,111.9,175.58,82.77,21.23,13.71,0.755,1.33,16.6,40.3,0.637,0.257,industrial
14,11,3,0,103.85,215.23,0.36,23.02,11.23,2.222,4.82,25.2,26.7,0.482,63.882,agricultural_burning
6,3,0,0,164.81,236.03,45.62,42.2,24.42,1.083,0.86,27.3,59.6,0.698,0.925,industrial
14,7,3,0,74.21,118.31,16.11,34.63,20.66,0.922,1.81,26.3,46.0,0.627,2.15,unknown
10,2,2,0,47.95,80.94,9.17,9.66,-0.06,0.697,1.34,17.1,80.7,0.592,1.054,seasonal_inversion
13,12,1,0,50.51,42.24,3.8,14.26,6.4,0.213,7.97,26.3,78.7,1.196,3.752,unknown
15,12,1,0,197.26,390.7,12.85,12.61,12.74,3.157,2.22,31.1,27.4,0.505,0.982,agricultural_burning
8,10,1,0,95.25,196.23,5.79,65.05,38.25,3.695,2.27,38.4,62.5,0.485,11.229,vehicular
9,2,4,0,81.31,90.68,15.31,19.33,16.18,0.547,0.59,16.5,81.0,0.897,1.262,seasonal_inversion
5,1,4,0,46.84,51.87,10.14,1.93,1.76,0.485,1.45,25.8,48.5,0.903,0.19,unknown
6,1,5,1,52.14,106.33,6.62,27.39,15.49,1.134,1.46,16.6,90.6,0.49,4.135,seasonal_inversion
8,6,3,0,72.93,135.43,5.83,156.42,88.6,1.385,3.0,32.4,24.8,0.538,26.815,vehicular
18,10,4,0,48.62,83.9,1.97,128.38,79.14,1.933,1.77,34.9,53.0,0.579,65.156,vehicular
8,5,0,0,69.61,78.19,3.86,72.63,44.31,2.855,1.26,36.9,40.6,0.89,18.811,vehicular
5,2,4,0,109.83,117.99,21.94,40.29,19.19,0.257,0.41,14.0,69.3,0.931,1.836,seasonal_inversion
13,10,6,1,123.32,260.41,10.76,17.47,12.35,1.763,2.79,36.4,49.0,0.474,1.624,agricultural_burning
4,4,6,1,149.7,150.98,105.15,63.66,41.86,0.304,1.69,22.7,85.8,0.991,0.605,industrial
0,5,3,0,51.87,58.43,5.09,25.78,17.59,0.612,6.58,22.8,71.2,0.888,5.064,unknown
13,11,1,0,99.65,175.17,7.02,11.27,6.26,1.577,3.09,35.8,30.0,0.569,1.606,agricultural_burning
10,1,0,0,46.71,91.28,9.09,67.69,38.0,0.925,0.71,37.2,42.5,0.512,7.45,vehicular
4,7,0,0,138.19,190.08,87.29,15.59,10.56,0.83,3.78,28.0,59.8,0.727,0.179,industrial
20,1,3,0,117.41,207.36,4.48,83.31,52.19,2.399,1.37,29.7,47.8,0.566,18.594,vehicular
6,2,6,1,125.18,184.97,8.79,44.78,29.48,1.336,0.17,10.0,90.9,0.677,5.093,seasonal_inversion
2,5,0,0,139.66,153.76,92.78,16.26,7.04,0.569,1.24,22.5,88.5,0.908,0.175,industrial
14,10,0,0,138.72,215.27,10.26,30.45,20.92,2.106,3.53,35.7,37.1,0.644,2.966,agricultural_burning
8,3,0,0,69.5,131.81,8.12,68.9,49.96,2.874,1.09,25.8,77.3,0.527,8.485,vehicular
22,2,6,1,127.29,191.35,51.3,31.68,27.05,0.57,1.82,26.7,81.7,0.665,0.617,industrial
20,2,1,0,70.53,120.19,4.5,63.24,32.41,3.579,0.92,28.5,62.6,0.587,14.043,vehicular
20,8,3,0,14.07,9.94,5.43,20.65,14.36,0.529,1.13,38.1,43.2,1.415,3.804,unknown
18,8,1,0,35.13,41.83,6.1,16.16,13.99,0.687,1.01,39.6,37.1,0.84,2.651,unknown
2,1,2,0,45.92,47.44,0.19,11.56,5.9,0.453,3.5,21.5,65.7,0.968,59.92,unknown
8,12,1,0,52.64,87.22,30.22,14.23,12.44,1.018,1.36,15.9,85.5,0.604,0.471,seasonal_inversion
3,9,4,0,209.79,313.68,72.73,6.77,2.34,0.591,2.52,43.3,45.1,0.669,0.093,industrial
23,3,2,0,146.83,126.64,88.13,24.55,6.76,0.588,1.48,23.3,83.0,1.159,0.279,industrial
23,11,5,1,182.96,212.68,32.65,23.37,14.97,0.914,1.85,22.8,71.1,0.86,0.716,industrial
16,4,5,1,90.41,193.08,6.66,17.52,11.89,1.785,2.57,32.6,57.2,0.468,2.633,agricultural_burning
3,11,0,0,224.95,242.16,57.6,25.67,20.92,0.773,3.9,20.9,64.3,0.929,0.446,industrial
15,3,3,0,68.1,145.88,4.96,17.05,9.01,2.934,3.09,30.5,62.2,0.467,3.437,agricultural_burning
8,11,0,0,73.96,92.92,7.64,77.32,54.34,2.002,2.42,31.9,36.5,0.796,10.119,vehicular
8,8,3,0,77.82,146.45,10.95,107.99,77.16,2.776,2.05,36.5,26.6,0.531,9.86,vehicular
0,12,0,0,168.86,221.75,87.77,55.02,35.29,1.396,2.22,29.3,87.2,0.761,0.627,industrial
15,3,3,0,207.56,335.17,12.76,16.93,7.51,1.355,4.06,40.0,65.9,0.619,1.327,agricultural_burning
2,7,2,0,157.29,191.77,82.83,33.17,19.26,0.715,3.58,17.1,72.7,0.82,0.4,industrial
16,12,0,0,147.21,230.17,5.57,0.57,-0.05,1.918,1.85,30.2,41.7,0.64,0.103,agricultural_burning
7,1,5,1,67.37,72.34,9.71,27.23,16.61,0.726,1.04,20.3,68.8,0.931,2.804,seasonal_inversion
10,5,2,0,54.52,73.5,4.6,58.26,40.23,2.202,1.14,35.4,61.9,0.742,12.675,vehicular
23,11,5,1,138.55,176.99,77.67,57.87,33.4,0.745,3.19,27.8,54.9,0.783,0.745,industrial
2,7,1,0,29.68,31.69,6.34,26.11,19.44,0.623,7.03,20.7,58.4,0.937,4.117,unknown
6,12,5,1,49.66,73.74,20.68,35.46,16.93,0.813,0.53,21.7,88.1,0.673,1.715,seasonal_inversion
22,8,3,0,37.03,66.32,9.18,15.58,13.0,0.928,1.0,29.3,84.4,0.558,1.697,unknown
9,12,5,1,109.0,108.66,13.85,33.42,22.88,1.215,1.18,17.4,76.6,1.003,2.414,seasonal_inversion
15,3,1,0,27.47,32.48,3.79,5.21,4.78,0.71,2.22,27.8,88.5,0.846,1.374,unknown
22,5,1,0,30.12,47.76,1.2,29.46,15.29,0.576,3.41,36.2,67.2,0.631,24.457,unknown
5,12,2,0,55.94,59.63,7.78,14.05,8.3,0.638,0.29,26.7,77.9,0.938,1.805,seasonal_inversion
23,9,0,0,114.61,153.26,69.84,46.11,23.07,1.185,3.76,25.0,85.7,0.748,0.66,industrial
11,3,6,1,104.58,192.89,7.45,29.87,15.38,2.459,2.83,36.3,15.0,0.542,4.007,agricultural_burning
23,6,0,0,65.6,114.42,8.63,16.21,11.72,0.573,3.71,25.0,89.4,0.573,1.878,unknown
16,11,6,1,175.93,304.01,4.7,18.72,13.04,2.409,1.34,30.6,69.4,0.579,3.983,agricultural_burning
17,4,6,1,195.72,354.95,10.72,1.98,2.46,1.315,1.5,29.1,47.5,0.551,0.185,agricultural_burning
7,11,5,1,116.8,176.24,8.91,20.29,13.01,0.892,1.24,14.9,76.3,0.663,2.279,seasonal_inversion
18,3,0,0,88.99,107.43,0.6,72.8,47.7,2.696,2.92,25.6,20.0,0.828,122.305,vehicular
22,9,6,1,12.64,27.67,14.16,23.96,14.05,0.645,6.64,21.7,53.2,0.457,1.693,unknown
9,11,0,0,159.03,307.57,1.26,8.85,6.47,1.296,4.58,25.7,41.1,0.517,7.035,agricultural_burning
5,9,5,1,139.92,196.59,136.38,40.11,23.13,1.058,2.9,33.4,42.5,0.712,0.294,industrial
5,1,6,1,119.4,140.97,11.77,36.91,28.45,1.056,0.54,16.5,78.9,0.847,3.135,seasonal_inversion
20,7,2,0,105.98,218.04,8.54,118.8,88.16,2.816,2.4,19.3,30.6,0.486,13.91,vehicular
5,11,0,0,105.5,138.03,18.2,33.25,20.0,0.411,0.23,16.3,78.9,0.764,1.827,seasonal_inversion
7,7,4,0,53.71,63.65,17.39,13.79,7.15,0.146,6.4,31.2,66.4,0.844,0.793,unknown
18,10,4,0,181.51,365.37,2.49,18.79,11.1,1.002,1.03,35.3,47.8,0.497,7.539,agricultural_burning
3,12,6,1,163.55,241.33,68.92,39.18,32.22,0.568,1.05,29.3,50.7,0.678,0.568,industrial
9,10,4,0,102.2,232.23,2.85,18.46,8.11,1.386,2.68,26.3,50.3,0.44,6.477,agricultural_burning
12,9,2,0,46.22,73.79,2.63,20.16,10.05,0.325,4.02,40.8,79.7,0.626,7.68,unknown
8,11,1,0,67.29,92.26,17.31,24.07,12.92,1.212,0.41,20.6,70.3,0.729,1.39,seasonal_inversion
6,1,0,0,72.24,118.19,15.91,38.92,21.31,1.246,0.4,8.6,77.4,0.611,2.446,seasonal_inversion
7,2,5,1,48.46,57.39,1.33,16.8,10.93,0.391,7.92,45.8,62.7,0.845,12.673,unknown
13,12,3,0,290.51,413.23,6.75,24.39,18.35,1.837,2.96,36.7,38.5,0.703,3.615,agricultural_burning
17,4,2,0,109.72,188.31,9.64,61.48,42.16,2.472,0.65,23.8,61.0,0.583,6.379,vehicular
7,2,4,0,95.13,105.13,17.09,17.02,22.69,0.335,1.09,21.4,87.3,0.905,0.996,seasonal_inversion
9,12,0,0,201.09,412.26,12.3,3.6,-0.39,0.786,3.34,39.1,50.9,0.488,0.293,agricultural_burning
9,11,5,1,64.03,129.81,13.8,31.37,20.02,0.955,1.21,15.3,69.2,0.493,2.273,seasonal_inversion
23,8,3,0,132.9,162.19,104.83,22.23,16.04,0.731,2.33,21.3,65.4,0.819,0.212,industrial
20,5,4,0,72.5,139.39,8.04,92.94,52.11,1.077,1.79,18.2,40.6,0.52,11.562,vehicular
1,4,6,1,235.72,261.64,48.62,46.55,35.94,0.636,2.12,27.6,85.8,0.901,0.957,industrial
1,10,2,0,154.26,222.91,65.17,48.4,30.32,0.647,3.74,31.3,49.9,0.692,0.743,industrial
2,4,0,0,53.92,83.72,6.0,16.75,12.2,0.343,2.07,25.3,75.3,0.644,2.79,unknown
0,3,3,0,141.39,219.74,61.05,27.39,20.89,0.569,0.76,32.6,72.5,0.643,0.449,industrial
9,10,4,0,83.6,146.15,6.65,115.48,52.22,3.006,0.58,23.7,53.2,0.572,17.36,vehicular
12,12,3,0,18.32,36.39,14.56,24.7,13.82,0.69,5.68,25.2,87.9,0.503,1.696,unknown
5,1,2,0,114.71,100.58,20.55,16.11,12.02,1.152,0.85,14.4,98.0,1.141,0.784,seasonal_inversion
9,11,0,0,127.67,224.24,4.23,16.7,9.55,2.116,2.65,27.8,19.1,0.569,3.948,agricultural_burning
5,11,4,0,128.55,197.83,12.11,32.04,24.73,0.926,0.59,21.9,77.4,0.65,2.646,seasonal_inversion
10,5,2,0,50.79,85.27,4.54,34.72,24.71,2.099,0.88,29.8,60.2,0.596,7.654,vehicular
1,7,6,1,156.17,166.8,75.25,25.84,17.3,0.962,1.82,33.7,76.4,0.936,0.343,industrial
6,10,3,0,176.06,209.12,74.0,33.76,13.92,0.469,1.83,35.8,74.2,0.842,0.456,industrial
17,12,4,0,71.01,111.27,13.83,30.43,25.19,0.345,7.19,32.2,80.3,0.638,2.2,unknown
10,3,4,0,46.89,66.87,6.54,4.35,-3.17,0.348,7.71,35.8,93.7,0.701,0.664,unknown
17,11,4,0,17.48,23.8,6.61,11.68,5.33,0.842,3.81,33.7,25.0,0.734,1.765,unknown
7,11,1,0,70.53,87.26,5.43,125.12,94.81,3.637,2.52,37.9,39.1,0.808,23.032,vehicular
6,11,2,0,113.71,149.76,9.34,42.84,30.56,0.926,0.53,13.0,79.7,0.759,4.585,seasonal_inversion
17,12,0,0,134.14,288.35,3.17,16.01,9.66,1.555,4.58,37.6,48.5,0.465,5.05,agricultural_burning
3,10,5,1,216.69,277.4,87.1,46.36,27.02,0.886,1.11,23.6,77.5,0.781,0.532,industrial
17,2,0,0,77.38,120.28,1.24,94.95,60.12,2.659,2.51,25.7,70.0,0.643,76.705,vehicular
12,3,5,1,153.75,265.25,16.37,34.37,12.23,0.337,3.02,32.8,48.9,0.58,2.1,agricultural_burning
12,11,2,0,117.52,275.07,14.09,39.54,26.19,2.433,3.84,42.2,41.6,0.427,2.806,agricultural_burning
5,1,2,0,76.55,100.43,15.55,27.89,24.72,0.219,0.42,11.6,74.4,0.762,1.794,seasonal_inversion
1,4,3,0,46.68,51.91,7.6,16.27,9.54,0.668,2.29,25.0,61.5,0.899,2.14,unknown
5,12,5,1,191.2,304.0,61.78,47.49,38.21,0.695,3.57,28.5,47.2,0.629,0.769,industrial
22,9,3,0,145.4,128.21,55.35,52.58,26.14,0.553,2.1,27.5,69.2,1.134,0.95,industrial
18,12,3,0,189.65,314.75,6.73,9.87,5.46,2.699,2.83,31.4,34.8,0.603,1.467,agricultural_burning
2,2,3,0,189.97,226.42,105.71,27.88,15.33,0.865,3.02,30.6,69.1,0.839,0.264,industrial
17,2,6,1,27.56,50.43,4.47,13.14,3.81,0.845,4.93,36.9,84.3,0.547,2.941,unknown
7,11,0,0,55.08,57.11,7.72,56.96,31.35,2.709,2.72,33.5,61.4,0.965,7.376,vehicular
16,10,6,1,168.61,356.72,2.32,25.08,14.34,3.385,2.14,25.7,28.2,0.473,10.79,agricultural_burning
4,2,5,1,93.02,79.4,69.43,27.09,13.59,0.948,1.04,27.2,65.8,1.172,0.39,industrial
0,6,4,0,43.34,72.96,12.76,29.59,17.77,0.553,3.74,44.5,51.2,0.594,2.32,unknown
3,4,4,0,159.5,185.89,98.25,33.58,23.08,0.372,1.37,35.4,57.4,0.858,0.342,industrial
15,4,3,0,190.34,304.7,3.92,11.4,7.23,1.691,4.59,32.4,51.8,0.625,2.912,agricultural_burning
10,1,4,0,71.8,91.29,15.75,40.53,24.49,0.822,0.54,17.8,65.5,0.786,2.574,seasonal_inversion
14,4,6,1,167.33,273.23,8.92,23.34,9.45,1.9,3.82,29.9,49.5,0.612,2.615,agricultural_burning
4,7,1,0,48.84,67.76,1.61,12.99,9.53,0.769,3.47,27.0,57.0,0.721,8.09,unknown
5,11,2,0,69.78,73.62,9.67,40.71,27.06,0.758,0.55,11.8,58.0,0.948,4.208,seasonal_inversion
4,9,0,0,148.13,151.87,109.9,32.87,20.46,0.742,0.56,23.9,61.1,0.975,0.299,industrial
19,8,0,0,89.18,138.74,1.3,73.27,46.88,1.423,2.49,30.7,58.5,0.643,56.315,vehicular
15,12,1,0,88.05,170.1,9.43,20.97,6.25,1.469,3.03,27.6,45.0,0.518,2.223,agricultural_burning
9,1,4,0,93.35,128.88,14.15,23.39,16.84,0.825,0.7,10.0,81.3,0.724,1.652,seasonal_inversion
7,11,3,0,102.77,142.03,8.75,69.48,30.43,2.626,2.3,30.6,56.1,0.724,7.945,vehicular
9,3,1,0,167.73,288.07,0.43,29.1,14.84,1.78,1.42,35.9,48.0,0.582,68.171,agricultural_burning
1,6,3,0,179.21,238.41,44.35,6.19,1.68,0.845,1.1,25.6,76.8,0.752,0.139,industrial
0,11,3,0,135.47,195.79,76.21,36.46,27.84,0.995,2.95,26.2,72.9,0.692,0.478,industrial
18,5,3,0,60.94,89.12,5.21,98.38,46.54,1.062,2.42,31.6,47.6,0.684,18.885,vehicular
17,10,0,0,134.97,211.5,5.55,19.11,9.46,2.401,4.12,22.8,43.5,0.638,3.442,agricultural_burning
8,2,3,0,123.27,133.59,15.94,27.42,22.35,1.056,0.31,21.2,87.0,0.923,1.72,seasonal_inversion
10,2,1,0,59.94,82.64,12.85,0.18,-1.86,0.261,4.55,22.4,42.6,0.725,0.014,unknown
9,9,3,0,43.87,87.38,4.09,66.59,47.24,1.42,1.04,30.7,90.0,0.502,16.271,vehicular
1,8,0,0,208.72,235.69,65.45,32.02,18.01,0.811,1.82,19.2,74.7,0.886,0.489,industrial
12,3,5,1,81.95,183.27,9.8,19.97,7.91,1.008,1.37,30.9,43.9,0.447,2.038,agricultural_burning
5,12,6,1,88.63,154.35,8.57,12.43,7.79,0.337,1.15,18.0,74.6,0.574,1.45,seasonal_inversion
18,4,1,0,102.7,183.53,1.64,138.19,82.78,4.209,0.62,35.8,71.6,0.56,84.306,vehicular
19,2,4,0,39.48,42.06,17.95,28.35,15.62,0.602,4.1,19.7,50.6,0.939,1.579,unknown
22,4,6,1,123.86,145.89,51.04,40.72,33.9,0.409,1.31,15.0,70.5,0.849,0.798,industrial
9,12,1,0,70.34,83.82,8.48,12.57,7.85,1.226,1.13,12.0,67.9,0.839,1.483,seasonal_inversion
6,2,1,0,113.07,147.81,15.35,18.18,8.11,0.732,1.22,19.9,66.4,0.765,1.184,seasonal_inversion
2,7,1,0,210.29,275.42,102.13,33.05,24.64,0.497,3.43,26.5,45.3,0.764,0.324,industrial
14,12,4,0,209.91,398.1,7.61,10.83,4.14,2.698,1.29,41.5,53.8,0.527,1.423,agricultural_burning
19,5,1,0,89.1,141.63,8.98,113.62,84.96,1.702,1.37,29.3,64.8,0.629,12.659,vehicular
12,4,5,1,55.69,66.23,7.47,29.0,22.31,0.336,6.59,17.9,81.8,0.841,3.882,unknown
10,11,1,0,105.6,190.17,13.42,33.13,23.87,0.72,0.95,22.7,66.5,0.555,2.468,seasonal_inversion
14,3,1,0,174.99,317.13,8.91,15.26,4.25,2.23,3.58,41.8,80.7,0.552,1.713,agricultural_burning
2,10,5,1,135.41,147.42,87.18,47.61,34.66,0.06,3.49,27.1,48.6,0.919,0.546,industrial
10,1,6,1,146.76,193.66,15.94,28.7,27.8,0.707,0.13,22.0,74.8,0.758,1.8,seasonal_inversion
9,5,4,0,62.03,144.2,4.84,102.77,64.6,2.745,2.77,25.5,66.6,0.43,21.253,vehicular
3,3,4,0,48.68,74.52,12.24,17.71,8.32,0.387,1.16,18.9,48.4,0.653,1.447,unknown
12,3,0,0,182.25,272.73,12.01,30.56,17.73,2.428,3.09,32.6,28.5,0.668,2.545,agricultural_burning
17,2,2,0,117.4,205.84,8.8,72.56,37.5,1.638,2.39,25.6,79.9,0.57,8.241,vehicular
7,12,0,0,132.76,176.47,1.75,41.82,24.93,1.084,0.4,15.6,62.6,0.752,23.855,seasonal_inversion
7,11,6,1,119.21,152.81,2.5,46.16,33.69,1.233,0.02,4.7,80.3,0.78,18.444,seasonal_inversion
9,11,2,0,97.63,115.72,13.48,5.35,1.45,1.202,0.62,20.1,60.5,0.844,0.397,seasonal_inversion
6,1,2,0,147.04,212.11,20.34,24.04,16.43,0.718,0.66,21.5,58.6,0.693,1.182,seasonal_inversion
6,2,4,0,86.1,128.48,10.91,23.86,11.41,1.007,1.14,19.9,72.9,0.67,2.187,seasonal_inversion
9,11,0,0,92.88,131.12,2.07,26.98,16.62,1.008,0.39,8.4,59.8,0.708,13.059,seasonal_inversion
5,12,4,0,179.17,270.77,128.76,19.92,12.53,0.895,1.68,25.4,29.6,0.662,0.155,industrial
12,4,3,0,15.17,27.38,3.76,33.79,17.74,0.257,3.76,18.1,94.2,0.554,8.999,unknown
9,12,4,0,81.41,135.92,18.28,17.64,14.57,0.609,1.16,23.1,83.1,0.599,0.965,seasonal_inversion
19,4,2,0,56.8,112.41,8.23,78.89,48.22,2.578,2.23,27.8,20.0,0.505,9.585,vehicular
8,8,3,0,112.55,171.11,4.26,85.19,65.57,1.502,1.49,30.7,40.7,0.658,19.999,vehicular
20,5,4,0,113.7,191.17,8.68,74.09,41.46,1.953,0.55,33.3,58.3,0.595,8.538,vehicular
5,1,1,0,199.37,271.92,45.63,47.52,23.04,0.935,0.87,29.5,32.8,0.733,1.041,industrial
6,2,1,0,63.67,100.74,3.96,42.05,30.26,0.459,0.36,26.5,71.9,0.632,10.628,seasonal_inversion
3,12,3,0,128.41,156.81,97.35,28.97,21.0,0.618,3.51,26.3,84.1,0.819,0.298,industrial
22,3,0,0,7.08,2.21,5.09,6.96,3.84,0.531,5.55,40.2,56.6,3.205,1.367,unknown
2,11,2,0,167.67,246.4,102.21,34.63,28.95,1.485,1.84,26.2,57.2,0.68,0.339,industrial
13,5,3,0,35.29,49.28,2.63,31.16,23.72,0.504,3.82,37.7,63.1,0.716,11.848,unknown
21,7,3,0,16.8,15.76,4.97,7.44,3.45,0.354,1.37,36.3,60.4,1.066,1.498,unknown
7,1,4,0,100.15,137.12,15.44,33.07,26.1,0.584,0.33,21.6,70.0,0.73,2.142,seasonal_inversion
13,4,4,0,122.44,279.43,11.44,13.58,4.67,2.955,4.74,35.2,21.1,0.438,1.186,agricultural_burning
3,8,1,0,25.57,32.45,6.57,1.96,0.15,0.526,7.6,32.0,91.9,0.788,0.298,unknown
8,6,1,0,98.65,141.97,1.87,93.78,60.61,3.722,0.84,31.1,20.0,0.695,50.254,vehicular
7,12,2,0,105.05,138.42,9.7,91.96,55.09,2.017,2.11,35.7,44.0,0.759,9.486,vehicular
18,3,1,0,236.72,341.63,10.63,27.84,24.44,1.274,1.71,31.2,24.5,0.693,2.62,agricultural_burning
12,4,1,0,30.45,32.99,6.21,0.08,1.05,0.462,4.25,27.9,59.1,0.923,0.014,unknown
6,2,4,0,87.85,106.75,76.34,40.36,21.02,0.426,2.49,32.8,54.1,0.823,0.529,industrial
16,10,4,0,180.03,341.8,7.05,17.45,7.95,1.552,1.87,22.5,36.1,0.527,2.475,agricultural_burning
10,10,2,0,62.37,68.05,4.51,78.69,54.05,2.216,2.21,27.1,53.1,0.917,17.448,vehicular
3,2,0,0,187.73,230.99,81.59,18.84,9.64,0.618,0.62,30.0,63.7,0.813,0.231,industrial
18,3,3,0,195.76,305.03,4.18,2.63,0.1,0.815,2.57,40.1,42.5,0.642,0.628,agricultural_burning
20,3,1,0,64.19,73.9,6.83,83.1,55.89,3.739,2.94,31.1,58.3,0.869,12.167,vehicular
10,12,6,1,97.32,130.06,11.83,28.77,14.04,0.949,0.5,18.4,98.0,0.748,2.431,seasonal_inversion
7,7,4,0,90.61,178.95,7.94,58.03,30.36,2.671,0.52,35.8,59.5,0.506,7.311,vehicular
9,12,3,0,80.69,109.24,4.83,27.76,19.34,0.568,1.44,11.5,72.7,0.739,5.748,seasonal_inversion
14,10,1,0,182.76,269.05,10.11,21.71,11.48,2.777,1.9,35.1,32.2,0.679,2.147,agricultural_burning
20,11,1,0,87.48,153.65,4.04,74.4,44.8,2.982,1.48,28.2,32.7,0.569,18.431,vehicular
5,5,2,0,138.54,191.81,98.22,43.23,37.77,0.958,1.84,25.9,73.0,0.722,0.44,industrial
18,8,3,0,120.93,217.7,-0.46,104.52,74.02,1.28,1.24,23.0,47.7,0.555,5.0,vehicular
18,2,1,0,71.76,137.98,0.45,88.12,46.2,3.968,0.73,30.7,40.5,0.52,196.598,vehicular
7,2,0,0,96.55,136.59,15.98,42.46,27.97,0.759,0.46,25.9,58.9,0.707,2.658,seasonal_inversion
7,12,0,0,81.56,137.1,9.04,16.18,11.67,0.854,0.73,9.3,65.8,0.595,1.79,seasonal_inversion
14,2,6,1,56.01,72.11,12.58,22.51,11.69,0.706,6.6,37.8,67.3,0.777,1.79,unknown
9,2,0,0,67.76,102.87,15.35,53.09,24.17,0.798,0.35,21.0,83.2,0.659,3.458,seasonal_inversion
7,11,3,0,128.92,187.41,7.38,35.3,18.03,1.064,0.92,22.1,79.8,0.688,4.783,seasonal_inversion
17,11,4,0,76.66,206.63,8.62,19.84,12.74,1.935,2.46,24.6,55.9,0.371,2.301,agricultural_burning
5,2,0,0,112.85,145.33,13.37,29.4,17.0,0.554,1.19,15.7,85.3,0.776,2.198,seasonal_inversion
22,11,3,0,193.17,290.75,80.77,4.99,1.89,1.392,1.89,32.8,76.6,0.664,0.062,industrial
10,3,4,0,42.46,64.46,7.61,72.87,41.5,1.943,1.77,30.5,49.6,0.659,9.57,vehicular
6,9,2,0,177.33,241.06,64.46,23.52,17.65,0.631,0.86,26.5,80.3,0.736,0.365,industrial
18,3,4,0,82.01,143.05,4.21,122.39,86.41,1.957,1.18,30.1,54.6,0.573,29.059,vehicular
10,12,3,0,112.83,181.05,5.93,12.51,12.07,0.556,1.4,17.5,64.2,0.623,2.111,seasonal_inversion
18,4,4,0,95.91,185.02,6.19,110.86,89.32,1.884,1.49,34.1,72.1,0.518,17.903,vehicular
19,9,3,0,41.94,90.27,4.65,90.01,57.56,2.412,2.71,24.2,56.7,0.465,19.346,vehicular
14,10,1,0,158.73,292.4,5.44,16.11,9.98,0.558,1.33,40.2,37.7,0.543,2.961,agricultural_burning
6,11,0,0,59.6,76.93,19.76,31.38,24.74,0.541,1.27,11.1,68.8,0.775,1.588,seasonal_inversion
5,11,1,0,116.89,141.79,16.06,10.47,7.89,0.707,0.81,7.3,73.3,0.824,0.652,seasonal_inversion
18,3,4,0,42.39,78.09,4.25,36.06,17.0,0.944,5.39,22.0,24.5,0.543,8.487,unknown
23,3,3,0,51.73,98.16,7.65,10.59,7.67,0.102,5.28,24.9,98.0,0.527,1.384,unknown
2,8,5,1,118.16,151.81,106.26,42.06,35.23,0.724,0.6,30.0,81.6,0.778,0.396,industrial
23,9,1,0,170.44,210.17,108.69,41.6,29.16,0.658,3.6,25.8,86.5,0.811,0.383,industrial
10,11,1,0,112.34,194.65,13.38,30.75,16.24,1.169,0.07,18.7,90.3,0.577,2.299,seasonal_inversion
9,11,5,1,123.8,189.0,4.58,51.73,31.02,0.569,0.26,19.7,62.0,0.655,11.289,seasonal_inversion
7,1,4,0,66.8,62.99,13.87,35.44,24.77,0.356,1.16,20.4,72.8,1.061,2.556,seasonal_inversion
14,3,2,0,148.46,272.28,10.61,12.17,10.17,2.467,3.02,27.6,35.5,0.545,1.147,agricultural_burning
13,3,6,1,46.14,60.46,13.0,34.71,27.93,0.342,3.62,27.8,50.8,0.763,2.671,unknown
14,8,3,0,26.17,39.34,7.99,35.48,18.3,0.315,1.79,34.2,73.1,0.665,4.439,unknown
19,6,3,0,63.77,104.76,12.25,113.07,72.86,2.423,2.68,25.6,55.5,0.609,9.233,vehicular
17,4,1,0,164.73,263.01,10.01,21.77,10.29,1.28,3.89,28.7,34.5,0.626,2.176,agricultural_burning
10,7,1,0,105.54,236.51,9.35,68.31,42.09,1.491,0.73,29.9,70.4,0.446,7.303,vehicular
22,2,5,1,150.61,210.89,47.73,32.56,15.5,0.414,2.03,23.9,72.4,0.714,0.682,industrial
10,12,0,0,48.59,96.36,7.81,84.12,51.77,2.905,1.58,30.9,52.5,0.504,10.769,vehicular
9,1,0,0,117.47,168.77,7.25,31.82,15.75,0.892,1.07,21.2,86.8,0.696,4.39,seasonal_inversion
8,12,6,1,57.05,77.39,5.19,6.1,6.07,0.778,0.59,18.6,63.6,0.737,1.174,seasonal_inversion
10,4,4,0,58.21,116.3,-0.25,58.53,44.17,2.32,0.91,30.5,60.5,0.5,5.0,vehicular
9,1,4,0,133.67,151.54,7.03,37.67,19.06,1.182,0.22,21.5,57.7,0.882,5.357,seasonal_inversion
7,8,6,1,35.77,73.27,4.23,10.43,6.86,0.557,7.36,34.0,63.9,0.488,2.463,unknown
10,11,2,0,104.32,165.34,9.86,20.68,11.94,1.565,2.44,33.2,42.0,0.631,2.097,agricultural_burning
1,5,4,0,179.58,217.91,48.6,43.42,29.02,0.497,2.77,38.2,64.4,0.824,0.894,industrial
18,4,4,0,168.06,240.89,9.75,8.98,6.92,1.703,3.87,34.5,46.3,0.698,0.92,agricultural_burning
10,3,6,1,116.49,208.19,7.39,38.86,14.93,1.008,1.15,27.9,47.6,0.56,5.259,agricultural_burning
0,6,6,1,126.59,178.5,90.63,47.29,31.62,0.818,0.93,31.0,97.5,0.709,0.522,industrial
9,12,6,1,42.1,57.96,1.0,38.15,20.88,0.844,1.0,14.1,74.5,0.726,38.157,seasonal_inversion
3,4,3,0,180.08,196.84,85.93,42.89,34.8,0.808,0.51,31.1,56.3,0.915,0.499,industrial
8,12,2,0,79.86,106.68,15.95,25.98,14.88,1.11,1.25,12.0,81.7,0.749,1.629,seasonal_inversion
9,2,0,0,98.39,106.45,3.13,39.84,29.52,1.197,0.78,14.3,63.5,0.924,12.733,seasonal_inversion
10,2,6,1,64.6,108.66,9.55,44.93,38.34,1.167,1.1,21.4,85.4,0.595,4.707,seasonal_inversion
7,5,1,0,73.19,129.45,8.55,102.2,62.51,2.07,0.77,27.7,69.7,0.565,11.956,vehicular
17,12,4,0,64.38,98.97,6.36,78.69,33.12,2.397,0.91,30.2,28.5,0.65,12.373,vehicular
20,4,2,0,58.93,98.99,11.29,128.28,87.89,2.934,1.59,24.5,27.0,0.595,11.366,vehicular
11,3,1,0,145.56,253.01,11.4,31.59,13.3,1.319,1.74,39.4,69.6,0.575,2.772,agricultural_burning
4,8,5,1,128.62,186.57,35.02,15.54,9.69,0.424,0.8,22.7,53.0,0.689,0.444,industrial
21,12,4,0,53.54,67.02,10.52,17.89,7.99,0.42,5.79,28.0,84.9,0.799,1.701,unknown
12,12,6,1,133.11,247.07,9.55,17.35,5.95,1.78,2.78,34.4,36.2,0.539,1.816,agricultural_burning
11,10,2,0,164.75,398.4,12.21,12.73,7.31,0.758,3.9,38.3,62.9,0.414,1.043,agricultural_burning
6,1,6,1,117.5,180.89,17.66,26.46,10.1,0.539,0.72,12.1,48.6,0.65,1.499,seasonal_inversion
18,7,1,0,92.95,188.62,1.21,47.28,24.05,3.268,1.15,22.4,40.1,0.493,38.932,vehicular
5,7,6,1,42.66,68.19,8.14,8.87,7.5,0.851,1.64,35.1,43.0,0.626,1.09,unknown
7,11,0,0,128.91,187.05,17.43,17.84,12.16,1.48,0.28,20.9,49.2,0.689,1.023,seasonal_inversion
6,12,1,0,111.09,131.83,21.85,56.62,33.42,0.535,0.71,21.6,74.6,0.843,2.591,seasonal_inversion
18,9,0,0,134.69,256.76,5.41,132.87,95.04,2.351,0.51,37.6,57.1,0.525,24.55,vehicular
20,1,2,0,24.95,33.33,7.87,93.65,55.81,2.364,0.7,30.1,52.4,0.749,11.904,vehicular
1,11,5,1,121.48,129.88,50.53,22.11,19.46,0.909,1.55,29.8,63.8,0.935,0.438,industrial
9,6,4,0,57.69,111.53,0.35,115.35,68.95,1.556,2.86,33.3,38.9,0.517,330.197,vehicular
9,1,6,1,146.99,209.71,9.94,31.0,18.5,0.834,1.06,16.3,63.0,0.701,3.119,seasonal_inversion
3,11,6,1,43.14,49.17,5.36,2.88,-0.58,0.794,4.96,47.9,64.5,0.877,0.537,unknown
21,12,2,0,35.17,83.43,2.54,29.66,15.99,0.599,2.74,28.5,42.0,0.422,11.674,unknown
17,11,2,0,138.59,247.63,8.84,35.99,21.9,2.609,3.54,35.5,48.7,0.56,4.074,agricultural_burning
18,12,0,0,123.96,210.73,8.64,31.13,20.35,1.817,1.74,37.3,48.9,0.588,3.604,agricultural_burning
9,11,3,0,110.8,144.49,14.93,2.26,6.07,0.859,0.93,13.4,85.6,0.767,0.152,seasonal_inversion
3,10,2,0,151.38,213.71,95.01,38.57,32.38,0.691,1.08,17.7,82.8,0.708,0.406,industrial
7,12,5,1,70.4,76.92,14.69,12.52,7.69,0.456,0.23,10.5,72.5,0.915,0.852,seasonal_inversion
5,2,1,0,58.43,75.96,7.74,10.45,9.32,0.676,6.86,27.4,76.0,0.769,1.35,unknown
10,10,4,0,116.28,189.45,3.15,13.93,9.0,1.845,2.67,37.1,15.0,0.614,4.428,agricultural_burning
10,1,4,0,76.86,87.74,6.99,2.86,7.2,1.226,0.95,22.7,67.4,0.876,0.41,seasonal_inversion
10,12,4,0,165.54,246.2,4.97,19.1,12.79,0.93,3.51,38.5,59.1,0.672,3.843,agricultural_burning
10,2,4,0,86.18,97.79,18.67,25.93,18.2,1.559,1.27,11.6,71.8,0.881,1.389,seasonal_inversion
7,2,3,0,89.17,110.5,14.28,32.15,20.97,0.885,0.25,19.5,88.5,0.807,2.251,seasonal_inversion
7,1,1,0,76.05,87.19,21.32,33.95,14.96,1.008,0.19,15.7,70.8,0.872,1.592,seasonal_inversion
10,10,3,0,94.35,147.76,5.78,143.64,74.59,1.97,2.55,37.4,52.6,0.639,24.865,vehicular
1,1,1,0,205.9,261.18,99.35,45.82,21.87,0.884,2.21,24.7,80.4,0.788,0.461,industrial
11,2,0,0,53.75,57.84,15.92,19.32,10.38,0.313,1.46,20.1,74.0,0.929,1.213,unknown
18,5,4,0,64.92,105.72,5.33,87.21,42.84,0.985,2.26,26.6,63.5,0.614,16.359,vehicular
7,12,0,0,64.38,109.25,5.47,131.32,90.61,2.463,1.98,29.6,42.8,0.589,23.986,vehicular
0,11,5,1,39.08,46.88,11.77,30.59,18.38,0.687,3.3,30.3,25.4,0.834,2.599,unknown
1,11,3,0,60.67,105.44,1.77,30.68,20.34,0.556,7.87,31.6,60.7,0.575,17.336,unknown
22,12,3,0,178.4,227.2,71.6,19.66,15.16,0.169,0.78,36.7,80.4,0.785,0.275,industrial
3,1,3,0,178.0,215.67,75.76,27.04,20.08,0.835,1.26,28.9,85.1,0.825,0.357,industrial
10,2,0,0,153.3,187.67,13.89,33.09,26.3,0.975,0.03,21.6,74.5,0.817,2.383,seasonal_inversion
2,12,6,1,149.83,183.74,74.2,26.3,12.44,0.318,2.17,29.1,77.1,0.815,0.354,industrial
5,12,6,1,65.69,79.48,18.48,33.38,22.24,1.106,0.19,13.9,86.1,0.827,1.806,seasonal_inversion
8,6,1,0,54.77,55.77,7.07,67.78,50.36,1.977,1.89,36.3,48.1,0.982,9.581,vehicular
17,7,1,0,75.97,140.34,8.16,61.93,46.99,3.087,1.28,29.0,55.7,0.541,7.588,vehicular
10,11,3,0,145.41,305.71,9.12,26.15,12.53,0.72,4.68,35.8,62.3,0.476,2.867,agricultural_burning
20,2,2,0,86.62,137.98,-1.49,84.52,62.19,2.273,1.51,21.1,55.8,0.628,5.0,vehicular
10,11,6,1,76.5,130.43,21.17,23.67,18.73,1.522,0.19,0.5,74.2,0.586,1.118,seasonal_inversion
17,2,0,0,11.67,25.22,8.91,-1.79,-3.16,0.568,3.37,24.6,74.4,0.463,-0.201,unknown
23,10,6,1,131.44,144.84,67.35,15.8,8.33,0.691,2.01,29.1,64.5,0.907,0.235,industrial
7,1,0,0,67.78,108.01,19.27,25.71,9.19,1.071,0.82,5.3,98.0,0.628,1.334,seasonal_inversion
17,12,5,1,39.92,45.68,6.93,1.85,1.71,0.657,1.03,36.9,42.9,0.874,0.267,unknown
9,12,1,0,125.81,167.04,1.27,24.84,8.34,1.092,0.54,20.4,69.4,0.753,19.555,seasonal_inversion
1,12,1,0,146.19,198.5,50.36,43.33,19.88,0.73,3.98,35.6,100.0,0.737,0.86,industrial
7,4,2,0,30.49,51.05,2.29,27.81,11.18,0.334,4.15,29.8,61.1,0.597,12.161,unknown
10,11,0,0,48.91,89.64,3.67,59.08,51.88,1.846,1.72,24.8,75.0,0.546,16.098,vehicular
8,2,0,0,85.59,139.74,21.89,36.34,20.18,0.668,1.19,22.3,67.3,0.612,1.66,seasonal_inversion
2,6,0,0,194.54,263.1,90.05,20.7,12.46,0.71,2.85,30.1,66.8,0.739,0.23,industrial
4,4,5,1,142.09,238.65,54.65,31.75,21.31,0.659,0.76,27.6,36.3,0.595,0.581,industrial
7,8,2,0,79.76,153.0,2.97,122.08,68.22,3.512,2.16,30.2,37.4,0.521,41.117,vehicular
12,3,6,1,317.25,440.37,1.11,25.7,10.86,1.18,2.78,28.8,44.0,0.72,23.215,agricultural_burning
5,4,5,1,44.72,92.34,0.84,12.49,3.96,0.493,2.36,27.9,57.0,0.484,14.846,unknown
4,5,3,0,181.43,213.32,65.19,26.71,17.65,0.75,3.19,35.0,71.5,0.851,0.41,industrial
18,1,4,0,6.48,6.42,18.03,46.43,34.75,0.47,5.98,29.8,32.8,1.009,2.574,unknown
12,10,5,1,213.97,349.16,11.25,17.31,7.86,3.144,2.14,35.9,52.5,0.613,1.538,agricultural_burning
22,1,6,1,126.71,164.65,76.55,11.2,7.23,1.298,2.5,30.5,73.2,0.77,0.146,industrial
11,12,3,0,108.8,200.53,12.53,21.27,5.07,1.282,3.14,33.5,28.7,0.543,1.698,agricultural_burning
4,8,5,1,152.05,170.38,69.1,52.72,28.38,0.868,3.34,22.3,74.3,0.892,0.763,industrial
7,11,3,0,101.54,130.32,9.61,24.09,17.86,0.219,0.77,28.8,81.5,0.779,2.506,seasonal_inversion
8,8,3,0,72.3,134.45,5.64,95.07,49.37,3.307,2.14,31.3,22.1,0.538,16.851,vehicular
18,4,6,1,26.54,41.1,11.78,19.49,9.93,0.103,4.46,31.8,51.6,0.646,1.655,unknown
10,8,5,1,48.19,66.28,15.35,15.4,9.13,0.418,4.16,33.6,93.6,0.727,1.003,unknown
7,11,3,0,140.8,169.43,7.69,20.29,13.36,0.722,1.34,20.0,75.6,0.831,2.639,seasonal_inversion
10,2,6,1,116.17,158.91,12.3,53.33,37.26,0.643,0.13,11.4,72.5,0.731,4.335,seasonal_inversion
7,1,4,0,111.52,167.24,-0.74,135.23,78.28,3.186,1.62,37.6,46.3,0.667,5.0,vehicular
17,12,4,0,38.08,40.32,4.13,38.26,32.25,0.399,5.5,28.2,30.0,0.945,9.267,unknown
12,3,2,0,191.79,303.95,19.15,34.07,21.0,1.291,3.34,27.8,61.6,0.631,1.779,agricultural_burning
23,7,4,0,34.64,49.47,12.34,29.51,21.11,0.736,6.84,29.8,42.8,0.7,2.391,unknown
9,12,6,1,121.96,128.14,14.78,9.7,10.05,0.639,0.7,22.3,84.2,0.952,0.656,seasonal_inversion
6,11,4,0,132.97,167.48,57.92,27.21,21.45,1.337,2.22,34.2,69.9,0.794,0.47,industrial
6,1,4,0,69.32,97.61,6.62,23.04,6.49,0.254,1.31,26.7,70.7,0.71,3.482,seasonal_inversion
4,4,3,0,92.01,134.86,9.29,22.62,14.37,0.42,1.63,28.7,37.1,0.682,2.435,unknown
0,7,2,0,51.32,43.4,19.04,15.55,13.64,0.23,3.74,28.5,71.0,1.182,0.817,unknown
1,9,2,0,174.28,240.41,66.69,16.27,6.44,1.112,2.66,32.3,60.0,0.725,0.244,industrial
10,11,6,1,132.98,217.5,8.85,11.55,2.72,1.232,4.93,36.9,41.5,0.611,1.305,agricultural_burning
8,12,1,0,102.68,134.85,6.45,53.13,28.56,0.744,0.09,17.8,74.4,0.761,8.241,seasonal_inversion
10,6,4,0,67.82,118.53,4.14,129.63,67.44,2.39,2.33,37.5,54.0,0.572,31.333,vehicular
4,1,5,1,7.82,6.94,6.36,30.54,19.97,0.605,3.21,36.3,44.9,1.126,4.799,unknown
10,12,0,0,80.85,127.45,8.11,12.52,11.48,0.957,0.06,19.7,78.8,0.634,1.544,seasonal_inversion
13,11,2,0,194.13,287.42,8.96,29.49,16.44,2.321,1.6,25.9,50.2,0.675,3.29,agricultural_burning
9,12,1,0,57.12,70.16,17.83,14.41,7.38,0.695,1.31,14.1,83.2,0.814,0.808,seasonal_inversion
20,5,1,0,41.96,71.02,4.06,14.22,7.1,0.747,2.3,29.7,88.1,0.591,3.499,unknown
8,2,4,0,57.13,52.01,6.94,35.79,21.81,0.369,1.06,15.9,78.7,1.099,5.157,seasonal_inversion
8,2,1,0,105.28,140.35,14.16,12.08,7.04,1.114,0.7,23.8,92.4,0.75,0.853,seasonal_inversion
10,2,5,1,118.05,147.99,13.56,29.17,20.13,0.297,0.27,21.4,87.4,0.798,2.151,seasonal_inversion
1,3,1,0,98.64,127.01,70.5,48.94,36.1,1.035,2.29,22.7,66.5,0.777,0.694,industrial
7,1,1,0,94.52,118.34,7.87,74.2,55.57,2.36,2.48,16.5,59.0,0.799,9.43,vehicular
6,1,2,0,123.4,171.46,28.29,21.77,15.03,1.098,0.68,13.0,59.7,0.72,0.769,seasonal_inversion
20,12,1,0,63.15,55.93,6.01,65.63,46.6,1.984,1.17,34.4,46.0,1.129,10.922,vehicular
23,4,6,1,146.19,213.28,66.56,20.13,15.14,0.796,1.58,29.1,71.1,0.685,0.302,industrial
9,3,5,1,214.83,314.59,8.58,17.96,9.33,2.164,4.46,42.3,58.5,0.683,2.093,agricultural_burning
10,7,0,0,81.95,165.92,3.48,128.01,78.18,1.939,0.79,33.9,47.5,0.494,36.798,vehicular
17,2,3,0,24.16,41.15,2.7,16.2,5.14,0.592,6.71,25.4,76.8,0.587,5.997,unknown
19,11,0,0,56.92,106.99,6.29,97.07,43.29,1.439,1.41,34.8,45.7,0.532,15.428,vehicular
20,6,6,1,11.76,11.18,14.86,17.13,7.52,0.246,2.58,23.5,61.1,1.051,1.153,unknown
5,3,5,1,157.68,231.13,57.25,24.9,17.48,0.822,2.45,30.2,79.7,0.682,0.435,industrial
11,1,6,1,49.72,86.4,12.36,18.8,15.4,0.38,2.82,26.6,52.5,0.575,1.522,unknown
9,12,2,0,85.91,144.37,26.52,20.51,20.37,0.809,1.12,19.3,77.4,0.595,0.773,seasonal_inversion
6,1,2,0,97.2,135.53,15.9,41.2,32.74,0.584,1.15,18.4,77.4,0.717,2.591,seasonal_inversion
6,1,3,0,88.06,99.79,22.84,21.77,8.95,1.007,0.52,12.3,83.9,0.882,0.953,seasonal_inversion
20,12,3,0,90.55,134.66,4.39,104.35,45.31,3.377,1.37,29.8,47.6,0.672,23.744,vehicular
6,11,4,0,48.33,70.95,5.21,17.41,5.97,1.656,1.04,12.5,78.0,0.681,3.344,seasonal_inversion
8,2,3,0,100.42,149.57,9.95,37.37,24.01,0.355,0.73,19.9,91.9,0.671,3.755,seasonal_inversion
6,11,4,0,138.74,240.27,6.27,17.13,11.42,0.609,0.21,29.1,74.6,0.577,2.729,seasonal_inversion
7,6,4,0,119.77,200.27,2.35,70.06,39.89,1.796,2.46,23.9,69.7,0.598,29.874,vehicular
10,8,4,0,82.43,118.12,5.35,96.37,70.28,4.294,1.05,32.4,49.8,0.698,18.007,vehicular
6,2,4,0,73.83,115.17,7.36,22.96,12.78,0.976,0.71,1.0,77.8,0.641,3.121,seasonal_inversion
20,1,3,0,63.97,140.45,9.12,67.31,52.99,2.807,1.36,29.9,57.8,0.455,7.38,vehicular
10,12,0,0,24.01,19.63,12.02,8.96,8.44,0.577,7.07,21.6,82.3,1.223,0.746,unknown
19,8,4,0,99.59,162.34,8.42,105.87,64.13,2.986,0.88,22.9,53.5,0.613,12.568,vehicular
10,1,2,0,83.7,114.86,8.15,6.1,6.14,1.19,0.98,8.6,79.5,0.729,0.748,seasonal_inversion
16,4,2,0,115.29,263.53,9.3,27.58,13.94,1.612,2.77,37.6,64.0,0.437,2.966,agricultural_burning
2,11,6,1,51.9,76.47,13.56,21.21,8.06,0.488,4.32,28.4,77.0,0.679,1.564,unknown
16,3,4,0,90.37,185.52,10.62,29.47,20.1,1.821,1.93,30.3,34.3,0.487,2.775,agricultural_burning
5,12,6,1,140.25,155.97,72.16,54.1,32.23,1.283,2.69,31.4,82.0,0.899,0.75,industrial
6,12,5,1,111.11,159.02,79.28,27.26,23.42,0.68,1.62,20.9,87.2,0.699,0.344,industrial
14,11,2,0,157.7,302.12,10.64,12.41,8.5,1.922,2.8,37.7,18.7,0.522,1.167,agricultural_burning
19,4,0,0,112.79,140.52,5.37,90.76,66.56,2.06,2.01,18.3,72.2,0.803,16.909,vehicular
8,4,4,0,84.94,169.77,3.92,85.65,71.19,2.924,2.6,30.4,47.6,0.5,21.832,vehicular
11,4,3,0,156.99,263.56,7.63,15.36,9.76,2.14,4.6,31.0,49.3,0.596,2.012,agricultural_burning
15,5,0,0,78.15,139.78,6.89,19.78,8.88,0.638,7.65,34.6,51.4,0.559,2.87,unknown
9,1,3,0,106.31,134.65,7.14,12.91,7.63,0.546,0.53,16.9,75.9,0.79,1.807,seasonal_inversion
13,10,1,0,171.02,320.21,7.49,19.82,9.16,1.191,3.13,38.5,15.0,0.534,2.646,agricultural_burning
9,3,5,1,78.66,161.92,3.84,12.61,4.51,1.756,1.75,31.7,44.8,0.486,3.281,agricultural_burning
23,7,1,0,177.5,208.27,54.29,5.36,6.51,0.5,3.68,33.0,64.3,0.852,0.099,industrial
4,5,2,0,191.27,225.21,119.75,34.5,21.78,0.922,3.05,24.7,74.0,0.849,0.288,industrial
8,2,6,1,102.13,179.42,14.25,32.96,28.1,0.868,1.11,23.8,79.2,0.569,2.314,seasonal_inversion
5,12,0,0,142.15,193.01,12.22,35.06,17.57,1.051,1.03,20.2,70.1,0.737,2.869,seasonal_inversion
13,4,6,1,171.86,243.24,17.1,16.54,9.31,2.33,1.18,33.2,43.5,0.707,0.967,agricultural_burning
3,1,3,0,200.94,201.41,91.08,53.06,27.1,0.871,3.64,20.7,54.4,0.998,0.583,industrial
22,2,2,0,143.51,177.85,91.77,32.97,22.3,0.52,3.97,28.0,85.6,0.807,0.359,industrial
11,8,6,1,49.78,71.15,8.42,27.26,16.13,0.578,3.15,35.3,45.9,0.7,3.239,unknown
10,4,4,0,55.08,79.73,3.69,96.37,58.04,1.735,2.01,28.6,49.7,0.691,26.098,vehicular
16,3,5,1,238.75,386.7,7.92,23.12,15.57,0.818,1.88,37.8,26.5,0.617,2.918,agricultural_burning
2,4,2,0,48.12,70.85,17.06,26.43,11.75,0.58,2.17,39.5,49.7,0.679,1.549,unknown
9,1,6,1,75.32,93.29,14.18,42.49,32.69,0.979,1.49,18.0,86.2,0.807,2.997,seasonal_inversion
8,12,3,0,42.48,72.31,10.38,75.14,54.48,3.121,2.42,28.0,41.2,0.588,7.237,vehicular
10,2,0,0,127.74,196.99,15.27,24.91,19.44,0.659,1.02,18.2,86.4,0.648,1.631,seasonal_inversion
8,11,5,1,44.19,51.42,5.55,25.69,18.63,1.087,0.63,9.3,67.9,0.859,4.629,seasonal_inversion
2,9,4,0,196.34,189.28,66.93,37.83,23.36,0.538,1.05,29.2,62.6,1.037,0.565,industrial
7,8,0,0,96.06,164.5,8.56,96.91,49.77,3.38,0.78,25.7,60.5,0.584,11.326,vehicular
15,12,1,0,118.8,251.72,6.63,27.84,17.5,2.006,1.49,31.6,26.0,0.472,4.198,agricultural_burning
10,2,0,0,76.46,119.29,8.24,117.44,68.85,3.762,1.17,35.2,42.9,0.641,14.245,vehicular
1,6,6,1,64.12,49.04,5.29,7.07,5.68,0.724,4.09,35.2,50.9,1.307,1.337,unknown
20,6,0,0,79.72,142.06,4.19,77.16,42.26,2.562,2.52,26.4,50.7,0.561,18.422,vehicular
0,12,1,0,134.87,219.06,94.13,18.54,12.97,0.352,1.71,30.9,34.7,0.616,0.197,industrial
14,6,6,1,28.12,43.47,10.37,13.51,8.63,0.642,5.92,29.1,57.7,0.647,1.302,unknown
22,5,1,0,63.43,107.1,1.25,30.55,16.42,0.596,7.71,31.8,50.6,0.592,24.396,unknown
7,4,1,0,45.06,52.44,8.69,85.24,57.34,2.655,0.75,30.2,60.9,0.859,9.806,vehicular
10,3,0,0,182.26,374.44,12.19,10.72,3.79,1.434,4.05,29.6,47.3,0.487,0.88,agricultural_burning
3,8,3,0,175.69,208.5,90.61,33.78,22.87,0.908,2.18,24.1,90.4,0.843,0.373,industrial
1,8,2,0,169.52,220.54,69.21,17.57,9.43,0.789,0.97,31.9,59.4,0.769,0.254,industrial
1,11,2,0,89.24,151.86,61.93,38.99,30.47,0.992,0.87,30.8,33.4,0.588,0.63,industrial
8,9,3,0,27.09,38.11,8.07,-0.9,-0.19,0.603,5.33,31.6,27.4,0.711,-0.112,unknown
2,4,1,0,185.8,196.32,72.06,40.18,21.07,1.059,1.11,33.0,81.6,0.946,0.558,industrial
16,11,0,0,137.99,240.42,1.54,22.9,12.65,0.952,3.74,26.0,78.3,0.574,14.881,agricultural_burning
1,6,0,0,100.97,119.3,64.36,44.24,29.73,1.269,2.66,27.8,61.1,0.846,0.687,industrial
6,9,5,1,170.48,223.25,70.55,45.89,28.57,0.648,1.51,37.0,66.2,0.764,0.651,industrial
9,3,1,0,82.13,152.7,20.61,11.29,8.99,3.137,3.88,34.2,60.4,0.538,0.548,agricultural_burning
12,11,2,0,26.21,31.49,4.63,22.24,15.78,0.306,3.71,29.9,65.8,0.832,4.801,unknown
22,12,4,0,156.12,183.39,78.27,42.39,33.2,1.384,1.69,25.8,57.7,0.851,0.542,industrial
19,5,6,1,19.59,30.36,11.1,21.93,13.46,0.625,3.4,26.7,54.0,0.645,1.975,unknown
7,1,6,1,130.77,142.29,23.68,32.99,25.78,0.983,0.43,20.5,68.3,0.919,1.394,seasonal_inversion
20,3,3,0,40.44,51.16,4.79,31.47,12.03,0.765,5.94,19.5,58.8,0.791,6.57,unknown
5,10,3,0,177.16,266.82,68.91,35.68,24.42,0.734,3.19,30.3,90.0,0.664,0.518,industrial
21,2,1,0,52.73,88.45,11.84,15.15,11.52,0.337,5.1,23.8,83.5,0.596,1.279,unknown
18,12,2,0,216.55,381.31,10.3,12.55,7.3,1.591,3.64,30.5,45.7,0.568,1.219,agricultural_burning
10,1,2,0,117.53,166.9,14.89,24.66,18.36,0.414,0.17,13.0,67.4,0.704,1.656,seasonal_inversion
7,1,2,0,55.05,55.79,9.07,87.76,59.29,2.78,2.24,33.9,54.1,0.987,9.673,vehicular
0,3,5,1,135.32,213.42,71.04,39.79,24.54,0.991,3.5,29.8,67.9,0.634,0.56,industrial
2,1,2,0,222.29,280.39,50.44,13.25,8.05,1.449,0.78,33.9,44.9,0.793,0.263,industrial
22,3,2,0,171.07,188.36,65.71,26.15,18.45,0.651,1.91,28.5,35.4,0.908,0.398,industrial
20,3,1,0,62.06,108.34,3.13,138.69,94.4,3.052,0.79,33.3,66.7,0.573,44.279,vehicular
9,2,2,0,94.36,112.5,7.79,89.96,48.34,1.815,1.82,31.8,57.5,0.839,11.552,vehicular
10,10,3,0,214.01,318.61,14.08,17.45,14.61,1.967,2.94,33.5,62.2,0.672,1.24,agricultural_burning
6,1,6,1,93.27,144.9,11.43,41.68,25.32,1.117,1.13,23.7,84.6,0.644,3.648,seasonal_inversion
13,3,6,1,25.46,34.22,17.1,22.48,16.79,0.446,7.99,26.7,20.2,0.744,1.315,unknown
13,11,1,0,109.38,263.41,6.17,12.34,7.05,1.348,1.08,36.4,53.8,0.415,2.0,agricultural_burning
7,7,2,0,85.65,139.47,5.11,109.46,92.48,1.335,1.17,35.1,40.2,0.614,21.403,vehicular
6,11,2,0,80.82,103.65,3.66,47.6,27.1,1.115,0.65,19.4,69.3,0.78,12.993,seasonal_inversion
1,4,0,0,168.16,194.61,91.59,8.48,4.93,0.71,2.27,32.6,78.8,0.864,0.093,industrial
6,6,5,1,124.15,168.59,61.04,32.23,8.41,1.075,0.95,33.6,63.4,0.736,0.528,industrial
16,12,6,1,109.38,166.61,6.54,17.98,9.33,0.836,3.62,27.6,47.6,0.656,2.75,agricultural_burning
9,12,5,1,85.61,123.53,4.72,27.27,17.96,0.864,1.33,14.0,66.7,0.693,5.78,seasonal_inversion
2,6,5,1,184.72,308.69,65.07,33.3,27.85,0.286,2.59,28.8,41.2,0.598,0.512,industrial
9,12,4,0,145.91,297.03,1.68,12.11,3.06,2.228,4.9,31.1,57.9,0.491,7.211,agricultural_burning
19,9,4,0,58.21,115.44,4.93,58.51,24.77,1.491,1.18,26.5,34.7,0.504,11.878,vehicular
9,6,1,0,48.15,68.43,4.9,66.36,38.75,1.421,1.46,31.9,23.0,0.704,13.535,vehicular
16,10,3,0,124.92,226.02,8.83,11.11,1.94,1.887,1.9,16.4,20.1,0.553,1.258,agricultural_burning
6,12,6,1,70.19,76.99,5.58,18.58,14.74,1.371,0.87,21.5,69.6,0.912,3.33,seasonal_inversion
17,4,6,1,205.92,306.96,7.96,23.64,21.37,1.512,3.22,29.4,64.5,0.671,2.968,agricultural_burning
18,12,6,1,139.18,268.26,4.87,21.84,14.99,1.954,1.96,23.4,56.0,0.519,4.487,agricultural_burning
15,12,6,1,42.96,71.64,6.69,7.25,2.22,0.406,1.64,28.0,70.7,0.6,1.084,unknown
7,9,3,0,73.04,137.88,10.21,93.86,68.91,3.53,1.86,29.7,45.5,0.53,9.194,vehicular
9,2,3,0,66.69,109.93,13.72,27.97,19.52,0.654,0.7,19.2,69.5,0.607,2.038,seasonal_inversion
18,4,4,0,178.69,274.99,7.49,20.29,7.29,1.938,3.86,29.9,34.6,0.65,2.71,agricultural_burning
2,2,5,1,206.14,280.27,58.93,54.13,23.88,0.811,0.68,31.8,54.1,0.736,0.919,industrial
18,4,4,0,258.62,397.07,12.16,2.72,-0.12,2.691,3.12,27.8,18.0,0.651,0.224,agricultural_burning
23,3,5,1,188.8,213.07,45.71,46.9,32.19,0.865,2.2,30.5,67.0,0.886,1.026,industrial
4,5,1,0,55.27,30.37,29.74,28.4,21.58,0.979,2.34,25.8,52.7,1.82,0.955,industrial
2,7,0,0,69.72,90.78,13.73,29.31,19.15,0.741,3.34,24.0,51.7,0.768,2.135,unknown
8,9,3,0,71.71,100.76,7.78,65.05,47.21,1.913,1.89,26.4,70.5,0.712,8.356,vehicular
7,12,4,0,118.34,162.8,16.71,31.88,24.73,1.243,1.16,26.4,65.9,0.727,1.908,seasonal_inversion
18,11,0,0,196.41,299.09,6.34,8.85,7.29,0.944,1.37,23.1,58.7,0.657,1.396,agricultural_burning
7,5,3,0,69.28,115.65,4.69,98.95,52.05,3.083,2.89,32.3,78.5,0.599,21.108,vehicular
20,12,0,0,32.76,35.16,8.37,16.09,12.89,0.764,5.68,36.3,46.0,0.932,1.923,unknown
14,12,5,1,217.38,321.17,17.07,21.68,6.46,0.872,1.49,38.7,47.8,0.677,1.27,agricultural_burning
23,8,5,1,155.56,204.72,60.12,42.63,26.0,1.152,2.97,32.2,73.4,0.76,0.709,industrial
19,8,3,0,64.89,88.84,3.74,118.72,80.13,3.749,1.58,27.9,53.5,0.73,31.77,vehicular
19,10,3,0,40.82,47.92,12.77,28.49,22.35,0.957,4.05,27.4,26.9,0.852,2.231,unknown
8,11,1,0,91.16,125.84,15.3,16.43,14.69,0.787,0.91,14.2,66.1,0.724,1.074,seasonal_inversion
7,1,3,0,31.58,45.04,10.67,27.44,11.34,0.775,3.71,39.6,73.8,0.701,2.573,unknown
4,8,1,0,235.7,290.36,80.89,31.77,29.67,0.656,3.61,28.8,60.6,0.812,0.393,industrial
9,12,6,1,67.39,116.25,13.66,39.64,27.16,1.418,0.62,19.5,79.4,0.58,2.902,seasonal_inversion
12,12,2,0,28.42,38.42,-0.67,20.71,10.56,0.751,5.64,25.9,29.2,0.74,5.0,unknown
18,9,1,0,75.69,158.65,3.27,138.6,93.42,3.69,1.32,33.8,39.0,0.477,42.363,vehicular
22,9,2,0,150.68,170.91,35.51,19.72,11.1,0.713,1.27,35.2,65.0,0.882,0.555,industrial
20,9,4,0,87.3,149.68,9.37,80.42,57.22,2.97,2.46,26.8,34.4,0.583,8.583,vehicular
6,1,6,1,143.22,207.94,8.21,29.37,15.82,0.422,0.84,14.9,78.9,0.689,3.579,seasonal_inversion
4,8,0,0,131.04,159.44,73.93,56.02,26.35,0.45,0.52,30.0,54.2,0.822,0.758,industrial
14,12,0,0,226.73,317.87,11.77,3.61,2.71,2.408,2.37,29.3,42.4,0.713,0.307,agricultural_burning
23,12,4,0,131.37,163.63,93.95,33.0,20.34,0.897,2.05,25.5,55.7,0.803,0.351,industrial
16,3,1,0,166.26,242.47,10.44,20.43,9.97,2.345,3.71,34.0,19.8,0.686,1.956,agricultural_burning
20,3,0,0,54.7,99.31,1.11,50.14,26.37,2.751,2.38,26.0,40.7,0.551,45.113,vehicular
3,6,3,0,146.41,141.53,102.06,32.9,14.26,0.866,1.01,14.7,62.5,1.034,0.322,industrial
22,6,0,0,60.56,90.86,10.33,8.84,7.8,0.679,5.12,17.4,84.1,0.667,0.856,unknown
0,3,6,1,168.96,173.9,76.41,14.26,10.2,0.481,1.83,24.5,66.4,0.972,0.187,industrial
14,1,4,0,72.17,94.93,12.44,14.79,12.04,0.423,4.66,34.6,34.3,0.76,1.189,unknown
7,1,3,0,115.47,116.03,24.59,21.05,7.79,1.067,0.9,15.6,49.9,0.995,0.856,seasonal_inversion
5,4,1,0,81.37,76.85,46.31,39.42,20.43,1.509,3.42,30.9,69.4,1.059,0.851,industrial
10,1,1,0,49.78,85.98,10.63,5.52,2.82,0.222,1.59,25.2,79.6,0.579,0.519,unknown
9,1,1,0,94.14,121.89,32.0,28.0,13.03,0.538,1.45,13.5,61.2,0.772,0.875,seasonal_inversion
8,1,1,0,75.59,144.47,10.09,68.32,42.61,2.202,2.65,26.6,50.3,0.523,6.772,vehicular
16,12,3,0,156.51,304.07,9.4,20.29,11.54,1.539,3.43,36.5,59.7,0.515,2.158,agricultural_burning
23,4,1,0,132.35,188.84,87.25,27.96,20.69,1.118,2.31,35.4,85.3,0.701,0.32,industrial
13,10,0,0,137.85,237.76,4.07,24.47,13.17,2.433,2.6,33.9,54.5,0.58,6.006,agricultural_burning
1,11,2,0,228.93,241.89,78.12,59.62,32.05,0.675,0.76,28.8,77.9,0.946,0.763,industrial
10,5,4,0,48.55,91.78,7.19,-0.47,1.23,0.323,4.55,24.4,62.5,0.529,-0.065,unknown
14,3,4,0,2.88,-0.78,18.63,44.41,34.49,0.337,4.36,25.9,89.1,0.5,2.384,unknown
7,2,5,1,93.57,167.91,12.5,43.67,37.09,0.58,0.07,21.0,57.6,0.557,3.492,seasonal_inversion
3,7,2,0,89.27,105.01,80.14,8.77,8.98,0.752,2.87,31.8,66.0,0.85,0.109,industrial
9,11,0,0,88.58,103.53,12.0,15.37,7.35,0.81,0.24,25.7,85.5,0.856,1.281,seasonal_inversion
14,10,6,1,149.52,327.92,11.57,8.58,4.86,1.679,2.72,25.9,50.9,0.456,0.741,agricultural_burning
0,10,2,0,166.54,200.04,81.43,44.28,25.71,0.484,1.78,26.7,70.1,0.833,0.544,industrial
22,6,5,1,176.36,257.36,80.8,34.24,19.15,1.388,2.57,29.2,68.1,0.685,0.424,industrial
10,8,5,1,12.53,14.11,9.79,28.72,19.6,0.258,1.92,21.3,69.2,0.888,2.933,unknown
9,5,3,0,72.14,72.96,2.7,86.7,52.19,2.125,0.61,30.3,80.6,0.989,32.071,vehicular
13,3,2,0,165.49,361.14,5.58,-2.21,-1.18,1.386,3.72,28.1,43.2,0.458,-0.396,agricultural_burning
12,3,6,1,162.9,246.78,7.52,2.4,-1.41,1.926,4.63,28.4,49.8,0.66,0.319,agricultural_burning
1,4,1,0,48.09,79.59,4.48,12.17,3.1,0.7,2.58,22.1,49.5,0.604,2.718,unknown
9,12,3,0,115.29,151.13,4.28,42.08,34.16,0.691,0.1,13.8,80.7,0.763,9.84,seasonal_inversion
19,1,1,0,140.53,214.02,10.78,111.94,80.25,2.159,0.63,27.3,52.3,0.657,10.384,vehicular
6,3,6,1,231.91,350.59,91.44,15.06,11.11,0.371,2.78,32.4,43.0,0.661,0.165,industrial
20,8,0,0,49.18,109.54,10.59,76.52,40.83,2.45,0.92,26.2,78.2,0.449,7.23,vehicular
9,12,4,0,25.9,49.99,8.2,1.74,2.97,0.353,6.38,26.3,33.4,0.518,0.212,unknown
18,4,2,0,86.69,154.33,7.31,157.05,105.59,4.329,1.57,35.3,38.0,0.562,21.483,vehicular
15,10,3,0,173.69,293.9,6.41,16.92,8.06,2.024,3.86,19.8,40.8,0.591,2.64,agricultural_burning
12,5,1,0,33.76,40.84,1.61,32.51,19.19,0.567,1.14,19.1,84.6,0.827,20.221,unknown
6,11,2,0,127.6,173.6,6.88,32.88,27.38,0.969,1.02,19.4,86.9,0.735,4.779,seasonal_inversion
9,11,3,0,64.0,77.53,19.24,22.08,17.47,0.86,0.28,12.6,75.0,0.825,1.147,seasonal_inversion
1,7,2,0,139.7,159.23,89.37,45.11,29.09,1.037,3.96,25.3,60.1,0.877,0.505,industrial
7,4,0,0,57.62,92.12,3.56,42.44,27.83,0.481,1.96,30.1,49.1,0.625,11.906,unknown
9,11,0,0,142.01,255.12,0.97,25.12,16.09,1.585,2.34,35.8,23.7,0.557,26.021,agricultural_burning
18,2,2,0,64.12,79.68,2.66,80.47,53.13,2.627,0.69,30.8,51.5,0.805,30.29,vehicular
19,5,2,0,103.94,152.42,8.63,113.13,69.31,1.599,1.96,29.4,69.5,0.682,13.11,vehicular
9,8,5,1,37.5,48.75,8.77,19.92,11.03,0.231,7.49,35.2,65.0,0.769,2.272,unknown
9,12,4,0,55.66,127.99,9.2,56.5,41.83,2.494,2.09,29.6,56.4,0.435,6.141,vehicular
20,7,3,0,29.99,53.89,10.58,12.37,6.68,0.477,6.79,45.9,59.8,0.556,1.169,unknown
15,7,5,1,46.09,67.05,11.01,19.19,15.0,0.458,7.61,25.3,65.5,0.687,1.743,unknown
9,3,0,0,265.79,387.28,7.53,11.49,7.94,1.451,2.63,23.4,62.2,0.686,1.525,agricultural_burning
8,11,3,0,69.55,90.41,16.63,12.48,11.69,0.981,0.91,29.2,76.3,0.769,0.751,seasonal_inversion
17,3,6,1,199.14,256.85,15.49,29.51,14.56,2.052,1.87,37.0,40.8,0.775,1.905,agricultural_burning
22,11,2,0,53.97,80.2,6.76,28.97,16.72,0.572,4.0,29.7,46.2,0.673,4.288,unknown
3,3,2,0,258.44,364.97,77.61,29.2,18.85,0.526,1.68,25.0,59.8,0.708,0.376,industrial
10,11,2,0,52.19,107.77,3.3,113.1,62.79,2.171,1.99,25.9,35.7,0.484,34.281,vehicular
8,11,6,1,79.89,129.25,10.37,27.61,12.09,0.601,0.2,20.2,82.2,0.618,2.662,seasonal_inversion
11,1,3,0,34.88,53.49,9.01,6.84,0.63,0.807,4.44,35.0,54.5,0.652,0.76,unknown
10,12,5,1,81.51,99.46,11.36,36.88,27.06,1.42,1.39,16.5,96.5,0.82,3.247,seasonal_inversion
15,3,5,1,44.99,74.88,9.85,10.96,8.38,0.685,6.61,28.4,76.0,0.601,1.112,unknown
9,2,4,0,57.04,134.44,4.5,101.87,59.27,3.349,2.5,26.5,47.7,0.424,22.638,vehicular
8,6,2,0,18.83,52.91,8.57,131.84,75.29,2.45,1.02,25.0,54.1,0.356,15.381,vehicular
10,8,2,0,38.19,49.41,1.01,15.53,12.17,0.539,4.71,35.1,52.5,0.773,15.421,unknown
9,3,5,1,94.45,299.57,7.61,13.47,9.25,1.937,3.27,37.0,58.2,0.315,1.771,agricultural_burning
22,1,0,0,160.23,210.89,93.68,40.09,26.34,1.215,1.66,25.5,65.0,0.76,0.428,industrial
12,8,0,0,47.96,93.02,9.26,-3.0,-2.98,0.505,7.81,28.2,52.9,0.516,-0.324,unknown
9,1,3,0,47.1,68.15,10.62,16.69,11.38,0.808,2.65,26.2,73.5,0.691,1.571,unknown
10,2,5,1,53.59,79.06,12.59,27.37,16.95,1.118,0.03,19.0,61.9,0.678,2.173,seasonal_inversion
12,10,4,0,248.04,387.57,9.52,15.57,7.88,1.524,1.77,31.4,47.3,0.64,1.636,agricultural_burning
10,2,5,1,63.52,111.81,14.43,30.46,20.65,1.06,0.01,21.2,66.6,0.568,2.111,seasonal_inversion
13,4,5,1,217.07,352.32,11.82,26.14,10.58,1.354,3.12,32.1,73.7,0.616,2.211,agricultural_burning
2,7,4,0,37.29,40.06,11.58,50.56,40.11,0.356,4.02,27.3,69.2,0.931,4.365,unknown
8,11,2,0,79.77,148.37,1.06,114.74,62.91,3.116,2.0,35.8,69.3,0.538,108.448,vehicular
6,10,6,1,151.85,186.19,55.52,26.7,18.0,0.651,3.17,31.6,60.7,0.816,0.481,industrial
0,5,5,1,188.46,280.32,122.68,28.55,25.86,0.369,1.66,35.2,45.1,0.672,0.233,industrial
9,12,1,0,106.37,176.31,12.13,45.41,23.03,0.75,0.09,16.5,79.6,0.603,3.743,seasonal_inversion
19,10,3,0,92.0,122.76,4.66,67.0,43.76,2.134,2.2,31.2,49.9,0.749,14.371,vehicular
17,3,0,0,67.92,100.87,8.14,101.95,48.01,2.668,2.7,31.9,56.8,0.673,12.525,vehicular
3,3,3,0,220.65,304.93,52.28,38.44,23.27,0.308,2.28,28.9,44.2,0.724,0.735,industrial
6,12,5,1,100.79,137.55,97.01,55.2,38.57,0.111,0.61,21.8,79.7,0.733,0.569,industrial
5,8,5,1,191.24,245.75,66.99,45.02,31.77,0.714,3.59,30.0,49.4,0.778,0.672,industrial
3,5,2,0,159.62,193.57,72.06,55.96,34.48,0.486,2.81,22.7,45.0,0.825,0.777,industrial
4,4,2,0,138.95,113.04,65.28,31.05,18.3,0.579,3.4,32.8,79.4,1.229,0.476,industrial
8,5,2,0,97.83,172.6,-0.04,119.66,64.49,3.972,1.25,30.6,62.1,0.567,5.0,vehicular
5,12,1,0,158.07,227.33,85.02,53.61,40.57,0.749,3.77,31.1,74.0,0.695,0.631,industrial
10,10,4,0,80.51,77.53,7.26,99.83,50.3,2.727,1.02,24.3,47.9,1.039,13.76,vehicular
8,3,2,0,90.94,137.11,10.25,50.55,35.27,2.484,2.86,28.9,20.0,0.663,4.932,vehicular
21,5,4,0,28.89,29.89,3.3,31.49,25.91,0.217,6.22,31.8,65.4,0.967,9.529,unknown
16,4,6,1,122.24,242.54,5.38,7.74,5.09,1.179,1.45,42.3,35.9,0.504,1.439,agricultural_burning
9,2,0,0,56.51,74.81,-0.66,28.27,24.97,1.262,0.63,14.8,46.1,0.755,5.0,seasonal_inversion
10,12,1,0,88.72,138.14,3.47,44.39,26.79,1.169,0.12,17.5,74.1,0.642,12.8,seasonal_inversion
7,1,2,0,73.12,88.91,12.84,15.87,8.63,0.884,1.09,17.3,74.4,0.822,1.236,seasonal_inversion
9,9,3,0,86.87,117.7,6.25,57.67,45.01,2.905,1.36,35.8,34.8,0.738,9.231,vehicular
6,11,4,0,52.5,99.38,5.99,30.61,18.02,1.077,0.13,20.9,86.5,0.528,5.108,seasonal_inversion
9,3,5,1,200.76,325.7,1.91,8.37,4.17,0.566,2.21,38.4,59.5,0.616,4.376,agricultural_burning
9,12,2,0,64.89,87.19,6.0,114.72,81.72,3.204,0.56,21.8,29.2,0.744,19.132,vehicular
13,4,2,0,211.84,393.11,5.7,17.09,9.14,2.257,2.78,24.3,49.6,0.539,3.0,agricultural_burning
6,5,0,0,169.32,206.59,71.54,38.39,25.77,0.829,2.47,29.2,76.8,0.82,0.537,industrial
12,10,4,0,126.33,269.4,7.59,23.45,10.63,1.74,1.89,37.1,31.1,0.469,3.09,agricultural_burning
18,11,6,1,136.1,335.36,5.76,27.79,14.38,0.628,2.37,31.5,51.1,0.406,4.822,agricultural_burning
0,11,3,0,169.38,220.59,56.55,54.44,45.46,0.729,1.56,20.5,37.2,0.768,0.963,industrial
5,2,6,1,83.87,107.12,18.27,36.38,25.78,1.015,0.07,27.8,90.9,0.783,1.991,seasonal_inversion
9,2,3,0,119.45,172.28,15.8,22.76,17.57,0.944,0.42,18.0,70.3,0.693,1.441,seasonal_inversion
6,11,6,1,46.56,78.8,15.09,17.25,10.25,0.6,6.62,23.8,35.1,0.591,1.143,unknown
11,4,5,1,120.49,265.8,7.45,29.8,14.35,2.619,4.49,35.0,46.7,0.453,3.999,agricultural_burning
6,11,2,0,86.2,109.05,14.04,25.02,18.02,0.866,0.01,18.0,74.7,0.79,1.782,seasonal_inversion
18,9,4,0,53.75,126.06,7.83,80.01,44.96,2.924,1.16,31.0,36.4,0.426,10.222,vehicular
11,3,3,0,84.53,185.29,14.09,36.12,24.72,2.14,4.17,34.4,65.9,0.456,2.564,agricultural_burning
5,5,0,0,161.46,168.21,72.37,51.64,27.56,0.897,1.32,27.9,32.1,0.96,0.714,industrial
16,12,0,0,107.81,246.22,11.04,35.54,20.79,1.617,2.03,27.0,15.0,0.438,3.219,agricultural_burning
7,11,4,0,79.84,157.5,4.8,75.93,37.84,1.229,2.66,38.4,54.4,0.507,15.816,vehicular
8,12,1,0,118.25,130.4,7.23,42.01,20.63,0.599,0.41,17.0,85.4,0.907,5.81,seasonal_inversion
5,10,0,0,60.51,103.34,14.35,30.45,16.36,0.683,2.9,25.1,62.5,0.586,2.123,unknown
6,1,3,0,124.75,190.56,19.85,19.18,15.74,0.564,0.52,17.8,87.0,0.655,0.966,seasonal_inversion
8,1,2,0,83.58,133.13,19.01,30.55,19.13,1.233,0.18,17.3,85.7,0.628,1.607,seasonal_inversion
8,9,2,0,30.77,46.34,10.88,73.03,52.59,2.52,1.47,23.4,82.3,0.664,6.713,vehicular
5,12,3,0,116.69,153.18,5.1,20.86,14.86,1.128,0.85,17.5,81.3,0.762,4.092,seasonal_inversion
0,12,3,0,35.83,63.01,8.35,44.9,22.48,0.851,3.18,32.8,54.2,0.569,5.379,unknown
14,12,5,1,69.44,175.57,11.29,33.08,21.69,2.115,4.02,29.7,28.3,0.396,2.93,agricultural_burning
10,11,4,0,84.49,125.61,18.33,26.82,14.75,1.459,0.47,13.4,73.1,0.673,1.463,seasonal_inversion
10,2,3,0,92.41,139.98,10.18,19.88,15.78,0.698,0.44,15.5,79.1,0.66,1.953,seasonal_inversion
2,9,4,0,132.62,142.45,86.95,37.05,11.93,1.088,3.86,31.8,62.5,0.931,0.426,industrial
2,2,1,0,36.28,33.44,-3.53,24.58,10.73,0.574,5.13,32.8,74.4,1.085,5.0,unknown
0,6,5,1,139.53,215.69,93.05,29.27,19.7,1.225,3.96,23.3,49.2,0.647,0.315,industrial
20,8,4,0,86.46,135.02,11.01,44.17,34.91,3.026,1.72,40.2,79.9,0.64,4.011,vehicular
7,3,1,0,69.86,90.21,7.09,74.38,42.11,3.15,1.88,25.7,44.0,0.774,10.487,vehicular
1,12,3,0,102.45,138.79,93.5,24.53,12.95,0.27,3.19,24.7,51.2,0.738,0.262,industrial
20,12,1,0,61.07,123.25,0.0,56.88,32.29,2.668,1.48,28.0,73.7,0.495,30809.771,vehicular
9,12,3,0,154.94,322.1,12.23,27.34,11.77,2.122,2.96,31.1,32.3,0.481,2.235,agricultural_burning
23,10,5,1,19.06,8.56,12.06,37.8,17.98,0.519,1.99,27.6,72.8,2.226,3.135,unknown
7,6,1,0,54.92,71.97,3.49,118.91,65.72,2.515,1.42,24.0,74.3,0.763,34.041,vehicular
9,12,4,0,93.11,136.39,2.86,78.93,36.88,3.748,2.95,34.8,60.5,0.683,27.639,vehicular
20,10,1,0,63.64,99.83,6.09,79.48,42.61,2.096,2.0,33.3,46.3,0.637,13.052,vehicular
14,3,3,0,113.3,298.46,13.77,22.41,11.22,1.385,4.91,29.1,56.4,0.38,1.628,agricultural_burning
15,3,6,1,246.15,381.77,8.09,30.76,11.34,2.219,4.71,33.4,59.5,0.645,3.804,agricultural_burning
8,12,4,0,40.14,50.8,8.5,15.87,8.72,0.698,5.84,34.9,69.6,0.79,1.867,unknown
10,1,3,0,74.54,100.72,14.83,29.15,26.53,0.771,1.46,25.2,74.1,0.74,1.966,seasonal_inversion
20,4,4,0,91.33,132.52,5.43,64.12,39.67,3.04,1.83,30.4,69.2,0.689,11.803,vehicular
16,12,6,1,153.16,245.45,8.15,21.46,12.37,2.21,1.38,30.7,59.3,0.624,2.632,agricultural_burning
23,10,0,0,159.88,246.52,90.93,54.47,40.87,0.741,1.46,23.4,56.5,0.649,0.599,industrial
14,5,4,0,28.91,27.7,9.12,22.79,16.62,0.271,6.93,25.3,56.0,1.044,2.498,unknown
3,1,2,0,119.4,160.22,98.75,47.89,34.38,1.384,3.36,28.5,81.8,0.745,0.485,industrial
17,1,3,0,34.34,60.35,8.06,15.46,8.09,0.301,7.79,15.3,51.8,0.569,1.918,unknown
9,2,1,0,146.33,257.78,3.74,55.72,30.84,3.671,1.38,20.5,48.9,0.568,14.9,vehicular
23,6,1,0,35.78,65.7,9.67,26.67,9.97,0.457,2.74,18.8,60.7,0.545,2.758,unknown
13,12,5,1,129.46,246.89,11.16,23.7,9.43,1.879,4.94,26.9,15.8,0.524,2.123,agricultural_burning
16,3,2,0,183.3,365.78,11.8,24.48,8.39,1.846,4.42,29.4,59.7,0.501,2.074,agricultural_burning
11,9,4,0,39.19,47.29,5.03,21.48,16.16,0.665,7.88,33.1,77.7,0.829,4.271,unknown
10,12,4,0,93.35,113.65,1.12,26.23,16.38,0.592,0.73,21.4,81.2,0.821,23.502,seasonal_inversion
1,1,1,0,189.58,262.67,66.96,32.42,22.49,0.868,2.04,24.1,35.3,0.722,0.484,industrial
10,5,2,0,24.39,25.31,11.47,36.32,28.59,0.58,7.51,29.6,55.9,0.963,3.166,unknown
2,12,2,0,8.74,16.78,3.27,10.48,5.17,0.365,5.6,24.3,61.8,0.521,3.205,unknown
8,2,4,0,49.74,114.77,10.98,161.09,95.64,2.841,2.16,27.6,38.3,0.433,14.668,vehicular
19,5,2,0,80.02,146.08,2.15,66.21,39.72,2.704,2.31,31.1,65.3,0.548,30.81,vehicular
5,11,0,0,91.88,141.56,17.18,27.62,21.99,1.411,0.16,13.5,72.2,0.649,1.608,seasonal_inversion
8,5,4,0,65.53,118.98,2.66,108.06,77.36,2.662,2.3,28.0,57.1,0.551,40.552,vehicular
23,10,4,0,18.59,34.1,8.48,21.39,9.53,0.41,7.5,41.6,84.8,0.545,2.524,unknown
18,10,2,0,100.96,235.3,8.57,-0.84,0.03,2.388,3.47,34.1,54.0,0.429,-0.098,agricultural_burning
10,3,1,0,78.05,196.1,-0.27,29.0,14.55,1.4,3.09,35.7,52.1,0.398,5.0,agricultural_burning
18,9,2,0,35.76,56.24,5.27,69.41,41.76,2.891,1.71,31.5,40.5,0.636,13.164,vehicular
14,3,5,1,182.37,266.72,4.54,9.3,3.34,1.401,1.43,28.2,49.4,0.684,2.049,agricultural_burning
0,5,6,1,14.85,24.26,6.02,13.72,10.68,0.241,2.74,33.9,74.4,0.612,2.279,unknown
5,12,2,0,82.0,98.19,15.95,33.36,18.27,1.274,0.83,11.6,98.0,0.835,2.091,seasonal_inversion
7,11,5,1,108.8,128.04,12.59,14.01,7.13,1.123,1.47,25.5,85.7,0.85,1.113,seasonal_inversion
9,12,0,0,93.74,132.9,11.13,26.75,22.89,0.702,1.43,22.1,98.0,0.705,2.404,seasonal_inversion
7,2,1,0,73.27,144.74,10.42,69.14,22.83,1.192,2.48,21.5,38.0,0.506,6.633,vehicular
14,11,3,0,22.12,22.78,8.03,15.63,13.28,0.555,4.66,29.2,48.3,0.971,1.948,unknown
10,1,2,0,80.35,102.39,21.43,30.48,20.25,0.988,1.2,13.2,83.8,0.785,1.422,seasonal_inversion
1,8,4,0,130.48,173.99,93.72,40.51,28.4,0.496,3.32,33.2,74.8,0.75,0.432,industrial
17,1,6,1,51.47,66.13,5.59,38.74,17.4,0.342,4.69,15.8,53.1,0.778,6.93,unknown
9,4,0,0,96.55,111.59,4.43,154.38,95.41,1.534,2.37,34.5,42.7,0.865,34.878,vehicular
19,10,0,0,91.47,153.44,8.5,110.06,79.78,2.433,2.47,40.0,69.6,0.596,12.954,vehicular
14,3,6,1,136.53,285.64,4.79,34.47,13.83,1.728,1.5,24.1,59.6,0.478,7.197,agricultural_burning
6,10,4,0,113.15,136.57,42.01,32.4,24.24,0.337,1.02,35.2,71.5,0.829,0.771,industrial
4,8,2,0,155.95,180.53,87.62,43.28,23.83,1.338,0.61,24.0,68.8,0.864,0.494,industrial
10,5,4,0,76.74,140.08,10.66,65.88,55.58,2.524,0.71,30.2,45.7,0.548,6.177,vehicular
10,12,3,0,99.21,177.56,15.78,5.14,2.31,1.194,0.97,18.6,73.8,0.559,0.326,seasonal_inversion
10,11,2,0,73.15,104.1,14.19,24.22,16.17,1.174,0.69,16.9,64.0,0.703,1.707,seasonal_inversion
7,2,6,1,108.01,128.07,13.09,22.78,14.18,1.363,1.23,8.1,63.3,0.843,1.74,seasonal_inversion
21,6,1,0,53.69,102.86,9.63,30.61,17.13,0.409,4.8,27.3,37.8,0.522,3.178,unknown
10,4,4,0,144.65,225.29,6.99,18.02,6.72,1.356,3.9,27.7,39.2,0.642,2.579,agricultural_burning
15,4,5,1,57.99,68.17,13.54,27.57,24.44,0.424,4.04,28.8,67.5,0.851,2.035,unknown
9,3,1,0,122.25,238.01,11.44,36.87,16.69,1.787,2.37,27.9,47.3,0.514,3.224,agricultural_burning
10,10,4,0,73.68,119.94,4.22,125.12,80.91,4.183,0.73,37.4,62.2,0.614,29.64,vehicular
7,12,5,1,78.09,118.24,12.85,26.39,17.45,0.872,0.86,21.8,93.6,0.66,2.054,seasonal_inversion
10,12,2,0,107.67,248.06,8.54,17.73,9.54,1.85,3.41,34.2,43.5,0.434,2.075,agricultural_burning
20,1,4,0,61.98,129.31,4.16,102.7,70.98,3.164,1.8,30.5,43.1,0.479,24.686,vehicular
11,4,1,0,127.99,198.39,5.19,15.21,6.65,1.573,2.36,29.5,24.4,0.645,2.929,agricultural_burning
8,11,3,0,107.68,164.0,9.8,19.25,18.09,0.718,0.17,19.1,72.3,0.657,1.963,seasonal_inversion
17,1,4,0,40.48,66.75,3.75,144.41,103.24,2.45,2.13,28.7,59.6,0.606,38.472,vehicular
4,11,2,0,97.09,135.23,74.62,36.62,29.06,1.171,3.9,22.0,46.9,0.718,0.491,industrial
10,3,6,1,119.9,278.94,8.77,41.87,17.67,1.701,1.01,24.3,51.2,0.43,4.773,agricultural_burning
10,2,0,0,107.91,125.36,16.79,1.76,1.22,0.874,1.45,17.5,69.8,0.861,0.105,seasonal_inversion
7,12,4,0,73.09,102.93,7.02,35.95,18.75,0.529,1.16,22.1,79.0,0.71,5.12,seasonal_inversion
2,11,2,0,142.33,167.29,87.22,17.03,7.45,0.565,1.87,32.7,77.6,0.851,0.195,industrial
15,11,1,0,86.67,207.0,6.37,23.61,8.35,1.619,4.96,34.8,30.9,0.419,3.704,agricultural_burning
15,4,0,0,183.58,258.87,-0.79,30.1,16.1,1.334,2.45,33.0,41.7,0.709,5.0,agricultural_burning
10,12,5,1,107.66,148.06,21.47,19.89,15.29,1.023,1.42,25.1,86.2,0.727,0.926,seasonal_inversion
17,11,0,0,191.24,411.66,5.08,-2.52,-4.11,1.769,1.8,28.5,49.2,0.465,-0.497,agricultural_burning
11,11,6,1,147.07,362.16,8.95,23.86,12.34,1.945,1.3,31.5,51.0,0.406,2.665,agricultural_burning
9,2,0,0,71.04,110.13,10.25,95.66,59.46,2.44,2.09,34.2,75.5,0.645,9.329,vehicular
7,1,2,0,60.9,80.46,5.16,64.21,48.52,3.606,1.2,37.5,83.8,0.757,12.454,vehicular
3,5,3,0,167.76,183.18,87.94,49.41,27.81,0.511,1.04,35.0,65.6,0.916,0.562,industrial
10,11,1,0,68.68,73.27,24.48,10.53,6.43,0.835,0.14,13.3,78.1,0.937,0.43,seasonal_inversion
14,4,1,0,99.18,183.5,1.25,11.48,7.08,1.97,2.14,32.9,68.4,0.541,9.17,agricultural_burning
20,7,1,0,65.33,103.07,5.12,85.58,55.26,2.993,1.29,29.0,41.9,0.634,16.721,vehicular
11,4,1,0,90.74,160.46,9.08,7.91,6.53,1.857,3.96,22.5,66.4,0.566,0.871,agricultural_burning
13,8,4,0,23.84,35.73,13.34,14.96,11.19,0.13,1.12,26.5,53.5,0.667,1.122,unknown
10,11,4,0,76.89,115.32,13.25,16.67,6.14,0.56,0.72,21.9,66.4,0.667,1.259,seasonal_inversion
8,11,1,0,55.63,56.75,9.35,67.92,47.06,2.532,2.04,40.2,35.1,0.98,7.266,vehicular
2,7,4,0,197.48,249.3,59.29,15.04,10.17,0.622,1.95,34.4,86.5,0.792,0.254,industrial
17,6,4,0,89.66,136.92,3.04,110.53,63.1,2.9,0.95,35.7,39.7,0.655,36.408,vehicular
2,8,3,0,141.48,166.06,64.95,31.96,18.83,0.731,1.1,30.3,52.7,0.852,0.492,industrial
15,12,2,0,181.38,283.46,18.03,25.12,13.08,2.051,2.99,45.0,18.5,0.64,1.393,agricultural_burning
2,11,6,1,188.12,209.72,44.55,62.92,42.66,0.532,2.42,23.0,75.8,0.897,1.412,industrial
3,5,3,0,129.11,167.12,55.86,29.65,20.31,1.145,2.65,21.2,51.8,0.773,0.531,industrial
14,3,6,1,95.27,279.42,13.09,7.07,2.04,0.962,2.81,31.3,31.2,0.341,0.54,agricultural_burning
10,3,5,1,28.18,43.46,10.03,-2.65,-2.85,0.391,5.23,28.8,46.5,0.648,-0.264,unknown
5,12,4,0,206.19,275.93,49.78,35.53,24.7,0.835,1.08,34.2,63.4,0.747,0.714,industrial
17,2,4,0,98.44,189.3,8.37,123.02,73.6,3.176,0.63,34.7,36.4,0.52,14.702,vehicular
9,10,0,0,79.76,100.42,7.92,107.28,49.85,2.42,2.85,20.7,42.3,0.794,13.548,vehicular
0,7,2,0,168.95,224.98,74.95,39.33,26.72,0.398,2.96,31.8,66.3,0.751,0.525,industrial
10,10,3,0,71.28,95.61,9.36,81.3,58.53,1.486,1.37,24.7,73.8,0.745,8.682,vehicular
7,7,3,0,82.92,171.75,7.04,109.27,79.8,2.019,0.69,32.9,71.2,0.483,15.516,vehicular
17,11,5,1,124.59,166.36,7.53,12.59,4.1,1.475,1.35,34.3,33.3,0.749,1.672,agricultural_burning
11,10,1,0,138.81,359.6,14.01,22.37,12.78,2.332,4.64,24.2,54.6,0.386,1.597,agricultural_burning
20,1,2,0,93.54,170.44,-0.0,68.37,46.96,4.075,2.08,25.0,36.6,0.549,5.0,vehicular
9,11,6,1,136.64,220.21,5.58,19.86,10.48,0.585,2.03,32.6,37.9,0.621,3.558,agricultural_burning
9,2,6,1,89.34,161.04,20.03,32.54,19.54,1.755,1.04,15.0,68.9,0.555,1.625,seasonal_inversion
18,2,2,0,72.52,97.8,7.43,87.71,40.14,1.553,1.21,25.0,67.2,0.742,11.8,vehicular
5,11,2,0,102.37,153.08,8.48,41.94,21.49,0.524,1.01,14.1,96.4,0.669,4.948,seasonal_inversion
20,9,1,0,38.23,93.4,7.62,103.89,64.61,1.654,1.9,29.7,66.2,0.409,13.627,vehicular
9,9,0,0,88.97,152.67,6.01,80.91,41.35,3.276,0.65,31.2,37.8,0.583,13.452,vehicular
13,11,4,0,35.78,27.7,11.32,26.23,24.88,0.33,1.36,31.8,83.9,1.292,2.317,unknown
13,4,1,0,249.78,362.97,13.83,19.04,3.6,1.476,2.76,30.9,56.9,0.688,1.377,agricultural_burning
23,5,1,0,135.01,177.89,43.52,28.54,14.08,1.03,2.87,24.8,92.7,0.759,0.656,industrial
22,7,2,0,46.71,53.49,11.37,10.0,5.08,0.587,2.96,22.4,47.8,0.873,0.879,unknown
0,3,0,0,181.5,275.22,55.46,42.2,24.56,0.744,3.33,33.5,49.2,0.659,0.761,industrial
6,6,1,0,135.15,131.53,80.48,36.78,24.78,1.064,1.72,28.5,77.5,1.028,0.457,industrial
13,3,2,0,121.2,286.16,1.87,23.35,14.1,0.552,3.47,28.9,18.6,0.424,12.504,agricultural_burning
15,12,2,0,77.44,237.47,5.3,18.17,4.28,2.143,1.82,40.5,59.8,0.326,3.429,agricultural_burning
8,1,1,0,127.18,226.34,20.88,38.23,26.21,0.831,0.9,17.6,97.1,0.562,1.831,seasonal_inversion
18,1,1,0,69.4,148.36,4.49,114.76,64.91,1.678,2.8,31.9,24.2,0.468,25.538,vehicular
2,12,2,0,27.76,20.97,6.37,24.86,12.87,0.843,5.31,18.8,66.6,1.324,3.905,unknown
8,11,4,0,100.19,205.74,8.75,55.24,35.22,2.424,2.71,19.0,69.1,0.487,6.315,vehicular
17,5,1,0,86.73,123.76,9.16,101.58,64.25,2.606,2.39,34.9,48.7,0.701,11.088,vehicular
5,11,4,0,98.39,130.56,4.84,37.66,27.97,0.703,0.23,17.2,58.4,0.754,7.777,seasonal_inversion
14,8,4,0,20.85,45.53,8.0,25.06,13.32,0.292,3.52,35.1,78.7,0.458,3.132,unknown
18,5,2,0,64.08,111.97,4.35,93.23,46.95,2.788,2.87,22.0,58.7,0.572,21.447,vehicular
9,7,0,0,45.94,67.03,11.04,6.98,2.48,0.716,5.05,26.8,88.2,0.685,0.632,unknown
9,12,1,0,82.18,133.7,5.86,33.79,23.72,1.074,0.21,12.5,97.8,0.615,5.766,seasonal_inversion
13,11,5,1,249.24,392.48,10.85,25.19,16.74,1.324,4.22,36.1,50.5,0.635,2.323,agricultural_burning
17,12,3,0,99.92,156.9,7.74,95.1,63.83,1.191,2.42,32.1,32.7,0.637,12.284,vehicular
10,2,2,0,64.28,87.66,16.12,1.76,-1.19,0.751,4.32,30.1,74.1,0.733,0.109,unknown
6,1,1,0,119.56,215.69,13.91,16.67,4.99,1.051,0.2,14.0,72.9,0.554,1.199,seasonal_inversion
0,8,0,0,173.77,244.42,135.92,63.62,32.62,0.781,3.67,32.8,55.2,0.711,0.468,industrial
9,11,4,0,100.21,146.54,15.8,31.14,15.52,1.31,0.22,16.5,72.2,0.684,1.971,seasonal_inversion
13,5,3,0,47.45,55.1,5.51,20.13,11.61,0.415,6.89,23.4,56.8,0.861,3.651,unknown
16,2,5,1,34.98,55.13,4.9,41.05,19.65,0.014,6.7,21.3,93.7,0.634,8.379,unknown
2,4,3,0,167.3,233.93,104.71,45.5,28.93,0.607,2.71,31.9,59.5,0.715,0.435,industrial
5,2,5,1,17.72,22.39,14.61,24.1,13.13,0.596,5.53,14.7,61.6,0.792,1.65,unknown
1,3,6,1,142.02,179.35,86.93,31.17,22.05,0.691,1.15,22.2,53.1,0.792,0.359,industrial
6,11,3,0,142.44,199.82,8.94,36.01,25.99,0.962,0.25,10.8,61.3,0.713,4.027,seasonal_inversion
8,11,2,0,79.61,86.89,14.96,32.98,29.98,1.334,0.98,13.6,76.8,0.916,2.204,seasonal_inversion
6,3,0,0,34.73,49.11,12.65,20.41,15.28,0.383,3.89,44.1,80.8,0.707,1.614,unknown
19,3,2,0,47.66,68.33,4.01,46.09,24.58,2.022,2.06,25.1,70.8,0.698,11.492,vehicular
6,10,2,0,136.46,209.83,87.3,55.24,43.61,0.832,2.41,25.0,80.0,0.65,0.633,industrial
4,5,0,0,204.18,259.86,60.34,44.02,24.05,1.168,1.74,28.2,62.7,0.786,0.73,industrial
9,2,5,1,70.2,82.97,19.3,17.65,12.87,1.022,0.1,24.3,74.6,0.846,0.914,seasonal_inversion
18,6,0,0,90.1,135.28,9.32,110.34,67.02,1.681,2.9,22.2,51.5,0.666,11.836,vehicular
7,5,2,0,56.31,94.87,10.85,114.46,76.75,3.215,2.38,21.7,55.6,0.594,10.549,vehicular
17,4,1,0,146.48,221.42,7.15,13.74,9.44,1.41,3.88,27.3,52.2,0.662,1.922,agricultural_burning
5,12,4,0,113.41,162.71,11.98,22.95,18.74,0.381,0.66,15.0,91.3,0.697,1.915,seasonal_inversion
16,3,1,0,220.68,319.42,12.94,22.12,15.37,1.147,1.14,28.7,42.7,0.691,1.709,agricultural_burning
5,11,0,0,112.47,158.7,71.98,19.81,15.06,0.952,1.62,36.1,64.0,0.709,0.275,industrial
12,7,3,0,17.68,28.81,6.48,18.63,8.44,0.917,2.93,30.2,36.2,0.614,2.873,unknown
17,3,4,0,93.99,209.72,12.71,34.98,15.14,1.758,1.85,29.5,57.0,0.448,2.751,agricultural_burning
0,5,0,0,31.23,52.56,0.68,11.09,6.45,0.454,4.78,23.7,88.9,0.594,16.305,unknown
18,1,0,0,31.66,35.29,10.23,1.09,2.02,0.002,3.42,33.4,92.1,0.897,0.106,unknown
5,2,0,0,82.14,80.12,11.78,5.36,7.96,0.772,1.0,16.2,92.3,1.025,0.455,seasonal_inversion
6,12,4,0,92.05,114.49,18.98,34.51,18.84,1.079,1.15,16.5,66.5,0.804,1.818,seasonal_inversion
18,3,4,0,82.87,150.64,6.68,49.25,30.81,2.372,1.1,43.8,29.6,0.55,7.371,vehicular
17,2,3,0,84.04,167.12,-0.45,81.56,44.95,2.506,0.51,31.9,60.5,0.503,5.0,vehicular
11,12,1,0,198.96,369.27,6.28,21.33,10.08,0.99,1.63,45.4,49.1,0.539,3.395,agricultural_burning
18,8,3,0,99.88,128.53,4.7,45.09,31.01,2.375,2.34,30.5,40.2,0.777,9.599,vehicular
7,8,6,1,59.49,69.38,11.7,30.45,11.05,0.594,3.2,34.3,48.3,0.857,2.602,unknown
20,12,1,0,59.83,71.61,9.16,110.21,67.81,2.749,2.96,28.8,32.5,0.835,12.029,vehicular
17,5,0,0,74.54,129.85,8.73,99.84,52.62,2.317,0.77,20.7,61.3,0.574,11.437,vehicular
18,10,1,0,68.15,121.19,10.95,138.36,100.43,1.345,2.51,30.4,32.4,0.562,12.632,vehicular
12,11,1,0,78.83,119.9,3.59,34.7,21.72,1.905,1.23,30.4,52.6,0.657,9.653,agricultural_burning
8,8,3,0,106.81,197.93,7.04,59.96,40.8,1.039,1.39,34.8,61.9,0.54,8.514,vehicular
18,1,0,0,93.54,173.57,0.26,165.45,120.06,1.316,2.39,31.1,24.5,0.539,636.017,vehicular
17,5,1,0,66.93,138.57,8.15,130.13,75.07,2.445,1.03,22.4,43.0,0.483,15.965,vehicular
22,10,4,0,162.59,217.97,88.22,28.7,21.43,1.232,1.5,31.3,67.6,0.746,0.325,industrial
10,9,6,1,64.03,102.16,18.53,23.29,12.22,0.587,1.5,26.2,53.9,0.627,1.257,unknown
0,6,2,0,40.25,75.13,10.7,8.55,1.13,0.357,3.21,28.0,67.8,0.536,0.799,unknown
15,10,2,0,74.64,147.49,10.39,4.69,5.43,2.502,1.16,21.3,16.7,0.506,0.452,agricultural_burning
14,11,2,0,210.75,346.12,11.31,31.88,18.86,2.406,1.08,21.8,37.1,0.609,2.817,agricultural_burning
16,4,5,1,189.09,302.25,10.5,24.3,11.76,1.035,2.4,38.1,17.1,0.626,2.314,agricultural_burning
9,5,6,1,1.28,23.69,4.4,36.3,24.69,0.206,1.5,29.3,72.4,0.054,8.255,unknown
9,11,0,0,108.86,184.35,4.27,125.71,85.21,3.863,0.6,35.2,53.3,0.591,29.43,vehicular
12,3,2,0,126.6,201.28,8.68,16.47,9.4,1.778,1.22,39.2,15.0,0.629,1.898,agricultural_burning
5,4,1,0,184.89,228.83,54.25,20.22,16.46,0.433,1.17,22.8,63.6,0.808,0.373,industrial
13,12,0,0,127.51,252.87,7.86,17.49,8.55,0.872,4.06,32.0,42.7,0.504,2.226,agricultural_burning
7,10,3,0,58.07,106.26,7.43,95.15,59.27,2.7,0.59,37.3,47.9,0.546,12.803,vehicular
14,9,2,0,15.06,16.78,7.86,18.26,13.2,0.417,2.61,38.8,32.7,0.898,2.325,unknown
2,3,4,0,42.93,51.35,11.44,33.98,13.28,0.453,1.54,22.0,71.5,0.836,2.969,unknown
8,2,6,1,124.62,203.64,15.43,49.35,26.16,0.632,1.23,27.8,57.0,0.612,3.199,seasonal_inversion
3,9,3,0,142.24,169.72,60.51,21.14,12.48,0.622,2.76,24.3,68.0,0.838,0.349,industrial
1,6,3,0,3.63,4.86,2.54,14.61,6.87,0.607,6.6,22.6,92.2,0.747,5.76,unknown
13,12,2,0,158.85,224.86,-0.84,19.43,11.35,0.346,1.7,30.4,47.5,0.706,5.0,agricultural_burning
2,12,5,1,172.17,217.33,90.8,34.45,18.18,0.442,2.09,25.1,85.8,0.792,0.379,industrial
17,10,3,0,142.3,259.48,9.16,20.13,6.42,1.457,3.78,18.4,51.5,0.548,2.197,agricultural_burning
10,11,5,1,112.52,147.63,9.31,18.76,14.73,0.843,1.3,12.9,81.6,0.762,2.016,seasonal_inversion
5,7,5,1,157.06,190.48,75.85,32.54,22.22,0.929,1.33,36.1,72.0,0.825,0.429,industrial
17,8,4,0,64.39,84.73,7.57,36.13,17.24,0.513,4.63,30.0,35.2,0.76,4.775,unknown
16,6,2,0,35.85,56.32,8.46,23.25,17.05,0.152,4.15,31.5,98.0,0.637,2.747,unknown
0,9,1,0,179.59,279.64,47.68,58.46,34.9,0.614,0.98,28.4,63.8,0.642,1.226,industrial
23,12,6,1,5.64,7.47,10.49,33.86,27.12,0.256,1.44,39.6,53.2,0.754,3.227,unknown
8,3,2,0,106.41,159.34,2.58,95.49,51.54,1.593,2.67,40.9,42.2,0.668,36.943,vehicular
6,1,5,1,152.14,232.37,66.31,22.9,9.63,0.899,0.68,28.3,73.5,0.655,0.345,industrial
17,6,2,0,14.8,-17.41,6.42,108.19,57.51,3.367,0.76,32.4,38.5,0.5,16.841,vehicular
7,12,2,0,110.68,145.96,6.48,11.61,12.34,1.004,1.29,25.5,61.4,0.758,1.792,seasonal_inversion
8,2,6,1,94.73,162.7,18.97,45.38,23.61,0.848,0.83,27.1,60.1,0.582,2.391,seasonal_inversion
1,6,4,0,161.91,176.01,126.43,21.86,9.18,0.805,1.45,28.7,90.8,0.92,0.173,industrial
18,4,5,1,108.39,178.57,12.05,13.23,3.82,2.707,4.76,34.3,70.9,0.607,1.098,agricultural_burning
7,11,2,0,124.32,156.43,11.46,32.93,23.47,1.305,0.67,22.7,82.4,0.795,2.873,seasonal_inversion
5,2,0,0,44.01,38.99,11.29,47.8,27.43,0.568,0.49,13.0,72.2,1.129,4.232,seasonal_inversion
16,10,0,0,219.26,348.89,6.89,18.68,12.76,1.932,3.03,35.3,67.5,0.628,2.71,agricultural_burning
10,11,3,0,87.87,156.56,2.63,93.01,61.23,1.774,1.95,37.7,60.3,0.561,35.345,vehicular
6,2,1,0,9.44,15.4,12.76,31.28,19.53,0.683,4.22,35.6,77.1,0.613,2.45,unknown
6,3,1,0,173.25,218.72,56.38,35.6,17.62,0.863,0.58,20.0,38.1,0.792,0.631,industrial
5,2,6,1,83.99,105.98,7.61,35.36,27.77,0.837,0.37,11.8,80.5,0.792,4.645,seasonal_inversion
22,3,1,0,171.54,232.1,48.31,36.29,29.54,0.681,1.28,30.5,70.6,0.739,0.751,industrial
15,4,3,0,132.84,304.4,2.49,22.89,11.19,1.622,3.53,38.0,51.4,0.436,9.207,agricultural_burning
7,11,4,0,53.26,72.28,9.56,61.6,27.84,1.967,1.75,22.4,60.7,0.737,6.444,vehicular
16,4,4,0,78.4,147.15,2.98,18.09,12.75,0.711,4.32,30.6,54.1,0.533,6.079,agricultural_burning
16,3,6,1,104.33,212.97,12.14,3.81,2.71,2.141,4.45,32.9,85.0,0.49,0.314,agricultural_burning
1,9,0,0,138.69,207.11,69.47,21.32,11.1,0.748,2.57,30.7,98.0,0.67,0.307,industrial
0,3,6,1,16.83,31.31,12.67,23.3,18.19,0.339,2.98,24.6,30.8,0.538,1.839,unknown
6,6,2,0,27.75,46.1,8.56,15.59,10.32,0.306,2.13,20.7,75.4,0.602,1.821,unknown
17,3,1,0,198.09,269.0,3.97,8.52,2.49,1.311,1.79,32.4,56.6,0.736,2.145,agricultural_burning
13,4,0,0,153.44,241.46,9.1,16.7,8.2,1.885,4.24,35.8,32.5,0.635,1.835,agricultural_burning
10,12,5,1,37.85,47.14,13.57,17.47,13.22,0.081,3.14,31.2,70.3,0.803,1.288,unknown
0,3,5,1,160.82,175.99,30.42,31.6,19.44,0.812,2.95,22.6,88.3,0.914,1.039,industrial
9,6,1,0,73.56,115.59,2.24,28.94,16.1,3.146,2.19,35.8,20.0,0.636,12.912,vehicular
9,4,1,0,35.82,58.3,9.51,37.8,30.81,0.288,2.63,41.8,67.4,0.614,3.977,unknown
15,12,2,0,180.99,279.85,4.51,14.49,11.74,2.101,1.06,30.3,53.6,0.647,3.21,agricultural_burning
5,6,0,0,158.07,170.46,63.99,33.01,19.99,0.622,3.63,25.7,70.4,0.927,0.516,industrial
12,4,6,1,58.11,82.88,13.89,18.69,12.27,0.789,3.14,28.3,50.9,0.701,1.346,unknown
17,8,3,0,53.97,105.44,8.25,114.74,77.23,2.242,1.27,31.1,28.6,0.512,13.915,vehicular
1,12,4,0,154.3,180.95,82.97,31.73,21.86,1.28,3.26,34.2,61.2,0.853,0.382,industrial
8,12,2,0,42.74,94.82,7.94,92.82,53.67,2.064,2.92,29.4,33.7,0.451,11.684,vehicular
9,3,3,0,63.13,75.5,1.43,116.69,63.73,1.016,0.78,34.9,56.9,0.836,81.52,vehicular
6,1,0,0,57.56,72.7,11.19,6.89,3.01,1.295,0.37,12.3,84.3,0.792,0.615,seasonal_inversion
0,11,5,1,129.82,167.58,75.46,40.9,36.17,1.201,1.32,19.4,63.1,0.775,0.542,industrial
6,10,0,0,209.42,289.36,108.53,17.14,10.84,0.907,1.01,33.2,69.2,0.724,0.158,industrial
15,11,1,0,28.59,34.52,16.82,-0.07,-0.13,0.698,7.93,29.5,72.2,0.828,-0.004,unknown
5,2,5,1,98.95,153.32,16.32,28.03,18.93,1.198,1.25,15.5,69.6,0.645,1.718,seasonal_inversion
22,8,4,0,114.33,174.65,110.51,22.69,13.06,0.701,2.62,27.1,52.7,0.655,0.205,industrial
6,2,6,1,89.21,138.95,20.4,7.2,6.06,0.576,0.76,22.8,59.1,0.642,0.353,seasonal_inversion
15,11,0,0,172.61,284.86,3.96,46.77,27.65,1.859,3.63,35.3,48.7,0.606,11.821,agricultural_burning
17,11,1,0,84.45,273.37,17.09,24.93,10.24,0.555,4.16,34.5,36.8,0.309,1.459,agricultural_burning
14,12,2,0,82.85,216.48,10.43,8.7,3.73,2.806,1.4,38.4,15.0,0.383,0.835,agricultural_burning
10,2,2,0,89.7,87.13,13.54,23.59,13.93,0.826,0.66,13.9,72.1,1.03,1.742,seasonal_inversion
11,12,0,0,158.77,254.83,3.19,31.75,19.86,2.31,3.41,34.4,26.4,0.623,9.956,agricultural_burning
5,1,4,0,110.21,142.79,8.59,29.24,13.46,1.008,0.01,34.9,75.0,0.772,3.405,seasonal_inversion
8,12,2,0,82.2,104.56,8.49,89.11,59.7,2.14,2.41,28.6,60.0,0.786,10.497,vehicular
3,5,0,0,69.98,65.45,88.35,20.64,4.52,1.175,3.04,29.1,62.7,1.069,0.234,industrial
16,3,4,0,149.98,273.36,9.43,6.0,0.11,1.502,3.06,30.4,52.2,0.549,0.636,agricultural_burning
6,1,0,0,125.54,159.41,24.18,26.5,17.38,0.278,1.01,22.2,77.9,0.788,1.096,seasonal_inversion
23,5,3,0,85.75,147.94,83.73,25.63,22.9,1.293,2.6,27.9,92.8,0.58,0.306,industrial
7,4,6,1,50.98,74.89,8.61,18.93,11.26,0.573,7.03,30.7,56.1,0.681,2.199,unknown
8,2,3,0,99.95,134.38,18.18,18.8,11.36,1.183,0.62,16.5,77.8,0.744,1.034,seasonal_inversion
23,10,0,0,160.12,217.24,17.81,25.72,18.94,0.616,0.63,23.0,92.0,0.737,1.444,industrial
13,7,5,1,38.33,43.79,5.65,20.38,13.22,0.436,7.02,24.8,41.2,0.875,3.606,unknown
19,8,5,1,56.6,78.08,10.65,29.01,14.43,0.718,4.96,23.5,51.0,0.725,2.725,unknown
9,11,1,0,82.16,95.28,8.12,25.98,15.83,1.211,1.41,20.0,64.2,0.862,3.199,seasonal_inversion
16,6,1,0,63.84,108.85,12.02,7.21,4.56,0.438,4.81,36.5,42.1,0.586,0.6,unknown
15,12,5,1,177.55,247.69,12.17,42.72,14.92,1.697,4.93,37.5,41.9,0.717,3.509,agricultural_burning
15,9,0,0,38.11,39.35,9.55,32.09,13.55,0.608,6.51,26.2,50.1,0.969,3.359,unknown
1,7,4,0,169.97,219.88,54.21,42.85,20.48,0.412,2.93,23.3,42.7,0.773,0.79,industrial
12,4,1,0,188.76,256.33,10.33,13.59,3.13,3.049,4.37,28.1,15.0,0.736,1.315,agricultural_burning
17,4,4,0,202.77,308.75,14.18,21.01,11.57,1.597,4.13,33.2,55.1,0.657,1.482,agricultural_burning
7,11,4,0,108.14,196.96,7.64,98.54,60.39,2.388,1.79,27.5,47.0,0.549,12.901,vehicular
8,1,4,0,93.66,126.2,9.87,13.15,9.39,1.288,0.18,14.4,71.0,0.742,1.332,seasonal_inversion
18,10,6,1,199.51,346.55,12.72,18.62,8.59,2.007,3.67,25.0,52.4,0.576,1.464,agricultural_burning
7,11,4,0,103.18,164.28,8.88,39.04,23.79,0.568,0.63,26.8,75.0,0.628,4.397,seasonal_inversion
7,1,3,0,79.7,109.2,13.66,8.14,1.87,0.482,0.8,14.2,64.6,0.73,0.596,seasonal_inversion
5,1,2,0,116.95,164.96,15.81,22.31,15.74,1.38,0.81,16.7,70.5,0.709,1.411,seasonal_inversion
8,12,1,0,90.81,119.47,0.78,39.48,18.88,0.511,1.17,22.3,75.3,0.76,50.355,seasonal_inversion
6,12,1,0,112.35,125.0,4.29,38.02,28.17,0.836,0.72,22.0,67.8,0.899,8.861,seasonal_inversion
6,1,5,1,114.39,140.24,18.35,29.7,16.13,0.723,0.62,17.6,74.0,0.816,1.618,seasonal_inversion
22,1,5,1,47.35,55.62,2.52,19.27,7.27,0.412,4.61,28.3,46.3,0.851,7.646,unknown
22,3,2,0,163.89,248.91,37.57,41.92,26.57,0.536,1.29,30.2,64.6,0.658,1.116,industrial
18,11,2,0,157.17,272.18,4.65,36.51,22.11,2.009,1.53,29.3,39.8,0.577,7.858,agricultural_burning
8,1,5,1,76.73,128.41,9.1,30.06,15.16,0.939,0.54,14.6,62.4,0.598,3.302,seasonal_inversion
9,5,0,0,40.25,58.14,7.37,19.17,15.67,0.627,5.65,19.4,77.2,0.692,2.6,unknown
6,2,4,0,80.75,137.94,12.56,26.83,15.98,0.457,0.26,21.4,68.0,0.585,2.136,seasonal_inversion
0,10,6,1,42.45,74.61,12.95,17.72,6.02,0.461,3.27,35.1,53.2,0.569,1.369,unknown
17,11,4,0,87.12,115.04,5.96,67.51,39.27,2.564,1.59,22.9,33.4,0.757,11.335,vehicular
17,3,3,0,26.04,59.64,-1.14,2.04,5.62,0.889,3.92,21.3,69.8,0.437,5.0,unknown
10,12,6,1,126.79,215.92,13.44,41.18,29.05,0.999,0.53,28.3,58.0,0.587,3.064,seasonal_inversion
9,4,2,0,87.51,115.47,7.34,73.83,43.89,2.216,0.5,31.1,65.9,0.758,10.059,vehicular
10,10,3,0,40.24,74.64,5.54,55.54,29.48,1.887,1.22,24.2,47.1,0.539,10.032,vehicular
18,8,2,0,86.99,158.19,8.86,109.83,63.7,2.255,1.03,28.7,40.9,0.55,12.396,vehicular
17,4,2,0,118.09,232.71,14.06,14.69,10.37,0.792,3.57,23.0,36.7,0.507,1.045,agricultural_burning
16,10,5,1,57.87,97.45,-0.76,29.63,17.58,0.638,5.63,33.4,62.4,0.594,5.0,unknown
17,11,4,0,35.45,49.5,2.95,121.2,86.97,1.549,2.09,25.6,39.2,0.716,41.136,vehicular
11,4,4,0,134.61,297.14,11.76,16.79,11.66,1.414,2.76,36.9,30.6,0.453,1.427,agricultural_burning
7,10,0,0,93.71,185.87,4.03,141.28,85.59,2.059,2.56,31.8,53.1,0.504,35.022,vehicular
16,3,0,0,38.95,47.86,1.46,32.22,17.93,0.43,2.17,21.5,55.5,0.814,22.065,unknown
8,11,4,0,118.28,147.55,17.43,25.81,15.12,0.272,0.39,25.5,71.3,0.802,1.48,seasonal_inversion
4,4,5,1,36.15,56.78,14.38,35.04,15.47,0.564,1.02,26.0,30.3,0.637,2.437,unknown
22,3,0,0,203.57,270.2,64.61,63.08,48.01,1.075,0.58,27.1,58.8,0.753,0.976,industrial
13,5,3,0,30.23,34.66,10.45,4.98,2.64,0.577,5.71,19.3,62.8,0.872,0.477,unknown
7,2,6,1,69.24,94.93,10.5,49.81,35.89,1.204,0.02,13.8,85.4,0.729,4.746,seasonal_inversion
9,5,6,1,33.59,53.84,5.45,36.08,19.81,0.387,2.26,61.8,95.9,0.624,6.62,unknown
1,7,5,1,29.18,29.93,2.15,8.77,7.67,0.248,7.05,25.9,75.7,0.975,4.083,unknown
5,3,4,0,132.86,199.68,85.73,31.51,22.93,0.663,2.23,27.4,72.3,0.665,0.368,industrial
3,3,6,1,18.15,21.5,0.9,23.55,5.45,0.562,3.15,23.4,95.1,0.844,26.31,unknown
22,10,4,0,55.99,84.09,15.27,22.75,13.43,0.013,7.56,31.6,75.6,0.666,1.49,unknown
16,10,1,0,80.51,214.92,10.64,6.39,0.53,1.731,3.26,35.0,70.7,0.375,0.601,agricultural_burning
10,11,1,0,76.24,98.58,11.42,20.01,6.46,0.574,5.05,33.8,64.2,0.773,1.752,unknown
2,12,3,0,149.63,174.48,68.96,64.08,47.68,0.679,0.68,26.9,78.6,0.858,0.929,industrial
23,7,2,0,221.89,291.56,82.93,56.93,30.83,0.991,1.77,23.6,47.7,0.761,0.686,industrial
3,12,5,1,62.17,55.5,4.45,29.86,22.83,0.628,6.51,31.6,32.6,1.12,6.716,unknown
6,1,6,1,76.17,125.72,8.63,11.37,8.45,0.772,1.3,4.8,80.6,0.606,1.319,seasonal_inversion
16,4,3,0,49.85,76.5,11.08,20.94,9.69,0.657,5.55,24.9,57.1,0.652,1.89,unknown
3,4,5,1,198.92,292.44,87.68,29.26,15.71,0.443,2.45,26.4,62.9,0.68,0.334,industrial
22,7,3,0,199.96,244.68,72.11,59.3,27.72,0.352,0.61,23.4,57.9,0.817,0.822,industrial
13,9,2,0,16.01,37.13,1.57,42.11,18.9,0.278,6.36,25.5,78.8,0.431,26.847,unknown
8,6,3,0,23.14,47.37,8.11,84.69,48.03,2.821,2.79,17.9,76.4,0.488,10.449,vehicular
7,2,3,0,86.04,144.05,9.52,31.54,26.13,1.525,0.4,24.2,95.7,0.597,3.313,seasonal_inversion
7,6,4,0,110.96,222.66,2.92,136.22,101.52,2.132,1.89,37.7,34.3,0.498,46.577,vehicular
7,3,1,0,111.5,177.22,2.3,42.8,27.95,3.215,0.9,26.6,55.4,0.629,18.646,vehicular
3,8,1,0,35.27,48.81,7.46,1.99,2.15,0.538,7.65,38.5,63.0,0.723,0.267,unknown
19,8,0,0,67.83,124.08,6.49,108.15,69.96,2.177,2.95,31.0,66.2,0.547,16.662,vehicular
9,2,1,0,79.37,149.33,2.47,120.48,77.93,2.422,1.82,25.1,61.5,0.531,48.842,vehicular
19,11,3,0,100.21,144.99,4.42,109.83,70.57,3.719,0.94,23.6,47.9,0.691,24.873,vehicular
12,3,5,1,126.72,189.17,13.41,22.32,16.07,1.389,4.35,35.5,34.9,0.67,1.665,agricultural_burning
9,12,2,0,27.42,53.46,2.64,109.14,61.6,2.383,0.58,34.6,54.6,0.513,41.365,vehicular
20,11,2,0,44.71,58.4,9.11,73.34,42.49,2.0,2.1,33.0,62.6,0.766,8.049,vehicular
19,10,2,0,66.42,76.46,4.94,60.87,38.67,1.023,1.58,29.5,51.2,0.869,12.309,vehicular
19,12,3,0,73.65,137.13,-0.74,80.0,53.86,2.326,0.88,32.1,47.3,0.537,5.0,vehicular
10,2,3,0,134.08,199.91,11.0,35.22,20.98,0.584,0.2,17.8,80.1,0.671,3.202,seasonal_inversion
13,11,4,0,80.52,216.93,5.91,30.38,13.53,1.251,2.02,36.3,63.0,0.371,5.143,agricultural_burning
7,12,3,0,77.07,99.65,24.95,12.16,9.09,0.95,0.5,22.1,56.4,0.773,0.487,seasonal_inversion
0,6,5,1,179.28,214.09,74.12,45.07,39.48,0.761,3.43,32.0,76.3,0.837,0.608,industrial
7,7,1,0,78.75,103.78,11.05,48.45,40.94,1.64,1.45,23.9,61.4,0.759,4.383,vehicular
20,11,6,1,56.41,92.37,11.47,42.98,33.9,0.274,1.08,20.1,74.8,0.611,3.748,unknown
14,11,1,0,198.11,336.46,1.88,3.35,3.83,2.305,1.21,30.3,43.1,0.589,1.779,agricultural_burning
10,7,2,0,68.18,127.3,8.11,45.15,21.62,2.744,2.66,29.4,57.5,0.536,5.567,vehicular
9,3,0,0,75.17,91.59,4.1,12.51,11.78,0.857,3.29,31.4,58.9,0.821,3.051,unknown
9,9,2,0,59.68,98.15,1.53,127.05,94.74,3.086,1.59,35.5,51.4,0.608,82.911,vehicular
23,2,5,1,140.16,173.27,83.81,71.85,33.07,0.854,3.27,23.3,39.1,0.809,0.857,industrial
14,7,3,0,21.3,38.26,7.88,24.64,13.77,0.573,1.38,40.8,98.0,0.557,3.126,unknown
9,12,5,1,82.5,137.66,11.09,42.1,33.97,0.985,0.34,21.0,52.0,0.599,3.795,seasonal_inversion
19,3,4,0,85.43,133.95,11.52,55.66,44.56,0.921,2.99,26.1,67.6,0.638,4.83,vehicular
7,1,2,0,70.84,99.98,7.62,35.18,19.28,1.258,0.97,20.6,92.0,0.709,4.618,seasonal_inversion
8,11,3,0,86.43,130.9,12.33,43.29,24.8,0.954,1.95,33.4,61.4,0.66,3.51,vehicular
16,3,6,1,139.08,325.73,9.72,15.74,8.52,1.874,2.27,28.0,66.0,0.427,1.619,agricultural_burning
6,2,1,0,45.94,58.85,1.51,20.93,9.04,0.951,4.53,19.9,69.0,0.781,13.883,unknown
14,3,6,1,155.62,195.43,12.71,26.05,16.15,1.25,3.24,39.6,36.6,0.796,2.049,agricultural_burning
10,7,3,0,55.5,110.39,14.08,9.22,5.44,0.581,4.52,37.7,35.8,0.503,0.655,unknown
12,10,6,1,274.89,385.99,14.11,14.37,7.41,0.811,3.63,27.6,38.9,0.712,1.019,agricultural_burning
7,2,4,0,59.04,101.96,5.37,64.2,51.17,4.432,0.57,30.5,90.0,0.579,11.963,vehicular
5,1,1,0,51.61,82.79,10.5,11.98,7.41,0.117,1.85,27.5,77.3,0.623,1.141,unknown
13,11,5,1,161.69,249.3,14.12,21.2,11.43,0.806,2.24,23.5,41.1,0.649,1.501,agricultural_burning
22,3,2,0,181.16,228.03,64.2,43.78,25.67,0.948,1.41,27.9,64.8,0.794,0.682,industrial
5,12,3,0,150.24,173.07,11.15,27.78,15.11,0.496,1.32,18.3,71.9,0.868,2.491,seasonal_inversion
14,3,5,1,156.36,292.81,10.85,21.64,9.11,1.664,4.3,35.3,26.5,0.534,1.995,agricultural_burning
9,10,6,1,62.73,261.39,5.59,22.14,13.54,1.017,2.86,31.3,45.0,0.24,3.96,agricultural_burning
13,4,4,0,121.46,318.69,9.47,26.62,16.19,1.585,1.06,34.0,57.3,0.381,2.812,agricultural_burning
9,11,0,0,70.89,154.85,5.48,85.36,36.96,0.855,1.79,25.3,43.0,0.458,15.567,vehicular
2,5,2,0,122.73,159.89,69.33,15.44,8.86,0.471,1.93,24.4,98.3,0.768,0.223,industrial
6,11,1,0,47.0,51.32,7.38,19.22,15.96,0.356,0.23,12.3,66.8,0.916,2.605,seasonal_inversion
8,2,5,1,143.12,196.4,13.79,36.99,20.31,0.452,0.27,15.9,79.9,0.729,2.683,seasonal_inversion
2,9,2,0,159.95,231.23,68.2,16.19,8.69,1.474,3.34,17.8,46.2,0.692,0.237,industrial
7,6,5,1,10.62,8.02,0.72,12.51,5.64,0.753,5.44,31.9,39.5,1.324,17.304,unknown
17,7,2,0,47.8,103.51,3.08,85.46,55.2,1.732,0.98,35.7,72.6,0.462,27.744,vehicular
11,10,4,0,60.34,98.38,4.72,23.95,13.98,0.771,1.2,46.9,40.2,0.613,5.073,unknown
6,1,1,0,206.83,234.96,67.58,29.68,23.76,1.159,1.33,40.0,46.1,0.88,0.439,industrial
9,2,4,0,74.56,102.8,10.11,54.33,31.09,1.115,0.76,22.2,85.0,0.725,5.373,seasonal_inversion
23,8,4,0,190.59,289.54,88.38,45.99,38.1,0.93,1.04,26.4,71.2,0.658,0.52,industrial
7,11,0,0,104.48,145.97,13.11,41.2,28.22,0.611,0.76,10.7,63.9,0.716,3.144,seasonal_inversion
14,8,3,0,22.5,35.24,2.76,25.0,20.47,0.615,6.41,36.5,72.8,0.639,9.073,unknown
19,8,3,0,102.24,143.13,3.32,133.93,77.33,1.415,1.96,31.2,36.9,0.714,40.358,vehicular
15,11,3,0,190.63,339.99,6.45,30.04,19.34,1.789,4.57,22.1,34.9,0.561,4.658,agricultural_burning
7,12,3,0,87.08,134.53,17.29,26.84,10.02,0.923,0.9,21.9,79.0,0.647,1.552,seasonal_inversion
7,2,5,1,64.01,115.38,20.28,44.78,23.83,0.619,0.38,13.1,68.8,0.555,2.208,seasonal_inversion
8,1,1,0,104.63,163.85,27.19,33.38,23.14,0.56,0.45,22.0,88.2,0.639,1.228,seasonal_inversion
3,7,6,1,156.07,196.84,75.24,39.85,25.45,0.473,2.47,28.0,66.9,0.793,0.53,industrial
3,11,1,0,45.59,70.36,12.21,24.35,19.94,0.667,2.41,26.3,66.3,0.648,1.994,unknown
7,12,1,0,102.38,148.61,17.44,24.39,18.83,0.771,0.63,13.8,64.1,0.689,1.399,seasonal_inversion
10,11,1,0,94.51,123.83,10.81,27.95,18.78,1.257,1.42,14.0,78.3,0.763,2.585,seasonal_inversion
20,9,4,0,74.74,92.31,1.64,58.27,28.24,3.862,2.08,26.5,68.2,0.81,35.458,vehicular
3,8,6,1,120.17,160.78,66.47,54.45,39.62,1.164,0.5,30.9,100.0,0.747,0.819,industrial
23,11,6,1,57.54,96.53,8.86,36.55,16.19,0.634,4.1,33.0,57.3,0.596,4.127,unknown
8,1,3,0,97.26,164.91,7.37,30.75,22.68,1.009,0.61,25.1,80.8,0.59,4.171,seasonal_inversion
9,11,1,0,173.71,347.9,9.53,20.34,13.9,3.071,4.49,25.2,73.3,0.499,2.135,agricultural_burning
20,5,6,1,52.53,86.15,9.85,5.93,1.98,0.446,6.02,23.4,79.1,0.61,0.602,unknown
0,2,4,0,104.63,161.57,124.73,29.76,18.84,0.956,3.42,23.5,81.7,0.648,0.239,industrial
6,1,0,0,27.69,36.48,3.39,22.85,13.44,0.723,7.92,34.9,70.8,0.759,6.735,unknown
19,2,4,0,84.26,179.8,5.61,61.17,36.6,1.107,1.14,25.2,41.5,0.469,10.904,vehicular
9,2,6,1,115.71,174.94,7.96,17.64,12.26,1.454,0.15,12.8,73.5,0.661,2.216,seasonal_inversion
9,11,2,0,96.99,161.39,13.07,35.74,19.13,1.194,0.97,22.8,69.6,0.601,2.735,seasonal_inversion
14,10,1,0,104.08,163.86,11.33,28.61,12.51,1.91,2.76,25.6,50.6,0.635,2.526,agricultural_burning
9,1,1,0,63.81,72.43,6.92,37.97,20.86,1.168,0.45,16.1,89.0,0.881,5.49,seasonal_inversion
22,9,1,0,111.91,154.62,97.88,29.23,23.56,1.14,1.22,21.8,72.4,0.724,0.299,industrial
10,3,0,0,127.75,208.08,12.35,19.59,8.35,1.403,1.1,35.8,44.9,0.614,1.586,agricultural_burning
17,10,5,1,133.0,215.98,6.98,9.33,6.88,1.162,1.41,42.8,38.3,0.616,1.336,agricultural_burning
12,2,1,0,14.94,11.12,14.25,10.79,4.07,0.4,7.02,28.7,46.7,1.344,0.757,unknown
10,12,4,0,117.96,189.42,6.85,37.24,13.37,0.33,0.83,16.0,60.7,0.623,5.439,seasonal_inversion
13,11,0,0,140.71,325.61,8.6,8.46,2.59,1.826,1.98,29.5,60.5,0.432,0.984,agricultural_burning
20,12,4,0,48.25,86.76,3.6,65.43,39.02,2.185,1.91,25.5,74.4,0.556,18.185,vehicular
1,11,1,0,199.43,245.19,65.11,32.83,15.21,1.082,2.29,27.0,29.1,0.813,0.504,industrial
3,7,6,1,152.94,257.28,127.61,12.94,9.5,0.879,3.63,20.6,65.3,0.594,0.101,industrial
8,2,2,0,106.98,158.6,9.42,25.21,11.17,0.601,0.17,12.4,98.0,0.675,2.677,seasonal_inversion
9,1,0,0,83.15,127.61,17.98,22.85,4.83,1.419,0.16,18.7,69.7,0.652,1.271,seasonal_inversion
15,10,5,1,124.2,242.62,11.58,23.44,14.21,2.088,2.08,36.2,42.2,0.512,2.024,agricultural_burning
8,7,2,0,113.44,182.62,5.37,119.4,64.82,3.916,0.57,29.2,58.3,0.621,22.255,vehicular
5,12,3,0,135.81,186.7,44.6,50.22,36.69,1.068,3.1,19.6,81.1,0.727,1.126,industrial
8,11,4,0,46.63,86.89,4.75,91.57,65.57,1.666,1.09,35.6,29.2,0.537,19.263,vehicular
14,5,4,0,69.13,81.53,8.75,49.73,23.56,0.438,6.15,33.9,56.9,0.848,5.686,unknown
9,11,4,0,62.42,98.64,15.54,29.64,22.16,0.657,1.1,19.3,62.3,0.633,1.907,seasonal_inversion
0,10,4,0,166.31,237.36,59.71,20.96,17.29,0.556,0.86,35.8,57.0,0.701,0.351,industrial
9,12,4,0,146.16,191.74,14.05,40.32,24.15,0.408,1.49,23.2,90.3,0.762,2.87,seasonal_inversion
10,5,3,0,91.87,174.93,6.79,106.21,48.42,1.876,1.48,26.2,49.4,0.525,15.647,vehicular
15,10,2,0,151.93,276.51,18.98,20.95,7.42,0.801,1.45,24.4,57.8,0.549,1.104,agricultural_burning
8,2,2,0,128.0,148.07,9.01,29.75,16.07,0.265,0.87,19.8,59.4,0.864,3.302,seasonal_inversion
6,2,0,0,107.91,121.99,21.32,25.14,13.23,1.18,0.6,18.9,85.6,0.885,1.179,seasonal_inversion
6,1,5,1,73.92,106.27,6.43,19.76,10.83,1.128,0.74,6.8,71.4,0.696,3.076,seasonal_inversion
9,1,0,0,51.09,44.26,10.43,20.23,8.56,0.708,1.47,10.2,73.8,1.154,1.94,seasonal_inversion
8,11,5,1,78.84,99.02,3.8,30.48,10.89,1.329,0.86,18.0,58.9,0.796,8.023,seasonal_inversion
3,3,4,0,39.92,57.48,4.59,26.2,14.25,0.738,3.35,22.6,69.6,0.694,5.707,unknown
2,2,4,0,29.52,47.16,11.21,13.14,7.96,0.474,6.0,31.0,26.0,0.626,1.172,unknown
14,3,5,1,118.25,267.02,3.56,25.27,12.47,1.618,3.85,24.4,33.8,0.443,7.089,agricultural_burning
16,3,0,0,155.46,253.48,3.94,10.22,4.4,1.306,2.0,30.0,52.9,0.613,2.59,agricultural_burning
14,4,6,1,124.36,218.66,9.91,17.23,7.08,1.392,3.48,37.4,62.3,0.569,1.739,agricultural_burning
22,10,3,0,142.17,171.13,77.8,34.36,19.98,0.83,1.97,23.6,57.8,0.831,0.442,industrial
10,12,0,0,58.29,104.2,22.83,19.24,13.72,0.4,0.31,23.6,85.7,0.559,0.843,seasonal_inversion
7,9,1,0,58.7,112.19,11.64,57.91,34.01,1.199,1.8,26.2,69.7,0.523,4.975,vehicular
7,8,4,0,47.43,89.13,9.71,135.58,95.79,1.963,2.52,36.5,48.5,0.532,13.969,vehicular
2,12,1,0,118.74,178.27,93.63,34.92,14.42,0.739,3.11,29.6,92.9,0.666,0.373,industrial
23,4,0,0,40.77,50.15,7.27,12.4,12.77,0.631,6.62,28.3,92.5,0.813,1.706,unknown
2,3,2,0,48.08,57.61,9.98,19.31,9.63,0.645,6.11,31.9,59.0,0.835,1.935,unknown
9,12,5,1,138.24,276.12,6.45,9.3,8.64,1.141,4.33,45.8,35.0,0.501,1.442,agricultural_burning
2,6,5,1,19.96,27.65,2.15,34.32,13.92,0.277,4.22,27.9,86.2,0.722,15.967,unknown
22,5,6,1,56.81,84.34,15.96,17.07,11.74,0.493,2.05,34.9,66.7,0.674,1.07,unknown
4,6,0,0,158.46,188.56,105.89,29.87,26.76,1.063,0.75,30.8,58.8,0.84,0.282,industrial
13,9,4,0,35.46,44.32,2.63,-2.47,-3.17,0.503,2.01,28.9,61.6,0.8,-0.94,unknown
20,6,1,0,118.16,250.94,2.95,115.22,84.33,2.386,2.89,27.3,57.0,0.471,38.998,vehicular
20,2,1,0,64.08,102.07,2.23,101.29,49.14,2.92,1.73,27.8,46.3,0.628,45.363,vehicular
3,6,3,0,146.34,193.32,72.49,30.31,24.23,0.45,3.88,30.1,63.7,0.757,0.418,industrial
1,10,5,1,146.77,167.75,99.1,37.34,25.34,0.677,2.66,30.8,70.5,0.875,0.377,industrial
11,11,3,0,219.54,377.63,7.16,48.15,30.04,1.363,3.18,27.0,44.2,0.581,6.727,agricultural_burning
7,11,3,0,78.09,103.66,4.46,78.91,54.78,2.256,0.93,27.6,27.7,0.753,17.704,vehicular
14,12,2,0,201.26,371.06,5.08,29.3,17.42,1.307,4.84,39.6,39.3,0.542,5.769,agricultural_burning
0,8,1,0,19.49,24.43,1.08,9.27,6.2,0.554,5.7,24.3,98.0,0.798,8.563,unknown
16,11,0,0,161.85,225.37,12.14,27.09,19.53,2.434,1.77,27.1,31.5,0.718,2.231,agricultural_burning
16,4,1,0,235.46,364.62,7.34,21.55,9.96,2.621,3.89,33.2,40.2,0.646,2.937,agricultural_burning
6,9,0,0,39.84,75.34,10.33,26.34,17.72,0.716,2.14,32.5,42.3,0.529,2.551,unknown
9,3,0,0,78.3,118.01,8.54,98.71,53.32,3.823,2.11,27.7,59.1,0.664,11.562,vehicular
10,11,0,0,61.43,79.43,16.01,22.22,14.87,0.859,0.23,20.7,72.4,0.773,1.388,seasonal_inversion
5,6,6,1,186.42,263.32,136.65,20.99,13.1,1.455,1.43,36.9,40.1,0.708,0.154,industrial
7,11,0,0,110.37,160.7,16.0,26.22,19.06,1.117,1.0,17.7,88.5,0.687,1.639,seasonal_inversion
9,10,3,0,23.65,30.04,9.49,78.59,36.14,3.681,0.65,34.0,62.6,0.787,8.278,vehicular
22,8,2,0,30.45,32.12,17.77,14.34,7.61,0.332,4.26,21.1,35.9,0.948,0.807,unknown
6,1,1,0,130.84,210.19,12.21,26.91,16.88,0.931,1.16,9.2,76.5,0.622,2.203,seasonal_inversion
15,12,4,0,132.65,320.09,9.25,30.5,19.0,1.53,4.74,19.2,30.4,0.414,3.297,agricultural_burning
1,2,4,0,153.17,220.82,66.61,39.08,27.11,0.112,1.73,33.9,53.7,0.694,0.587,industrial
22,3,0,0,135.08,216.8,77.29,30.61,11.92,1.044,3.93,30.3,55.5,0.623,0.396,industrial
7,2,2,0,114.36,199.01,10.93,34.5,20.73,0.968,0.59,19.8,87.1,0.575,3.155,seasonal_inversion
12,4,4,0,92.13,164.34,4.99,12.61,7.41,1.896,1.15,27.9,21.6,0.561,2.527,agricultural_burning
6,5,0,0,132.37,150.9,69.47,51.62,25.65,0.99,0.96,41.8,69.8,0.877,0.743,industrial
9,12,5,1,159.12,183.73,2.89,49.79,29.12,1.295,1.34,20.3,81.8,0.866,17.259,seasonal_inversion
4,2,3,0,114.25,164.28,76.67,29.84,18.24,0.174,2.81,29.7,54.8,0.695,0.389,industrial
20,1,1,0,76.04,122.25,2.62,89.38,47.26,2.127,0.88,30.2,30.7,0.622,34.131,vehicular
8,1,3,0,80.07,114.01,7.54,41.65,25.58,0.684,0.66,16.0,67.6,0.702,5.522,seasonal_inversion
16,11,6,1,176.76,271.64,13.2,6.6,1.76,2.79,2.31,17.9,40.9,0.651,0.5,agricultural_burning
2,8,5,1,146.87,188.48,62.14,41.28,25.26,1.219,0.85,23.3,73.4,0.779,0.664,industrial
5,2,6,1,31.89,55.56,17.6,10.29,8.35,0.734,4.1,19.9,57.5,0.574,0.584,unknown
9,3,5,1,169.94,288.84,5.11,17.52,7.9,1.24,3.65,34.8,45.5,0.588,3.426,agricultural_burning
10,1,4,0,94.02,176.39,9.78,119.07,82.52,1.507,0.52,35.5,63.1,0.533,12.172,vehicular
6,6,2,0,235.69,367.09,109.67,44.59,25.91,0.484,2.42,16.7,58.1,0.642,0.407,industrial
7,12,1,0,68.02,82.52,9.81,27.39,16.79,1.29,1.5,11.4,92.8,0.824,2.792,seasonal_inversion
11,11,0,0,175.61,342.6,9.02,10.97,4.62,2.225,3.65,30.7,47.0,0.513,1.216,agricultural_burning
1,4,5,1,143.95,188.54,92.92,48.77,35.1,0.786,3.32,24.0,86.7,0.764,0.525,industrial
10,4,3,0,102.15,235.65,10.07,25.52,16.4,2.143,2.4,33.5,49.3,0.433,2.535,agricultural_burning
15,10,6,1,203.45,304.53,7.03,28.82,15.78,4.468,3.03,26.9,51.6,0.668,4.101,agricultural_burning
19,8,2,0,68.01,141.25,2.72,85.13,60.67,3.554,0.6,27.5,32.3,0.481,31.284,vehicular
7,4,4,0,50.15,87.66,8.46,93.94,61.84,2.992,2.73,33.5,45.8,0.572,11.103,vehicular
17,9,5,1,77.96,121.91,8.13,13.62,10.14,0.583,1.89,29.9,48.5,0.639,1.674,unknown
0,9,3,0,31.1,45.15,5.61,12.84,10.91,0.488,3.67,31.7,86.2,0.689,2.291,unknown
3,9,1,0,36.3,39.49,1.6,19.8,12.44,0.495,6.48,29.9,79.6,0.919,12.374,unknown
3,5,2,0,189.25,261.31,103.91,27.5,25.03,0.387,1.91,26.3,70.4,0.724,0.265,industrial
3,8,1,0,161.16,183.48,59.19,41.99,29.74,1.028,1.49,31.8,43.6,0.878,0.709,industrial
6,9,0,0,166.27,206.05,149.86,41.0,31.38,0.705,1.95,30.0,55.0,0.807,0.274,industrial
10,11,0,0,170.43,316.4,3.29,26.12,14.88,3.418,1.38,29.5,26.6,0.539,7.936,agricultural_burning
4,10,2,0,102.61,115.25,94.91,60.08,40.84,1.407,1.28,23.7,63.1,0.89,0.633,industrial
5,12,2,0,153.79,235.04,73.72,31.9,26.27,1.511,2.44,24.5,69.8,0.654,0.433,industrial
2,6,4,0,87.57,138.27,93.96,32.31,17.41,0.811,2.2,23.5,67.4,0.633,0.344,industrial
5,12,2,0,73.64,95.03,11.16,24.62,15.66,0.691,0.0,19.4,68.8,0.775,2.207,seasonal_inversion
3,4,4,0,175.65,246.38,58.4,24.34,18.28,1.178,2.07,32.1,53.4,0.713,0.417,industrial
7,11,2,0,100.7,180.83,2.87,93.07,57.83,2.809,2.6,29.2,76.5,0.557,32.427,vehicular
11,12,2,0,170.91,335.57,6.83,32.92,20.08,1.518,1.58,39.1,44.9,0.509,4.823,agricultural_burning
18,3,2,0,215.54,287.29,11.5,19.35,8.36,1.686,4.38,34.2,37.9,0.75,1.682,agricultural_burning
7,8,3,0,99.06,169.0,2.99,59.25,30.2,2.049,2.44,22.7,46.3,0.586,19.795,vehicular
9,6,2,0,60.55,100.48,6.82,102.38,62.39,2.773,1.15,32.8,70.8,0.603,15.006,vehicular
5,11,6,1,82.6,116.17,4.55,43.99,23.39,0.467,0.09,19.4,79.9,0.711,9.658,seasonal_inversion
10,2,6,1,127.31,185.84,19.54,32.24,25.78,0.335,0.26,15.9,91.2,0.685,1.65,seasonal_inversion
22,9,5,1,145.06,178.1,84.55,36.41,24.16,0.891,3.91,28.4,56.7,0.815,0.431,industrial
3,3,4,0,20.19,52.54,0.45,6.07,6.25,0.457,7.9,24.9,66.9,0.384,13.581,unknown
0,2,4,0,179.92,196.28,57.1,31.48,22.09,0.481,0.87,30.5,63.4,0.917,0.551,industrial
22,3,1,0,160.31,228.09,68.31,30.32,12.98,0.74,1.81,27.9,83.7,0.703,0.444,industrial
13,10,2,0,61.77,108.75,15.2,37.2,31.62,0.451,1.64,24.5,52.9,0.568,2.448,unknown
10,3,3,0,40.56,73.74,8.22,20.38,10.5,0.366,6.37,32.1,63.8,0.55,2.479,unknown
5,7,2,0,171.7,207.64,58.89,37.84,25.18,0.873,3.24,30.3,82.2,0.827,0.642,industrial
5,12,2,0,151.48,208.79,16.65,33.81,20.89,1.02,0.62,13.7,79.0,0.725,2.031,seasonal_inversion
8,9,3,0,44.86,71.29,5.59,19.03,12.07,0.259,2.26,30.8,80.9,0.629,3.405,unknown
0,1,4,0,127.46,178.79,82.22,36.5,30.38,0.797,2.08,17.5,76.0,0.713,0.444,industrial
9,12,3,0,257.17,350.72,9.96,28.72,16.2,2.37,2.2,28.0,45.3,0.733,2.884,agricultural_burning
12,11,0,0,115.68,173.58,10.27,21.91,6.27,1.83,1.64,26.8,49.6,0.666,2.134,agricultural_burning
9,3,2,0,64.75,88.03,7.64,93.59,69.42,3.118,2.99,29.5,50.2,0.736,12.255,vehicular
9,9,3,0,15.49,21.42,3.44,26.67,14.7,0.705,5.87,35.2,93.0,0.723,7.758,unknown
9,4,0,0,139.28,209.3,5.02,17.67,6.51,2.479,3.85,34.5,32.6,0.665,3.52,agricultural_burning
7,11,3,0,57.32,105.68,15.34,47.89,30.22,1.113,0.3,17.5,80.3,0.542,3.122,seasonal_inversion
19,2,0,0,96.01,138.58,5.68,69.08,48.25,2.579,1.36,26.3,55.2,0.693,12.17,vehicular
11,10,2,0,164.95,265.77,1.04,22.82,13.83,1.85,2.5,26.3,44.3,0.621,22.022,agricultural_burning
0,8,1,0,51.66,104.96,0.26,11.07,8.09,0.598,4.36,30.1,91.8,0.492,42.241,unknown
8,5,4,0,96.9,153.56,3.97,114.88,73.24,3.372,2.68,35.3,76.6,0.631,28.92,vehicular
14,12,5,1,172.56,301.75,13.1,19.9,10.32,0.879,1.39,36.4,38.9,0.572,1.52,agricultural_burning
10,1,1,0,118.89,179.62,6.33,100.52,76.89,2.276,0.83,27.7,39.7,0.662,15.879,vehicular
7,1,1,0,102.92,118.41,9.67,14.53,4.84,1.195,0.05,18.3,62.5,0.869,1.503,seasonal_inversion
8,7,1,0,38.56,86.26,5.14,87.22,63.95,1.52,2.76,24.9,42.2,0.447,16.958,vehicular
7,4,4,0,91.72,152.79,5.45,122.69,88.71,3.143,2.38,25.6,46.8,0.6,22.502,vehicular
7,12,2,0,129.91,195.36,11.97,30.85,24.38,1.423,0.68,12.6,92.6,0.665,2.578,seasonal_inversion
5,4,2,0,141.02,190.28,88.18,37.69,22.72,1.084,1.26,35.2,60.4,0.741,0.427,industrial
17,10,6,1,139.65,339.48,7.57,11.61,3.94,2.39,3.18,22.7,31.6,0.411,1.534,agricultural_burning
10,1,1,0,93.88,147.12,8.15,62.22,45.69,2.531,1.69,27.0,62.6,0.638,7.635,vehicular
14,11,6,1,120.47,259.17,13.91,24.34,12.02,0.752,4.79,42.5,42.6,0.465,1.75,agricultural_burning
17,10,6,1,142.73,244.0,5.84,3.38,2.97,0.877,4.39,32.2,34.4,0.585,0.578,agricultural_burning
7,5,0,0,62.68,111.24,11.46,58.73,37.85,3.202,1.21,32.0,26.2,0.563,5.124,vehicular
11,12,4,0,232.23,291.6,2.38,6.21,2.25,0.77,2.28,30.1,64.1,0.796,2.612,agricultural_burning
19,6,4,0,38.48,55.66,2.68,121.82,82.21,1.818,2.31,25.9,70.1,0.691,45.471,vehicular
7,2,3,0,94.07,177.57,14.38,32.71,18.06,0.099,0.32,24.5,83.9,0.53,2.274,seasonal_inversion
9,12,4,0,97.99,151.11,10.31,23.68,11.74,0.798,1.4,21.0,86.7,0.648,2.297,seasonal_inversion
9,10,5,1,166.15,319.42,16.19,18.14,7.24,1.388,1.48,32.3,65.3,0.52,1.12,agricultural_burning
9,6,0,0,37.0,62.75,14.6,23.84,20.64,0.235,6.56,18.0,46.6,0.59,1.633,unknown
16,11,6,1,199.49,322.46,1.82,17.81,9.0,1.157,2.24,33.2,45.8,0.619,9.775,agricultural_burning
5,6,5,1,142.12,199.21,71.08,41.35,24.89,1.358,2.87,25.8,78.9,0.713,0.582,industrial
2,1,3,0,44.31,76.57,5.87,2.29,1.64,0.094,1.76,25.0,58.9,0.579,0.391,unknown
7,11,2,0,38.45,49.82,19.19,24.74,18.87,0.648,0.41,16.8,74.1,0.772,1.289,seasonal_inversion
15,11,2,0,45.18,56.58,10.9,13.75,9.76,0.901,7.88,30.9,44.6,0.798,1.262,unknown
7,12,6,1,75.94,119.09,20.94,23.03,9.01,1.322,1.22,16.5,64.4,0.638,1.1,seasonal_inversion
17,11,4,0,20.85,17.91,11.82,20.68,6.63,0.692,3.12,30.6,50.2,1.164,1.75,unknown
17,6,4,0,87.53,139.9,4.47,101.14,52.51,3.945,2.81,29.0,65.2,0.626,22.604,vehicular
10,8,3,0,56.04,103.58,9.74,33.91,27.45,0.53,3.61,21.2,78.0,0.541,3.48,unknown
8,3,2,0,90.9,122.08,3.17,83.47,38.9,2.602,1.65,32.7,55.3,0.745,26.367,vehicular
8,9,3,0,39.32,27.22,9.8,94.93,54.06,2.252,0.89,39.2,56.3,1.445,9.685,vehicular
2,2,1,0,141.89,143.57,74.42,55.82,40.04,1.18,2.63,26.4,51.2,0.988,0.75,industrial
4,6,0,0,196.05,237.74,47.65,50.6,32.49,0.532,0.81,18.9,62.7,0.825,1.062,industrial
6,4,5,1,60.06,91.97,8.84,24.1,12.96,1.112,6.37,35.0,76.5,0.653,2.725,unknown
7,7,4,0,34.53,51.58,8.43,91.11,50.15,2.723,2.74,33.8,41.3,0.669,10.802,vehicular
6,11,5,1,114.32,162.69,15.32,26.01,16.49,0.93,0.38,15.2,92.1,0.703,1.698,seasonal_inversion
23,8,2,0,165.35,216.19,73.2,51.41,28.73,0.999,2.27,28.0,69.9,0.765,0.702,industrial
5,2,3,0,92.56,137.78,11.74,30.49,20.07,0.922,1.07,21.2,70.4,0.672,2.598,seasonal_inversion
8,8,1,0,32.88,52.15,8.4,94.05,62.27,2.371,2.32,28.4,68.9,0.631,11.191,vehicular
13,10,5,1,215.11,433.47,4.28,16.6,7.81,2.327,1.37,33.8,49.8,0.496,3.883,agricultural_burning
18,7,3,0,35.34,29.59,3.67,52.67,35.97,3.078,1.67,27.2,39.1,1.194,14.35,vehicular
2,10,2,0,117.29,160.36,75.22,46.02,30.19,0.619,1.22,18.0,71.7,0.731,0.612,industrial
5,11,3,0,89.52,119.56,12.89,30.43,18.44,1.374,0.58,11.7,60.3,0.749,2.36,seasonal_inversion
14,11,2,0,165.54,251.26,7.68,13.34,8.99,3.153,2.62,36.2,57.3,0.659,1.737,agricultural_burning
8,8,1,0,58.95,82.03,7.68,8.47,1.4,0.556,5.11,29.1,45.4,0.719,1.103,unknown
9,11,2,0,103.93,252.9,16.57,20.88,10.98,1.794,4.85,37.0,56.0,0.411,1.26,agricultural_burning
1,12,1,0,87.75,100.37,46.68,4.73,5.34,0.693,3.73,26.2,53.7,0.874,0.101,industrial
23,4,5,1,136.71,184.55,68.86,49.59,24.75,0.48,2.63,29.9,84.2,0.741,0.72,industrial
22,9,6,1,197.03,248.1,59.25,46.92,23.4,0.701,3.53,20.6,65.8,0.794,0.792,industrial
18,8,5,1,19.83,35.04,9.9,12.52,5.37,0.671,4.97,37.2,60.6,0.566,1.264,unknown
5,1,1,0,81.04,90.14,17.54,24.8,18.15,0.524,1.09,13.3,74.5,0.899,1.414,seasonal_inversion
18,6,2,0,46.63,72.02,5.45,86.31,62.97,1.546,1.83,32.0,69.4,0.647,15.837,vehicular
19,3,0,0,15.66,19.52,10.46,21.96,7.87,0.153,7.32,29.5,60.6,0.802,2.099,unknown
20,10,4,0,72.56,115.5,9.9,92.09,48.43,2.715,0.9,30.0,74.1,0.628,9.3,vehicular
2,10,3,0,108.75,172.73,74.5,45.3,25.98,0.76,3.45,22.5,57.5,0.63,0.608,industrial
17,9,3,0,81.96,143.42,4.94,132.42,71.35,2.026,1.57,31.9,60.8,0.571,26.803,vehicular
5,12,4,0,106.65,165.36,14.82,33.77,20.34,0.996,1.09,19.4,85.1,0.645,2.279,seasonal_inversion
5,10,3,0,164.41,208.99,50.72,15.56,12.56,1.47,3.88,23.4,74.7,0.787,0.307,industrial
15,4,5,1,167.3,392.32,2.36,24.49,9.6,2.077,2.64,32.6,29.9,0.426,10.355,agricultural_burning
2,6,6,1,177.99,240.6,70.64,35.27,24.05,0.63,1.37,28.8,92.5,0.74,0.499,industrial
22,5,3,0,200.74,264.94,107.11,45.35,29.49,0.167,0.78,36.7,67.4,0.758,0.423,industrial
20,10,2,0,55.4,87.09,5.23,83.78,53.49,1.783,0.68,36.8,83.2,0.636,16.031,vehicular
3,11,3,0,28.37,18.59,13.66,15.74,12.22,0.518,4.52,24.0,46.3,1.526,1.152,unknown
14,3,4,0,196.43,304.65,6.85,25.31,16.32,2.752,1.09,33.1,21.4,0.645,3.693,agricultural_burning
7,2,5,1,101.95,152.7,13.59,18.3,14.74,0.618,0.34,10.2,79.9,0.668,1.347,seasonal_inversion
14,7,5,1,13.58,32.61,4.07,14.55,4.75,0.473,1.08,20.5,83.9,0.416,3.579,unknown
10,11,3,0,54.25,91.57,6.59,21.76,14.36,0.861,0.26,13.0,58.1,0.592,3.3,seasonal_inversion
11,10,3,0,136.99,227.23,3.45,21.12,8.36,2.88,2.21,25.9,58.7,0.603,6.117,agricultural_burning
5,11,5,1,117.32,151.01,11.71,21.61,13.78,1.06,0.99,15.5,84.7,0.777,1.845,seasonal_inversion
20,6,2,0,86.73,139.03,5.51,121.14,61.27,2.446,1.63,27.9,46.6,0.624,21.984,vehicular
16,4,3,0,207.93,295.91,5.6,18.02,10.52,1.688,4.07,30.5,47.8,0.703,3.219,agricultural_burning
8,2,0,0,47.07,73.13,5.88,18.05,14.95,1.361,0.67,20.9,82.0,0.644,3.072,seasonal_inversion
10,2,4,0,86.08,116.27,12.18,41.5,24.88,0.854,0.24,23.9,71.8,0.74,3.408,seasonal_inversion
8,6,0,0,90.52,142.85,5.16,92.89,62.08,2.722,0.76,29.9,64.0,0.634,18.016,vehicular
19,2,0,0,45.85,63.68,4.68,72.23,35.79,1.403,1.09,35.5,66.3,0.72,15.446,vehicular
10,4,2,0,82.93,134.79,8.34,48.29,31.05,2.715,1.01,24.1,75.5,0.615,5.791,vehicular
18,11,4,0,112.94,208.96,8.46,105.16,72.27,0.916,2.1,26.3,81.1,0.54,12.426,vehicular
7,10,4,0,32.26,55.91,14.85,28.79,19.89,0.035,7.63,25.7,58.6,0.577,1.939,unknown
17,3,1,0,122.88,231.94,3.54,69.63,42.7,2.308,1.74,31.5,56.2,0.53,19.656,vehicular
10,10,1,0,147.02,212.38,13.02,21.02,17.09,2.375,4.89,30.9,45.2,0.692,1.615,agricultural_burning
15,6,0,0,68.13,77.19,8.11,26.67,14.31,0.784,2.91,28.4,88.6,0.883,3.288,unknown
8,10,0,0,55.45,71.38,11.4,37.32,21.45,0.376,2.27,31.8,66.3,0.777,3.275,unknown
7,6,4,0,96.62,138.98,5.06,77.74,39.39,1.131,1.99,23.8,62.3,0.695,15.355,vehicular
8,12,4,0,89.69,151.91,7.48,23.9,10.57,0.809,0.16,12.1,81.6,0.59,3.194,seasonal_inversion
20,6,2,0,87.06,168.77,4.94,84.9,53.24,1.325,2.4,33.4,60.9,0.516,17.171,vehicular
9,11,2,0,165.99,287.59,13.86,17.96,15.14,2.396,1.0,24.8,37.5,0.577,1.295,agricultural_burning
9,10,5,1,128.25,286.37,8.84,2.33,-1.32,2.271,2.44,35.4,50.6,0.448,0.264,agricultural_burning
19,12,0,0,76.36,139.32,8.62,105.23,72.72,1.762,0.82,27.1,61.7,0.548,12.214,vehicular
17,3,4,0,74.93,128.69,7.15,95.04,66.59,0.887,2.36,34.3,53.9,0.582,13.298,vehicular
17,4,3,0,180.45,277.32,6.69,39.42,21.12,1.986,2.73,40.1,51.8,0.651,5.892,agricultural_burning
8,9,1,0,63.58,126.41,3.11,78.37,39.78,2.683,2.41,27.9,65.7,0.503,25.203,vehicular
15,10,4,0,189.73,303.04,6.39,20.77,15.17,1.525,2.73,37.2,61.3,0.626,3.252,agricultural_burning
2,9,3,0,157.33,192.4,98.2,21.23,18.0,0.549,1.32,28.8,76.8,0.818,0.216,industrial
10,11,3,0,97.88,145.05,4.14,42.66,31.15,2.576,0.76,33.4,50.6,0.675,10.309,vehicular
10,5,3,0,71.56,135.64,7.67,126.5,82.49,2.458,2.53,28.3,54.5,0.528,16.503,vehicular
12,12,4,0,78.8,178.9,8.82,22.13,15.31,1.966,4.62,32.2,34.9,0.44,2.509,agricultural_burning
5,1,2,0,92.43,137.98,7.82,21.07,15.68,1.084,0.31,20.2,64.2,0.67,2.693,seasonal_inversion
9,2,4,0,98.52,107.62,13.2,9.71,4.46,1.029,1.45,7.5,76.7,0.915,0.736,seasonal_inversion
15,12,1,0,118.82,325.16,5.16,8.64,5.38,0.312,4.24,39.6,40.4,0.365,1.677,agricultural_burning
5,12,1,0,123.81,188.98,22.95,20.6,14.45,0.926,0.59,22.5,81.3,0.655,0.898,seasonal_inversion
10,8,0,0,64.95,87.72,8.39,52.46,27.59,1.036,0.62,27.7,66.9,0.74,6.251,vehicular
5,12,5,1,60.1,70.78,9.33,16.19,13.62,0.34,3.98,29.7,34.7,0.849,1.735,unknown
8,5,3,0,32.45,38.01,1.91,6.02,2.59,0.276,2.37,34.1,74.0,0.854,3.148,unknown
12,12,5,1,170.81,299.31,8.38,9.19,3.4,2.396,3.05,28.5,36.7,0.571,1.097,agricultural_burning
9,7,4,0,43.89,59.82,1.88,22.07,15.86,0.266,6.88,43.0,68.4,0.734,11.734,unknown
6,1,0,0,125.12,205.82,10.21,9.17,4.97,0.609,1.21,25.0,92.8,0.608,0.898,seasonal_inversion
9,12,2,0,125.1,146.13,5.06,5.82,3.48,0.886,1.39,21.2,67.2,0.856,1.149,seasonal_inversion
8,4,3,0,41.01,52.48,2.46,111.2,65.19,3.871,2.32,36.3,48.7,0.782,45.222,vehicular
17,12,4,0,73.56,98.93,10.75,137.41,88.49,2.084,2.52,38.7,76.8,0.744,12.78,vehicular
12,11,2,0,239.22,366.26,6.84,23.49,11.03,1.839,1.88,34.9,37.7,0.653,3.436,agricultural_burning
8,9,4,0,76.37,124.52,11.31,144.22,80.05,3.045,1.31,16.7,55.4,0.613,12.752,vehicular
17,5,3,0,96.02,161.62,0.18,69.57,39.6,2.955,2.14,29.4,69.5,0.594,380.982,vehicular
10,9,2,0,42.16,68.84,7.56,17.69,8.32,0.896,7.04,30.4,56.3,0.612,2.341,unknown
8,10,4,0,69.89,114.63,11.11,38.2,10.82,1.698,1.76,26.9,48.4,0.61,3.437,vehicular
18,3,1,0,56.26,114.79,9.36,69.42,33.63,2.816,2.68,24.1,76.2,0.49,7.413,vehicular
22,7,0,0,109.57,156.12,29.45,55.16,32.46,1.199,2.28,33.1,50.8,0.702,1.873,industrial
7,1,3,0,85.91,136.25,14.75,24.24,8.9,0.879,0.7,17.7,77.5,0.631,1.643,seasonal_inversion
7,11,1,0,104.93,110.32,6.75,30.01,19.13,0.362,1.12,17.8,67.8,0.951,4.444,seasonal_inversion
10,11,0,0,103.08,134.08,13.06,28.11,9.93,1.05,1.3,17.8,49.4,0.769,2.153,seasonal_inversion
5,5,1,0,181.84,240.58,56.2,62.88,45.81,1.239,2.58,29.6,94.2,0.756,1.119,industrial
8,10,4,0,91.92,138.05,13.09,77.78,53.16,1.352,1.41,30.0,48.5,0.666,5.942,vehicular
8,8,3,0,100.06,158.43,6.4,77.35,55.57,3.65,1.86,21.1,48.7,0.632,12.094,vehicular
12,11,2,0,167.54,286.03,20.67,8.34,4.17,1.033,4.03,20.2,45.6,0.586,0.404,agricultural_burning
7,2,2,0,71.21,116.24,9.44,57.91,16.46,1.523,2.4,29.1,71.1,0.613,6.134,vehicular
4,8,0,0,179.63,253.07,93.63,8.76,8.53,0.853,2.46,21.9,88.5,0.71,0.094,industrial
11,10,5,1,214.12,398.2,7.75,19.57,11.76,1.895,1.59,35.0,55.5,0.538,2.524,agricultural_burning
7,1,1,0,114.03,135.44,9.67,30.69,18.55,0.753,1.02,20.7,59.4,0.842,3.172,seasonal_inversion
20,1,4,0,55.78,93.26,9.24,94.61,57.89,2.045,2.52,28.0,32.3,0.598,10.244,vehicular
16,10,0,0,164.29,264.01,9.01,13.86,10.51,1.708,4.49,29.2,63.3,0.622,1.539,agricultural_burning
16,11,3,0,181.79,317.13,10.8,20.88,11.83,2.774,3.34,19.3,48.1,0.573,1.934,agricultural_burning
9,1,2,0,69.53,104.34,14.09,24.2,11.13,0.65,0.64,22.0,70.2,0.666,1.717,seasonal_inversion
19,11,1,0,59.56,112.37,12.97,86.54,45.87,1.826,1.74,33.4,23.9,0.53,6.671,vehicular
17,7,4,0,63.68,122.55,12.38,104.86,68.66,1.332,2.8,36.5,46.9,0.52,8.472,vehicular
8,1,5,1,78.03,119.49,4.55,17.13,7.78,0.523,6.27,35.1,95.9,0.653,3.763,unknown
8,11,4,0,59.22,84.18,-0.65,11.82,2.63,0.281,5.38,24.7,26.1,0.703,5.0,unknown
23,11,1,0,137.48,123.92,88.94,33.38,27.8,0.448,3.7,26.2,25.3,1.109,0.375,industrial
18,5,2,0,24.92,25.13,3.63,31.27,21.68,2.403,1.08,39.9,80.0,0.992,8.613,vehicular
7,1,2,0,68.68,95.19,14.25,19.42,17.44,0.603,0.08,9.5,91.1,0.721,1.363,seasonal_inversion
14,3,3,0,97.7,231.13,12.61,25.24,7.51,2.579,3.33,32.5,77.2,0.423,2.002,agricultural_burning
17,10,3,0,113.76,324.65,4.4,10.85,5.3,2.388,4.44,29.3,30.0,0.35,2.466,agricultural_burning
5,8,3,0,128.46,141.46,25.16,26.47,16.69,0.681,3.69,26.5,68.2,0.908,1.052,industrial
18,7,3,0,72.36,86.51,9.78,73.52,46.07,1.24,2.01,29.7,50.2,0.836,7.519,vehicular
7,4,0,0,19.09,14.43,-4.85,14.54,7.44,0.776,4.85,27.6,41.3,1.323,5.0,unknown
23,1,3,0,183.02,241.06,32.96,29.67,22.79,0.797,1.7,19.4,60.8,0.759,0.9,industrial
11,10,3,0,78.03,181.73,6.25,22.72,15.11,1.716,4.73,29.8,24.6,0.429,3.637,agricultural_burning
5,9,2,0,161.28,218.52,87.23,52.57,27.17,0.992,2.92,33.2,82.9,0.738,0.603,industrial
16,3,5,1,205.72,407.37,13.81,32.33,16.11,1.64,4.85,36.7,54.3,0.505,2.342,agricultural_burning
15,12,3,0,124.62,265.3,4.89,17.88,11.76,0.832,3.27,32.9,58.9,0.47,3.657,agricultural_burning
0,8,2,0,160.14,246.75,83.0,23.43,16.65,0.563,2.83,37.6,55.8,0.649,0.282,industrial
1,5,3,0,141.57,169.94,70.04,50.87,47.41,0.995,1.2,23.9,43.6,0.833,0.726,industrial
1,8,6,1,165.42,226.68,62.02,21.45,8.33,0.757,3.58,34.0,80.7,0.73,0.346,industrial
11,4,4,0,95.33,190.56,4.86,8.73,6.36,1.505,3.33,29.5,47.7,0.5,1.796,agricultural_burning
16,10,4,0,130.38,237.61,0.6,13.95,6.24,2.523,2.02,28.9,24.8,0.549,23.099,agricultural_burning
7,3,0,0,88.51,112.3,2.34,78.77,43.22,2.397,0.91,32.0,45.0,0.788,33.634,vehicular
3,11,1,0,169.38,201.22,97.6,52.51,37.31,0.732,2.38,20.4,46.7,0.842,0.538,industrial
18,3,1,0,88.61,167.15,3.66,120.24,82.03,3.057,2.87,22.3,67.6,0.53,32.869,vehicular
19,10,4,0,90.34,142.15,7.72,52.88,32.29,0.699,1.0,23.4,32.3,0.636,6.855,vehicular
5,2,5,1,75.8,107.34,21.05,23.06,15.42,1.324,1.17,12.6,77.9,0.706,1.096,seasonal_inversion
13,10,5,1,125.11,278.23,7.13,16.56,8.02,1.577,3.84,38.8,64.1,0.45,2.322,agricultural_burning
17,9,4,0,80.36,134.35,9.04,67.8,40.96,3.062,2.88,33.3,77.6,0.598,7.503,vehicular
2,1,6,1,44.35,73.79,9.52,19.18,13.64,0.809,7.88,23.9,51.2,0.601,2.015,unknown
5,1,3,0,91.39,132.45,11.59,40.37,15.25,1.234,0.9,14.9,75.4,0.69,3.483,seasonal_inversion
9,3,0,0,53.62,68.47,6.71,98.81,75.84,2.673,1.41,22.2,39.9,0.783,14.725,vehicular
7,11,5,1,127.61,119.98,10.37,23.55,18.83,1.992,1.4,25.4,78.0,1.064,2.272,seasonal_inversion
13,3,6,1,123.54,219.11,13.32,16.73,8.79,0.934,2.81,37.9,56.3,0.564,1.256,agricultural_burning
6,11,0,0,90.49,116.7,11.7,25.56,17.42,1.172,0.72,15.0,67.2,0.775,2.185,seasonal_inversion
9,12,6,1,108.26,156.74,10.15,20.74,21.34,0.604,0.28,14.7,80.7,0.691,2.044,seasonal_inversion
17,9,2,0,56.3,94.36,5.62,91.69,51.53,3.012,0.61,34.2,69.7,0.597,16.316,vehicular
9,9,1,0,92.18,165.82,7.83,113.59,64.82,2.476,2.39,31.6,44.2,0.556,14.506,vehicular
2,10,1,0,46.29,63.19,0.88,21.63,15.2,0.96,3.78,38.0,67.5,0.733,24.672,unknown
4,6,3,0,74.44,86.79,3.68,31.06,14.75,0.302,5.89,39.8,76.4,0.858,8.435,unknown
6,12,6,1,120.98,193.23,3.36,31.46,23.52,1.167,1.38,13.7,89.2,0.626,9.369,seasonal_inversion
13,12,5,1,133.01,284.82,14.99,12.84,10.77,1.516,1.13,27.1,57.8,0.467,0.857,agricultural_burning
20,10,2,0,43.76,59.83,0.82,37.05,20.07,0.829,7.85,25.9,62.8,0.731,45.436,unknown
6,11,1,0,180.71,251.77,78.78,37.61,22.25,0.819,3.45,33.1,57.2,0.718,0.477,industrial
17,3,1,0,202.82,335.85,5.85,14.43,8.07,1.855,3.88,32.3,39.6,0.604,2.468,agricultural_burning
4,1,2,0,47.81,51.31,8.62,28.49,20.94,0.126,5.27,17.7,23.2,0.932,3.303,unknown
10,8,3,0,80.43,112.43,5.05,81.78,43.48,2.406,1.61,34.4,49.1,0.715,16.203,vehicular
10,10,6,1,179.14,422.77,4.49,15.56,11.94,1.239,1.94,29.8,34.4,0.424,3.462,agricultural_burning
10,12,6,1,219.39,302.19,11.19,23.19,16.3,1.731,1.82,35.8,63.7,0.726,2.072,agricultural_burning
22,9,2,0,202.97,299.84,74.96,53.88,31.4,0.881,2.81,30.7,73.5,0.677,0.719,industrial
5,1,2,0,55.92,76.41,13.45,45.74,22.04,0.398,0.0,17.2,51.2,0.732,3.401,seasonal_inversion
10,12,2,0,79.73,114.54,17.35,38.61,24.29,0.974,0.9,24.7,86.8,0.696,2.225,seasonal_inversion
19,10,2,0,77.43,108.14,0.42,52.79,30.24,2.719,1.18,29.0,57.2,0.716,124.911,vehicular
2,8,3,0,166.88,254.31,88.82,49.3,27.11,1.448,2.22,27.3,59.7,0.656,0.555,industrial
23,11,4,0,155.14,187.44,107.29,15.1,8.57,0.458,1.51,20.6,70.7,0.828,0.141,industrial
10,12,2,0,136.75,232.63,9.79,31.18,16.71,2.201,2.8,31.2,30.3,0.588,3.186,agricultural_burning
2,7,1,0,99.35,127.51,115.03,22.79,14.71,1.103,3.0,27.6,31.5,0.779,0.198,industrial
17,3,0,0,233.92,334.19,15.35,19.5,13.83,1.679,2.11,38.5,69.8,0.7,1.27,agricultural_burning
9,11,3,0,133.45,231.65,11.25,9.64,6.44,2.079,3.36,38.3,19.6,0.576,0.857,agricultural_burning
5,1,1,0,31.8,39.97,6.22,21.5,17.8,0.228,1.49,33.7,73.7,0.796,3.459,unknown
23,3,6,1,172.29,246.79,75.78,41.54,21.98,0.795,1.34,25.1,38.7,0.698,0.548,industrial
10,10,4,0,66.61,91.97,8.4,85.79,47.03,3.273,2.3,29.3,90.0,0.724,10.215,vehicular
10,12,3,0,118.26,264.46,4.23,10.85,8.14,0.62,1.23,41.0,65.6,0.447,2.566,agricultural_burning
9,12,0,0,94.34,150.79,4.87,19.32,11.48,1.281,2.29,33.1,52.5,0.626,3.965,agricultural_burning
16,4,6,1,145.43,256.78,4.34,17.27,14.36,1.541,2.41,37.8,47.2,0.566,3.984,agricultural_burning
6,11,1,0,78.95,126.09,13.7,28.52,19.09,0.26,0.01,13.3,69.5,0.626,2.082,seasonal_inversion
22,2,4,0,53.47,89.68,1.57,27.73,20.42,0.736,4.65,29.8,39.5,0.596,17.653,unknown
18,2,4,0,73.35,165.73,6.4,77.11,46.08,2.745,2.08,20.8,29.9,0.443,12.045,vehicular
22,4,5,1,171.47,237.58,68.35,33.79,24.14,0.998,3.33,26.0,57.2,0.722,0.494,industrial
4,8,3,0,167.49,219.18,90.72,26.74,17.32,0.901,3.01,25.0,74.9,0.764,0.295,industrial
16,4,6,1,125.49,241.48,11.58,20.51,11.05,1.596,2.14,36.3,46.5,0.52,1.772,agricultural_burning
7,8,2,0,75.27,134.95,7.26,67.37,48.79,1.853,1.14,27.4,59.5,0.558,9.276,vehicular
15,10,2,0,124.04,298.51,8.65,37.42,22.5,1.917,3.04,37.4,46.2,0.416,4.328,agricultural_burning
5,1,4,0,46.09,45.03,11.14,30.58,19.98,0.672,3.72,33.2,92.1,1.023,2.744,unknown
23,12,6,1,192.24,236.42,51.32,43.46,33.95,0.857,2.33,20.8,88.9,0.813,0.847,industrial
4,9,5,1,160.24,238.86,117.8,30.33,20.31,0.71,3.3,24.5,88.0,0.671,0.257,industrial
14,7,3,0,53.69,76.95,5.6,16.11,9.51,0.523,2.62,21.9,73.9,0.698,2.878,unknown
22,2,6,1,209.71,265.12,48.21,37.7,20.97,0.862,3.46,23.3,72.7,0.791,0.782,industrial
2,3,4,0,174.69,195.95,50.27,33.64,18.61,0.7,1.8,24.9,80.3,0.892,0.669,industrial
9,1,6,1,65.93,86.95,14.34,30.34,15.9,0.633,1.44,30.8,65.3,0.758,2.116,seasonal_inversion
9,11,3,0,103.15,173.31,20.75,40.64,22.92,1.492,0.21,23.6,67.0,0.595,1.958,seasonal_inversion
17,6,3,0,80.35,114.97,5.06,65.27,31.36,1.861,1.38,27.8,69.9,0.699,12.898,vehicular
5,12,6,1,112.03,170.9,15.85,28.18,20.62,0.576,0.67,14.8,89.8,0.656,1.778,seasonal_inversion
8,1,1,0,108.7,207.61,11.05,28.29,12.63,0.303,1.39,17.0,88.3,0.524,2.56,seasonal_inversion
9,6,1,0,104.23,208.06,4.76,43.42,28.35,4.472,2.36,31.4,50.2,0.501,9.112,vehicular
20,9,3,0,53.65,83.68,6.78,65.29,42.8,2.767,1.71,24.3,49.3,0.641,9.633,vehicular
10,1,5,1,89.88,157.9,14.01,43.92,31.48,0.847,0.38,20.0,72.6,0.569,3.134,seasonal_inversion
5,11,5,1,56.56,80.68,14.07,30.05,25.2,0.528,0.9,14.7,48.2,0.701,2.136,seasonal_inversion
4,3,2,0,158.26,254.31,118.66,33.78,18.15,0.859,3.8,24.8,81.4,0.622,0.285,industrial
0,1,5,1,104.77,117.43,69.57,41.81,25.67,1.019,2.96,36.2,60.2,0.892,0.601,industrial
1,4,2,0,199.22,318.21,55.21,17.27,4.85,0.755,2.2,19.2,33.6,0.626,0.313,industrial
15,2,6,1,46.21,84.5,14.68,11.38,11.77,0.588,5.8,20.2,76.0,0.547,0.775,unknown
17,12,5,1,147.78,269.8,11.27,21.6,13.03,1.76,1.47,35.4,60.1,0.548,1.917,agricultural_burning
4,7,5,1,141.23,168.72,64.77,41.6,21.06,0.695,3.34,28.5,65.1,0.837,0.642,industrial
10,10,1,0,241.71,353.92,8.33,25.34,15.03,1.444,4.33,40.5,53.2,0.683,3.04,agricultural_burning
9,4,5,1,0.86,-7.59,3.69,20.09,11.13,1.029,4.18,29.5,73.2,0.5,5.442,unknown
23,10,5,1,133.39,146.97,72.25,30.82,16.93,0.873,3.74,27.3,96.0,0.908,0.427,industrial
7,1,4,0,100.98,139.38,16.04,29.45,13.84,0.75,1.28,8.1,98.0,0.725,1.837,seasonal_inversion
5,12,0,0,91.18,125.04,15.5,34.29,21.82,0.347,0.05,19.8,74.2,0.729,2.212,seasonal_inversion
9,11,1,0,105.81,169.22,6.57,129.77,79.41,2.498,2.33,30.4,48.4,0.625,19.742,vehicular
8,12,6,1,91.99,177.15,12.25,35.34,13.03,1.361,1.22,18.7,59.5,0.519,2.885,seasonal_inversion
18,8,2,0,63.3,54.25,3.81,14.78,5.72,0.299,1.76,19.4,75.5,1.167,3.881,unknown
4,2,2,0,167.86,259.21,65.77,60.35,41.08,0.514,1.61,27.5,78.7,0.648,0.918,industrial
22,5,2,0,31.67,34.78,6.32,23.17,14.16,0.455,7.0,23.9,49.7,0.91,3.667,unknown
12,3,3,0,38.01,34.13,9.65,32.82,18.78,0.44,3.28,37.0,97.8,1.114,3.403,unknown
15,10,2,0,112.27,245.49,4.65,19.02,9.88,1.447,1.97,35.8,30.0,0.457,4.092,agricultural_burning
3,6,1,0,173.55,246.75,59.08,80.45,47.99,0.877,3.58,28.8,60.7,0.703,1.362,industrial
0,5,1,0,141.45,165.31,57.54,26.61,14.65,0.51,1.15,25.9,86.3,0.856,0.462,industrial
0,4,3,0,162.41,222.5,80.74,52.01,24.49,0.723,3.29,23.0,62.7,0.73,0.644,industrial
7,8,2,0,80.16,152.87,9.17,142.66,76.64,2.568,0.77,34.2,29.5,0.524,15.554,vehicular
6,10,2,0,27.04,31.5,4.01,24.2,18.07,0.468,1.11,20.3,92.2,0.859,6.037,unknown
5,8,3,0,213.58,255.72,88.16,32.26,20.52,0.616,3.22,32.7,66.1,0.835,0.366,industrial
22,2,6,1,23.99,57.63,4.06,10.13,1.48,0.46,4.29,28.8,55.6,0.416,2.495,unknown
0,10,3,0,138.99,236.25,86.16,47.5,29.08,0.715,1.62,25.3,59.1,0.588,0.551,industrial
13,3,0,0,130.62,229.37,7.95,-0.27,3.82,2.773,3.31,38.1,15.0,0.569,-0.034,agricultural_burning
15,3,5,1,52.34,71.74,13.29,12.1,5.9,0.49,5.75,20.6,35.3,0.73,0.911,unknown
4,10,4,0,46.16,55.6,6.39,22.43,18.14,0.146,4.95,17.8,74.6,0.83,3.508,unknown
10,1,0,0,102.58,137.26,0.7,27.01,13.54,0.793,0.91,16.1,72.9,0.747,38.734,seasonal_inversion
19,12,4,0,63.08,90.84,8.99,94.3,61.56,2.825,2.36,28.5,72.7,0.694,10.487,vehicular
10,4,5,1,208.27,311.91,6.46,27.96,10.5,0.835,3.33,26.5,47.5,0.668,4.329,agricultural_burning
0,9,0,0,167.63,194.58,49.04,29.77,22.86,1.003,2.04,28.0,20.0,0.861,0.607,industrial
9,10,6,1,176.24,317.34,7.84,11.84,5.06,0.942,2.33,29.4,36.2,0.555,1.51,agricultural_burning
5,2,2,0,71.77,91.65,16.36,24.32,16.77,1.017,0.77,10.0,89.8,0.783,1.486,seasonal_inversion
3,12,0,0,112.9,179.35,44.05,25.46,16.86,0.892,1.83,29.3,58.3,0.63,0.578,industrial
10,3,1,0,58.67,137.38,6.32,108.58,62.82,3.151,1.65,30.4,58.5,0.427,17.18,vehicular
8,12,1,0,99.72,153.65,15.95,48.77,34.4,1.023,0.8,24.7,72.7,0.649,3.057,seasonal_inversion
18,3,2,0,145.11,250.74,0.45,15.2,-0.25,1.126,3.88,29.8,64.8,0.579,34.065,agricultural_burning
6,5,2,0,44.44,84.46,8.37,0.05,-0.86,0.589,3.45,37.8,69.0,0.526,0.006,unknown
10,5,3,0,51.79,78.73,7.44,71.14,52.77,2.26,2.96,25.0,37.4,0.658,9.565,vehicular
6,11,6,1,201.75,259.54,64.28,18.47,8.76,0.333,1.05,24.0,74.2,0.777,0.287,industrial
8,2,4,0,63.67,81.29,18.52,33.98,21.43,0.465,0.03,13.3,72.7,0.783,1.835,seasonal_inversion
7,5,1,0,74.22,129.3,6.6,123.67,66.35,2.652,2.03,32.3,37.6,0.574,18.726,vehicular
18,4,3,0,263.71,367.54,6.63,25.04,10.78,1.826,3.7,28.1,38.4,0.718,3.778,agricultural_burning
19,7,0,0,19.9,49.6,8.93,14.04,5.14,0.606,3.35,28.9,64.5,0.401,1.573,unknown
15,11,5,1,135.42,198.23,11.48,24.34,13.7,1.65,3.26,36.0,26.3,0.683,2.12,agricultural_burning
14,11,5,1,61.14,151.39,8.23,19.82,10.11,2.473,2.81,37.4,25.9,0.404,2.408,agricultural_burning
10,11,6,1,80.8,120.24,13.91,37.35,16.68,1.098,0.56,22.0,71.0,0.672,2.684,seasonal_inversion
15,12,5,1,103.53,264.14,7.0,24.43,11.51,1.689,1.72,20.0,29.3,0.392,3.488,agricultural_burning
11,10,6,1,101.43,162.43,13.2,31.27,21.36,1.921,1.77,34.8,49.1,0.624,2.369,agricultural_burning
0,11,2,0,39.23,52.11,-2.95,27.09,19.1,0.327,7.44,19.1,73.2,0.753,5.0,unknown
1,6,6,1,166.19,225.89,101.69,49.89,35.26,0.889,2.16,31.8,50.0,0.736,0.491,industrial
0,10,2,0,78.91,90.44,2.66,30.19,15.23,0.336,2.61,27.6,45.8,0.873,11.358,unknown
9,1,0,0,63.21,123.47,7.74,90.41,69.71,2.778,2.3,30.0,68.6,0.512,11.683,vehicular
5,11,1,0,65.02,63.73,22.76,24.81,11.66,0.582,0.77,12.5,88.2,1.02,1.09,seasonal_inversion
0,7,6,1,149.07,195.51,61.06,39.14,29.49,0.493,2.86,27.7,59.4,0.762,0.641,industrial
20,4,4,0,68.17,119.18,1.65,72.39,42.51,3.158,1.75,22.2,20.0,0.572,43.947,vehicular
10,2,2,0,144.69,227.25,1.39,33.09,29.16,0.879,0.42,24.1,77.5,0.637,23.808,seasonal_inversion
22,7,5,1,26.87,41.58,5.94,6.71,3.92,0.867,6.14,27.1,31.1,0.646,1.13,unknown
6,2,5,1,58.46,82.05,13.82,25.3,19.48,0.633,1.87,24.8,66.7,0.712,1.83,unknown
5,1,4,0,90.84,145.56,15.85,11.59,5.28,1.336,1.26,17.0,84.8,0.624,0.732,seasonal_inversion
22,7,4,0,179.62,139.25,74.03,27.31,16.45,0.776,2.31,30.7,55.4,1.29,0.369,industrial
6,2,0,0,130.73,191.33,11.92,16.0,10.0,0.796,0.45,25.8,86.9,0.683,1.342,seasonal_inversion
21,1,0,0,55.95,89.18,9.43,42.97,20.27,0.518,4.71,24.5,58.4,0.627,4.559,unknown
19,10,2,0,45.98,84.49,11.78,18.54,9.84,0.625,1.02,22.2,51.0,0.544,1.573,unknown
16,3,5,1,214.48,328.29,6.13,15.92,9.57,2.91,2.73,40.9,39.7,0.653,2.595,agricultural_burning
17,12,1,0,127.63,203.0,6.09,13.83,7.0,2.159,1.01,22.4,45.0,0.629,2.273,agricultural_burning
11,4,2,0,145.67,277.84,6.22,32.63,19.5,2.301,2.46,27.7,49.6,0.524,5.243,agricultural_burning
14,11,0,0,139.38,198.26,9.17,16.82,10.18,2.239,3.2,23.9,31.8,0.703,1.834,agricultural_burning
7,2,0,0,80.48,114.59,8.41,94.04,67.01,2.959,1.92,36.4,41.7,0.702,11.18,vehicular
0,10,5,1,167.4,179.14,92.19,36.91,28.34,0.839,2.79,37.4,49.7,0.934,0.4,industrial
7,10,1,0,36.68,60.24,2.83,23.21,16.32,0.356,5.09,21.3,70.1,0.609,8.208,unknown
22,1,0,0,139.88,148.3,45.42,28.93,18.28,-0.038,1.96,29.0,82.9,0.943,0.637,industrial
12,12,4,0,61.47,78.01,5.82,24.2,8.83,0.496,6.54,25.9,44.1,0.788,4.156,unknown
15,12,4,0,269.34,377.66,8.78,10.23,7.87,1.408,4.27,22.2,61.5,0.713,1.165,agricultural_burning
18,12,0,0,223.18,318.1,4.94,21.03,11.92,1.543,2.11,24.8,56.2,0.702,4.259,agricultural_burning
23,2,5,1,176.23,243.42,74.92,15.28,9.96,0.578,1.44,35.5,77.1,0.724,0.204,industrial
23,3,0,0,117.18,127.91,83.46,41.55,25.06,0.595,3.32,21.3,55.2,0.916,0.498,industrial
6,1,6,1,67.94,118.81,20.02,25.01,14.93,0.847,0.86,5.7,78.2,0.572,1.249,seasonal_inversion
23,5,6,1,163.5,182.05,63.09,44.92,32.22,0.837,3.24,25.9,88.5,0.898,0.712,industrial
14,12,1,0,113.53,239.39,17.35,11.06,5.36,1.107,2.31,35.8,55.1,0.474,0.638,agricultural_burning
9,10,1,0,102.55,165.53,12.23,8.75,6.06,2.238,3.43,27.8,32.6,0.619,0.715,agricultural_burning
9,4,3,0,78.91,90.85,8.77,84.11,54.04,3.425,0.84,15.6,33.0,0.869,9.588,vehicular
10,1,4,0,52.71,69.63,3.27,114.4,63.72,2.523,0.71,36.7,54.1,0.757,35.002,vehicular
4,6,3,0,53.11,56.55,8.81,21.18,11.01,0.642,5.71,28.3,39.0,0.939,2.403,unknown
18,12,2,0,72.15,114.61,11.99,8.63,4.35,1.797,4.67,31.3,43.0,0.63,0.72,agricultural_burning
8,2,2,0,48.8,64.05,10.41,87.19,49.52,3.802,2.73,30.1,51.8,0.762,8.378,vehicular
18,11,3,0,34.45,47.53,5.09,98.88,48.84,2.977,1.07,25.8,78.5,0.725,19.41,vehicular
23,1,3,0,170.94,203.77,56.17,51.46,31.03,0.475,2.35,26.2,93.5,0.839,0.916,industrial
5,12,2,0,97.24,138.17,9.29,22.98,12.23,1.527,1.2,20.8,67.9,0.704,2.472,seasonal_inversion
0,6,2,0,0.58,4.8,1.86,29.65,15.86,0.366,1.06,35.7,81.7,0.12,15.901,unknown
9,1,4,0,64.23,74.6,5.37,22.8,17.8,0.694,0.44,14.2,88.0,0.861,4.247,seasonal_inversion
0,5,3,0,166.53,200.94,60.87,19.78,12.79,0.573,1.85,33.1,79.4,0.829,0.325,industrial
10,2,2,0,70.3,158.35,8.49,73.69,42.75,3.036,1.49,29.0,59.9,0.444,8.678,vehicular
7,1,1,0,90.44,195.45,4.63,116.64,72.78,2.123,2.73,30.0,68.4,0.463,25.205,vehicular
12,11,0,0,211.74,388.7,9.24,12.96,6.06,2.144,1.61,39.2,32.9,0.545,1.403,agricultural_burning
18,12,1,0,75.97,178.99,5.38,19.69,8.64,1.322,1.0,35.0,40.1,0.424,3.661,agricultural_burning
13,3,1,0,14.56,5.04,15.24,5.41,2.76,0.741,5.76,27.3,82.6,2.89,0.355,unknown
13,11,6,1,155.51,238.76,10.32,19.9,10.44,0.845,4.18,36.6,82.8,0.651,1.929,agricultural_burning
8,2,6,1,109.3,156.2,10.72,27.55,15.89,0.85,0.77,17.1,67.9,0.7,2.571,seasonal_inversion
17,7,6,1,45.41,109.37,11.25,19.47,13.89,0.423,7.05,28.3,57.0,0.415,1.73,unknown
17,1,3,0,65.18,64.43,3.81,-1.64,-0.03,0.753,1.25,33.3,76.5,1.012,-0.43,unknown
4,4,5,1,13.99,7.93,1.38,32.22,17.07,0.112,2.98,25.7,44.6,1.764,23.283,unknown
7,2,2,0,139.05,223.01,11.2,35.93,25.66,1.062,0.62,12.6,65.6,0.624,3.207,seasonal_inversion
11,10,0,0,266.53,366.44,6.88,4.42,4.9,2.335,1.21,28.3,39.2,0.727,0.642,agricultural_burning
22,11,1,0,61.69,103.47,13.11,18.56,16.21,0.465,7.72,35.8,35.3,0.596,1.415,unknown
20,1,0,0,77.88,116.86,8.21,129.21,99.29,2.316,2.99,38.9,62.7,0.666,15.738,vehicular
19,9,2,0,67.78,105.17,3.42,98.63,76.38,3.626,1.83,32.6,46.2,0.645,28.846,vehicular
0,7,2,0,139.81,178.19,57.48,47.4,26.72,0.86,1.41,31.1,54.9,0.785,0.825,industrial
8,2,3,0,80.97,111.98,13.44,44.81,32.31,0.507,0.28,23.5,86.0,0.723,3.334,seasonal_inversion
0,5,4,0,65.54,81.26,7.8,23.31,16.14,0.902,4.34,30.5,56.4,0.807,2.989,unknown
9,1,2,0,94.45,134.57,2.25,8.82,5.2,0.374,1.31,20.9,67.4,0.702,3.916,seasonal_inversion
22,5,5,1,169.26,212.33,91.21,36.56,24.24,0.176,3.12,33.1,100.0,0.797,0.401,industrial
12,11,1,0,115.3,314.75,13.71,36.64,19.03,2.141,1.94,30.3,58.6,0.366,2.672,agricultural_burning
11,4,1,0,143.94,315.06,6.28,27.35,10.65,2.095,2.81,32.0,47.1,0.457,4.354,agricultural_burning
2,5,2,0,130.46,178.29,56.11,58.45,37.05,0.656,3.16,30.9,75.4,0.732,1.042,industrial
7,2,1,0,61.99,65.31,21.38,13.08,2.33,1.348,0.79,9.5,85.2,0.949,0.612,seasonal_inversion
12,3,0,0,191.84,287.49,4.62,26.08,9.58,1.86,3.64,32.9,33.3,0.667,5.641,agricultural_burning
19,3,0,0,65.45,103.31,8.71,14.55,9.53,0.398,2.08,32.8,74.2,0.634,1.671,unknown
5,11,3,0,89.36,97.92,1.29,16.25,12.79,1.549,0.64,12.7,77.3,0.913,12.638,seasonal_inversion
7,2,4,0,49.2,48.59,12.66,32.06,18.07,1.344,1.19,12.1,54.8,1.012,2.532,seasonal_inversion
8,2,3,0,90.79,157.39,7.55,109.39,79.21,1.4,1.37,44.6,44.6,0.577,14.49,vehicular
7,1,0,0,119.07,140.23,13.3,28.01,22.14,0.601,1.03,7.7,90.6,0.849,2.105,seasonal_inversion
22,12,0,0,31.5,41.97,1.67,14.15,13.32,0.834,4.7,32.8,95.8,0.751,8.48,unknown
10,5,3,0,45.86,59.54,10.87,27.69,13.65,0.586,1.96,26.1,45.4,0.77,2.547,unknown
6,12,3,0,52.82,78.11,8.62,20.15,10.41,1.137,0.4,17.4,68.8,0.676,2.338,seasonal_inversion
10,2,4,0,109.02,149.08,5.71,39.95,33.11,-0.025,0.12,18.9,51.7,0.731,6.993,seasonal_inversion
0,4,5,1,175.31,236.29,84.57,56.59,42.02,1.104,3.51,20.6,62.3,0.742,0.669,industrial
9,2,6,1,88.04,114.11,14.44,25.67,15.69,1.233,0.18,15.0,91.2,0.771,1.778,seasonal_inversion
18,1,0,0,61.72,97.01,3.39,73.25,37.67,2.949,2.16,31.0,57.7,0.636,21.606,vehicular
8,7,1,0,23.93,35.2,10.42,1.05,0.57,0.239,6.05,19.1,43.9,0.68,0.101,unknown
13,3,3,0,45.28,70.77,18.27,-2.79,-5.54,0.519,3.34,40.0,52.5,0.64,-0.152,unknown
9,3,6,1,155.54,260.19,6.72,31.45,20.23,2.788,4.94,30.2,27.8,0.598,4.681,agricultural_burning
7,12,4,0,65.39,106.28,27.34,30.67,24.67,0.793,0.75,12.6,80.7,0.615,1.122,seasonal_inversion
14,1,3,0,18.18,27.89,9.33,55.31,40.72,0.413,3.76,14.8,50.9,0.652,5.928,unknown
19,11,2,0,55.32,107.19,1.98,68.41,51.77,1.153,2.3,28.8,33.6,0.516,34.598,vehicular
13,12,5,1,119.21,322.78,6.02,20.8,8.15,2.118,2.39,32.5,27.8,0.369,3.454,agricultural_burning
2,7,1,0,136.2,203.42,64.52,41.23,23.16,1.086,0.54,21.3,57.6,0.67,0.639,industrial
9,10,1,0,279.16,390.65,9.04,7.71,4.64,1.404,2.25,37.0,24.1,0.715,0.854,agricultural_burning
9,8,0,0,92.74,188.49,2.34,104.45,56.51,3.179,2.34,33.3,55.5,0.492,44.557,vehicular
6,11,5,1,88.64,114.18,5.94,23.69,15.9,1.066,0.49,13.3,68.2,0.776,3.99,seasonal_inversion
10,11,0,0,123.54,160.25,11.05,19.34,14.19,0.578,1.3,15.8,66.2,0.771,1.75,seasonal_inversion
8,12,4,0,116.72,130.93,11.39,40.93,28.94,0.869,0.76,20.1,58.7,0.891,3.593,seasonal_inversion
5,9,5,1,127.06,121.73,86.85,34.04,18.91,1.068,0.7,17.3,44.7,1.044,0.392,industrial
23,3,4,0,120.62,170.14,81.94,25.58,18.85,0.756,3.09,29.8,32.2,0.709,0.312,industrial
16,12,2,0,61.21,78.67,2.47,14.34,5.75,0.684,4.06,32.1,73.2,0.778,5.807,unknown
8,1,1,0,71.76,101.06,9.96,9.62,4.26,1.017,0.66,23.1,40.8,0.71,0.966,seasonal_inversion
8,10,4,0,70.16,117.42,5.3,97.09,57.13,0.944,2.46,44.3,59.3,0.597,18.302,vehicular
20,8,3,0,57.68,110.72,9.11,80.67,60.28,2.996,2.6,32.6,48.7,0.521,8.853,vehicular
18,6,2,0,89.73,115.07,1.29,132.02,78.86,3.048,2.29,29.8,56.5,0.78,102.029,vehicular
17,12,0,0,109.9,221.57,5.29,18.59,11.7,1.859,4.31,37.3,15.0,0.496,3.515,agricultural_burning
16,12,2,0,56.54,91.74,4.83,28.96,12.34,0.249,3.21,30.8,51.0,0.616,6.0,unknown
9,12,0,0,91.24,182.06,11.33,24.13,15.28,1.363,0.72,15.3,59.9,0.501,2.13,seasonal_inversion
16,11,5,1,219.16,349.83,8.76,12.1,8.95,2.17,1.49,38.3,59.7,0.626,1.382,agricultural_burning
13,12,3,0,165.09,294.41,12.81,24.52,14.74,1.988,2.95,34.0,15.0,0.561,1.914,agricultural_burning
12,12,1,0,151.27,243.43,3.67,20.1,9.59,1.71,3.83,27.0,48.3,0.621,5.477,agricultural_burning
19,7,1,0,57.16,87.69,19.64,12.79,-0.29,0.463,4.24,29.2,78.7,0.652,0.651,unknown
6,12,1,0,99.2,131.62,1.87,42.82,30.95,1.617,0.34,12.2,84.3,0.754,22.868,seasonal_inversion
8,12,0,0,51.7,106.98,4.05,78.77,41.69,2.282,1.24,34.5,48.6,0.483,19.46,vehicular
22,11,0,0,29.43,27.14,1.51,16.04,6.67,0.448,1.01,23.7,87.5,1.084,10.609,unknown
10,6,4,0,89.02,156.63,10.97,112.58,58.1,3.937,2.17,32.7,40.7,0.568,10.259,vehicular
14,8,1,0,18.45,27.13,-0.24,23.01,12.37,0.618,5.63,33.7,48.3,0.68,5.0,unknown
12,9,1,0,60.72,110.84,7.64,27.51,13.9,0.817,2.62,31.8,38.3,0.548,3.599,unknown
10,2,6,1,126.81,163.33,8.46,26.77,19.4,1.06,0.72,20.4,77.8,0.776,3.165,seasonal_inversion
8,11,1,0,74.73,94.26,0.98,17.48,9.32,0.952,0.79,24.5,92.3,0.793,17.812,seasonal_inversion
8,1,4,0,74.04,104.09,19.69,37.01,24.21,0.961,0.35,7.9,80.7,0.711,1.88,seasonal_inversion
14,3,5,1,160.69,249.56,4.4,29.57,14.75,1.717,1.06,30.3,37.1,0.644,6.714,agricultural_burning
18,6,0,0,67.56,137.49,5.3,86.89,64.92,1.849,1.89,22.9,75.8,0.491,16.404,vehicular
2,1,5,1,127.31,161.35,63.58,40.62,21.56,1.027,0.67,38.5,75.3,0.789,0.639,industrial
1,1,1,0,46.46,63.58,3.67,46.0,26.72,0.309,4.57,17.5,37.6,0.731,12.53,unknown
9,11,2,0,105.76,146.11,11.28,25.48,17.76,1.566,1.22,12.6,79.2,0.724,2.259,seasonal_inversion
5,11,3,0,74.87,89.87,16.35,28.32,17.89,1.334,0.1,12.9,83.8,0.833,1.733,seasonal_inversion
4,9,3,0,176.83,221.35,74.74,32.46,19.28,0.519,3.17,28.5,61.8,0.799,0.434,industrial
17,4,1,0,229.41,317.77,3.28,12.67,5.05,3.135,4.7,37.1,38.5,0.722,3.868,agricultural_burning
17,1,2,0,52.74,88.75,1.05,96.35,64.2,2.166,2.76,24.0,57.9,0.594,92.161,vehicular
9,2,3,0,92.94,125.19,16.01,41.13,31.76,1.426,1.23,25.8,70.9,0.742,2.568,seasonal_inversion
5,1,1,0,136.41,164.58,14.48,16.74,11.99,0.73,1.06,12.5,83.0,0.829,1.156,seasonal_inversion
10,8,3,0,48.87,92.69,2.91,108.99,66.2,2.622,2.08,36.2,65.0,0.527,37.517,vehicular
10,3,1,0,33.66,54.0,4.65,93.16,67.28,2.916,1.99,23.6,64.0,0.623,20.051,vehicular
21,7,4,0,59.3,113.18,6.6,18.4,15.49,0.444,4.59,30.7,52.8,0.524,2.788,unknown
18,12,0,0,54.4,109.61,3.4,94.57,39.24,3.158,1.53,24.9,36.9,0.496,27.773,vehicular
13,11,5,1,159.48,279.48,5.17,14.3,6.23,0.819,3.94,33.9,55.2,0.571,2.765,agricultural_burning
18,3,0,0,149.28,253.97,3.44,13.47,10.92,1.467,4.91,29.2,58.0,0.588,3.911,agricultural_burning
23,4,4,0,127.1,159.59,78.58,36.73,22.42,0.588,3.64,26.1,72.3,0.796,0.467,industrial
6,12,2,0,124.36,214.3,13.2,31.81,19.23,0.914,0.64,9.2,84.7,0.58,2.409,seasonal_inversion
6,11,6,1,239.1,282.75,96.11,39.42,36.05,1.7,0.67,26.9,49.7,0.846,0.41,industrial
15,10,0,0,73.03,86.86,5.98,21.2,13.05,0.354,7.44,31.4,98.0,0.841,3.542,unknown
8,2,4,0,109.0,164.53,3.13,68.61,45.2,3.247,1.3,31.7,50.1,0.663,21.925,vehicular
5,1,5,1,102.27,112.55,9.88,19.83,16.04,0.801,1.44,12.4,81.7,0.909,2.007,seasonal_inversion
13,11,4,0,10.63,40.9,10.59,34.99,24.4,0.304,1.44,32.1,87.8,0.26,3.305,unknown
17,4,2,0,41.57,68.26,7.08,73.76,31.9,3.218,0.81,22.4,52.1,0.609,10.426,vehicular
16,11,4,0,115.76,284.84,13.65,29.84,15.6,2.139,3.03,31.4,37.2,0.406,2.186,agricultural_burning
11,10,3,0,145.18,239.21,11.77,32.96,18.31,2.391,2.61,30.0,49.8,0.607,2.8,agricultural_burning
10,2,0,0,55.04,76.89,1.69,40.42,18.17,0.376,1.0,24.3,87.8,0.716,23.854,seasonal_inversion
4,3,6,1,36.66,42.75,4.2,32.03,19.89,0.554,6.58,35.8,98.0,0.858,7.63,unknown
8,11,2,0,68.5,93.48,8.68,32.44,21.44,1.086,1.49,14.0,96.5,0.733,3.738,seasonal_inversion
6,12,1,0,161.32,219.43,13.4,17.55,12.08,1.011,0.48,17.4,72.0,0.735,1.31,seasonal_inversion
2,8,5,1,200.74,218.11,99.61,29.46,17.65,0.772,1.39,29.8,63.9,0.92,0.296,industrial
14,3,6,1,86.39,177.99,2.74,21.83,15.02,1.16,4.92,34.6,52.8,0.485,7.953,agricultural_burning
7,1,2,0,130.62,212.67,18.63,41.09,25.05,0.837,0.44,20.6,78.4,0.614,2.206,seasonal_inversion
6,11,0,0,110.36,143.82,8.68,45.94,22.04,0.813,0.59,14.2,65.0,0.767,5.292,seasonal_inversion
9,12,3,0,98.99,217.28,5.4,17.81,10.75,1.681,1.33,34.2,50.3,0.456,3.299,agricultural_burning
15,7,3,0,55.0,60.04,11.42,39.91,18.08,0.486,1.18,19.8,44.0,0.916,3.496,unknown
14,3,1,0,220.34,374.88,8.62,16.65,8.23,2.677,4.22,43.6,46.0,0.588,1.931,agricultural_burning
0,4,0,0,19.33,22.53,14.41,10.79,6.3,0.483,5.91,26.7,79.8,0.858,0.749,unknown
15,4,6,1,140.52,265.78,8.96,26.53,14.85,1.735,3.25,35.4,54.6,0.529,2.961,agricultural_burning
12,3,0,0,87.15,176.55,4.11,14.12,7.85,2.068,3.24,40.2,25.8,0.494,3.431,agricultural_burning
10,7,0,0,44.62,78.24,4.16,16.85,8.36,0.588,3.42,25.0,86.1,0.57,4.053,unknown
1,4,3,0,59.83,70.89,11.69,22.58,15.13,0.399,3.08,24.4,71.5,0.844,1.931,unknown
11,12,4,0,227.27,368.11,17.82,20.08,10.69,1.288,3.5,31.8,39.9,0.617,1.127,agricultural_burning
5,12,6,1,92.79,131.7,14.8,26.54,16.33,0.343,0.45,13.9,90.6,0.705,1.794,seasonal_inversion
13,10,5,1,108.51,207.16,2.9,1.01,1.01,2.077,4.39,28.9,48.7,0.524,0.349,agricultural_burning
9,1,3,0,122.21,187.95,6.18,138.87,89.52,3.762,1.51,23.0,76.5,0.65,22.487,vehicular
6,2,1,0,130.15,190.27,0.61,20.88,7.94,0.486,0.27,19.6,74.3,0.684,34.177,seasonal_inversion
23,5,3,0,137.61,176.18,101.01,45.74,29.49,0.827,3.61,27.7,72.4,0.781,0.453,industrial
18,3,3,0,130.27,285.71,6.37,22.28,12.58,2.445,4.05,35.1,52.8,0.456,3.496,agricultural_burning
10,6,1,0,32.6,58.45,8.18,97.34,67.16,3.644,1.39,34.4,70.7,0.558,11.906,vehicular
11,3,0,0,159.58,329.16,5.38,27.33,18.77,2.569,3.51,27.4,36.7,0.485,5.084,agricultural_burning
7,5,4,0,48.02,72.33,5.22,32.09,16.29,0.387,7.97,23.1,38.2,0.664,6.152,unknown
10,2,1,0,115.23,177.66,9.87,29.11,10.18,0.925,1.16,12.1,98.0,0.649,2.95,seasonal_inversion
20,10,3,0,44.37,53.33,2.49,72.45,52.32,2.281,0.82,37.9,65.3,0.832,29.058,vehicular
5,2,5,1,143.57,203.58,19.52,24.96,19.57,0.981,0.68,20.2,72.9,0.705,1.279,seasonal_inversion
17,12,5,1,175.7,424.05,1.61,11.06,6.95,1.922,2.09,30.6,44.1,0.414,6.853,agricultural_burning
23,7,5,1,44.91,47.41,2.85,31.84,20.92,0.503,2.67,31.2,57.8,0.947,11.175,unknown
12,12,2,0,125.92,240.88,5.56,3.98,3.08,2.147,2.08,38.1,44.2,0.523,0.716,agricultural_burning
19,5,3,0,53.87,89.95,5.45,132.75,101.63,1.284,0.94,25.1,58.8,0.599,24.359,vehicular
17,6,2,0,71.26,110.74,3.69,66.41,47.29,1.832,1.91,32.9,41.5,0.644,17.992,vehicular
11,11,1,0,141.84,295.94,12.25,40.08,22.42,2.241,3.19,29.6,48.1,0.479,3.272,agricultural_burning
20,9,0,0,83.95,127.62,3.94,49.74,35.95,2.481,1.18,39.0,73.6,0.658,12.61,vehicular
9,11,4,0,121.72,191.75,14.65,22.98,16.57,2.257,4.71,33.8,29.3,0.635,1.569,agricultural_burning
9,11,0,0,87.33,213.75,7.03,23.99,13.55,1.573,1.34,28.4,57.0,0.409,3.41,agricultural_burning
10,2,1,0,99.54,123.09,16.89,32.59,19.38,0.461,0.81,16.0,77.7,0.809,1.929,seasonal_inversion
10,10,4,0,142.19,214.32,13.82,27.91,11.76,2.012,1.39,37.0,57.6,0.663,2.019,agricultural_burning
9,8,2,0,43.27,76.09,4.47,9.69,6.35,0.526,5.39,25.8,61.6,0.569,2.169,unknown
18,4,2,0,127.63,248.81,9.31,23.83,14.55,2.593,2.45,35.6,33.6,0.513,2.559,agricultural_burning
6,12,2,0,108.94,148.0,18.34,40.84,25.27,0.663,0.26,23.6,67.5,0.736,2.227,seasonal_inversion
10,1,5,1,136.73,168.64,5.2,56.39,43.57,1.225,0.66,10.5,58.1,0.811,10.836,seasonal_inversion
17,11,2,0,91.12,232.24,4.23,22.01,13.49,1.675,1.13,38.2,23.7,0.392,5.198,agricultural_burning
4,8,4,0,153.5,234.88,55.55,24.78,19.61,0.811,2.07,29.0,69.1,0.654,0.446,industrial
18,8,0,0,35.51,54.87,3.45,129.47,75.96,3.086,1.84,32.2,52.1,0.647,37.527,vehicular
11,10,1,0,237.49,382.68,7.24,6.87,4.33,0.964,1.64,29.7,69.2,0.621,0.948,agricultural_burning
11,4,3,0,176.52,331.06,12.8,30.4,15.29,1.037,3.9,34.8,56.9,0.533,2.375,agricultural_burning
17,10,0,0,248.47,382.69,3.65,12.23,5.41,1.14,2.67,36.6,37.9,0.649,3.347,agricultural_burning
11,7,1,0,51.66,46.38,10.31,4.72,3.35,0.507,6.7,34.5,49.1,1.114,0.458,unknown
10,7,4,0,87.26,139.42,2.42,109.74,68.77,2.619,1.16,26.0,75.9,0.626,45.308,vehicular
20,4,1,0,44.41,68.31,7.82,83.84,56.03,3.047,2.43,42.6,75.7,0.65,10.724,vehicular
9,12,3,0,55.6,110.55,4.99,43.58,25.71,1.677,0.88,30.6,70.4,0.503,8.738,vehicular
16,10,6,1,119.04,313.67,8.74,20.64,12.6,0.962,2.25,38.4,81.0,0.38,2.361,agricultural_burning
8,2,4,0,103.48,167.41,16.07,26.38,15.76,0.768,0.41,20.4,78.4,0.618,1.642,seasonal_inversion
12,10,1,0,124.03,253.61,8.36,5.22,2.46,1.9,4.85,33.6,28.2,0.489,0.624,agricultural_burning
7,7,2,0,20.16,15.74,7.64,13.91,13.95,0.524,5.32,25.7,31.6,1.281,1.821,unknown
13,6,2,0,51.44,55.34,1.01,5.78,5.66,0.633,5.06,36.8,25.3,0.929,5.745,unknown
17,12,0,0,132.15,243.05,6.43,10.75,3.12,1.046,4.75,28.0,50.8,0.544,1.673,agricultural_burning
3,12,3,0,244.59,365.28,101.71,17.72,14.83,0.852,1.05,35.2,83.2,0.67,0.174,industrial
18,9,2,0,86.52,152.54,7.31,35.86,27.74,2.395,1.79,27.1,52.2,0.567,4.909,vehicular
8,12,5,1,80.7,115.39,7.1,3.84,2.61,0.841,0.4,23.9,95.4,0.699,0.54,seasonal_inversion
11,3,3,0,167.49,253.29,7.25,4.9,1.61,1.892,2.95,38.1,84.0,0.661,0.676,agricultural_burning
3,9,2,0,186.22,248.64,106.04,58.1,30.3,0.762,2.32,24.0,46.4,0.749,0.548,industrial
19,3,3,0,56.79,109.62,8.64,63.61,40.01,2.061,2.91,36.9,44.0,0.518,7.362,vehicular
19,3,3,0,22.29,74.51,3.94,31.28,23.28,2.949,0.51,37.5,72.1,0.299,7.934,vehicular
0,1,1,0,32.39,29.15,5.23,21.86,14.71,0.262,2.51,28.6,56.5,1.111,4.177,unknown
17,11,5,1,131.84,302.04,12.84,27.2,12.32,1.568,3.66,30.2,52.6,0.436,2.119,agricultural_burning
7,11,5,1,81.56,98.62,11.46,28.47,12.52,1.155,0.1,16.3,85.3,0.827,2.484,seasonal_inversion
10,12,5,1,53.02,63.61,4.84,49.88,38.79,0.442,0.95,12.7,68.4,0.833,10.301,seasonal_inversion
6,2,3,0,104.64,182.42,0.9,6.51,1.67,1.386,0.56,12.3,66.1,0.574,7.203,seasonal_inversion
7,12,0,0,74.2,89.46,17.1,48.8,35.3,1.026,1.07,21.2,79.8,0.829,2.854,seasonal_inversion
8,2,5,1,57.76,78.94,11.14,26.02,22.19,1.306,0.57,18.5,69.0,0.732,2.336,seasonal_inversion
7,8,0,0,67.02,126.29,4.97,149.35,82.57,1.432,0.58,30.5,57.0,0.531,30.036,vehicular
11,4,3,0,217.54,328.95,10.15,16.84,9.33,3.045,1.0,31.7,38.5,0.661,1.66,agricultural_burning
4,2,1,0,213.39,301.38,62.71,36.87,24.74,0.6,1.01,26.0,73.0,0.708,0.588,industrial
22,3,4,0,163.9,217.65,69.52,19.29,12.13,0.716,1.32,30.1,74.8,0.753,0.278,industrial
8,11,3,0,27.05,44.53,-2.45,24.78,9.99,0.32,1.32,25.6,71.6,0.607,5.0,unknown
7,12,3,0,95.38,158.6,3.77,144.41,90.29,2.833,0.73,40.7,65.2,0.601,38.304,vehicular
23,5,6,1,155.71,159.31,72.42,41.02,27.81,0.833,0.53,30.6,41.5,0.977,0.566,industrial
13,6,1,0,19.45,25.77,5.27,19.29,10.87,0.735,1.04,19.5,61.0,0.755,3.66,unknown
10,8,3,0,70.77,129.89,4.39,45.45,33.17,1.973,2.39,31.8,61.5,0.545,10.345,vehicular
9,11,3,0,59.77,116.22,15.31,33.36,19.42,0.813,1.46,24.0,63.4,0.514,2.178,unknown
5,1,1,0,70.22,90.52,19.35,26.54,9.85,0.802,1.35,12.8,77.9,0.776,1.372,seasonal_inversion
8,2,0,0,86.09,92.11,8.58,16.35,6.5,0.723,0.37,22.1,78.3,0.935,1.906,seasonal_inversion
4,12,1,0,209.05,283.86,47.44,25.98,18.49,0.372,2.09,25.5,37.7,0.736,0.548,industrial
23,7,5,1,158.31,231.27,80.06,41.26,28.98,0.818,1.09,28.4,81.5,0.685,0.515,industrial
18,7,6,1,34.68,65.7,5.77,18.09,12.97,0.308,7.62,32.9,64.1,0.528,3.134,unknown
6,11,0,0,64.6,105.73,17.27,21.56,13.97,1.259,0.31,15.6,73.5,0.611,1.248,seasonal_inversion
21,6,1,0,-15.99,-27.3,11.18,21.85,12.19,0.369,4.83,29.8,79.3,0.5,1.954,unknown
16,12,2,0,204.65,363.44,9.95,19.31,8.69,0.247,1.65,29.8,15.0,0.563,1.941,agricultural_burning
9,4,2,0,34.08,51.52,5.97,99.77,50.17,2.264,1.17,19.1,61.9,0.661,16.715,vehicular
8,2,2,0,70.32,151.43,1.93,82.66,47.42,3.081,2.35,27.8,39.7,0.464,42.932,vehicular
4,5,1,0,167.96,212.63,41.89,28.24,11.67,1.085,3.96,19.7,68.7,0.79,0.674,industrial
12,3,4,0,130.76,196.17,3.07,12.32,9.42,2.729,3.3,32.3,45.9,0.667,4.007,agricultural_burning
15,3,6,1,198.47,279.44,6.56,40.25,21.08,2.08,1.65,36.0,56.0,0.71,6.137,agricultural_burning
16,11,2,0,126.87,297.54,8.84,35.97,21.52,0.24,4.67,32.5,51.3,0.426,4.067,agricultural_burning
9,7,5,1,56.52,88.27,3.93,31.23,20.78,0.152,2.69,23.9,82.3,0.64,7.948,unknown
14,11,5,1,167.31,302.47,13.21,6.27,3.08,1.448,4.52,41.5,75.8,0.553,0.474,agricultural_burning
4,12,4,0,161.86,264.81,52.45,36.82,27.8,0.466,3.1,28.4,79.4,0.611,0.702,industrial
18,11,3,0,172.2,237.71,12.34,12.02,10.35,2.024,3.53,33.2,23.4,0.724,0.975,agricultural_burning
6,12,1,0,85.69,113.12,19.19,22.8,15.03,0.707,0.97,12.4,70.3,0.758,1.188,seasonal_inversion
6,8,1,0,159.46,205.79,82.09,35.58,19.95,0.82,2.56,29.9,59.4,0.775,0.433,industrial
18,2,0,0,72.44,67.93,5.25,78.76,50.78,2.504,1.5,39.7,55.8,1.066,14.989,vehicular
8,9,3,0,30.93,35.67,2.66,24.33,12.36,0.677,7.83,30.5,46.4,0.867,9.161,unknown
8,1,3,0,73.03,116.15,9.37,31.63,15.29,0.972,0.85,14.7,75.2,0.629,3.378,seasonal_inversion
8,9,2,0,40.42,46.14,-0.3,17.0,14.98,0.607,1.78,35.4,54.7,0.876,5.0,unknown
22,3,0,0,37.02,74.99,10.88,30.5,21.92,0.825,7.2,23.0,33.4,0.494,2.803,unknown
7,1,4,0,103.02,151.92,14.57,25.95,18.19,1.219,0.53,19.0,75.9,0.678,1.781,seasonal_inversion
0,11,5,1,47.28,44.05,12.25,15.12,12.01,0.54,6.64,32.8,45.9,1.073,1.234,unknown
8,11,1,0,74.29,68.6,5.48,52.89,36.16,0.752,1.44,19.2,71.7,1.083,9.657,seasonal_inversion
14,11,3,0,117.52,261.67,7.98,22.66,12.98,0.817,3.53,33.5,41.9,0.449,2.84,agricultural_burning
9,4,6,1,56.95,159.39,1.68,15.95,8.85,1.159,3.47,26.5,29.3,0.357,9.473,agricultural_burning
7,5,0,0,77.98,161.94,6.02,126.7,83.47,3.66,2.48,23.2,65.9,0.482,21.063,vehicular
8,9,2,0,122.72,238.69,7.06,53.76,33.95,3.408,2.41,33.5,69.1,0.514,7.618,vehicular
5,12,1,0,92.42,139.89,19.92,31.08,18.17,1.311,1.2,19.0,93.7,0.661,1.56,seasonal_inversion
18,12,5,1,180.43,266.49,10.78,23.17,11.74,3.314,4.1,25.3,15.0,0.677,2.15,agricultural_burning
9,2,4,0,91.12,109.03,9.76,22.07,18.77,1.465,0.51,7.3,81.0,0.836,2.262,seasonal_inversion
9,11,2,0,147.77,316.04,3.95,28.02,15.94,1.144,4.89,27.3,62.7,0.468,7.087,agricultural_burning
3,4,3,0,40.91,33.42,14.49,22.17,13.13,0.641,1.35,27.0,57.7,1.224,1.53,unknown
14,4,6,1,9.03,-2.35,10.52,50.59,28.12,0.132,1.62,29.6,76.2,0.5,4.808,unknown
1,2,4,0,47.21,78.81,-1.4,18.89,12.61,0.828,2.14,29.6,70.8,0.599,5.0,unknown
2,4,0,0,119.19,116.34,32.1,45.16,33.77,0.892,3.77,24.3,98.6,1.024,1.407,industrial
10,10,0,0,59.34,99.85,1.05,74.03,38.14,1.933,1.38,32.3,57.4,0.594,70.469,vehicular
16,1,3,0,64.06,94.9,3.45,6.56,4.52,0.775,4.18,36.0,37.2,0.675,1.901,unknown
18,9,2,0,80.82,126.8,2.44,91.07,42.54,3.025,0.53,28.3,48.1,0.637,37.391,vehicular
12,10,5,1,145.01,203.2,8.82,12.09,5.12,1.812,3.12,32.7,65.1,0.714,1.372,agricultural_burning
0,7,2,0,199.05,183.43,46.66,33.62,20.21,1.387,3.45,26.5,94.5,1.085,0.72,industrial
8,1,6,1,63.74,85.4,18.67,34.4,32.51,1.132,1.19,16.4,75.8,0.746,1.842,seasonal_inversion
10,10,5,1,103.11,274.58,5.02,20.55,6.75,0.536,4.55,34.0,43.3,0.376,4.089,agricultural_burning
8,12,3,0,62.61,87.39,3.7,85.35,39.4,2.572,2.12,30.0,32.7,0.716,23.091,vehicular
6,9,0,0,51.39,66.85,11.53,7.63,5.91,0.406,5.19,37.1,53.7,0.769,0.662,unknown
10,12,5,1,73.26,85.14,10.87,24.35,13.47,1.514,0.74,16.7,80.2,0.861,2.239,seasonal_inversion
1,12,3,0,140.87,167.69,78.14,37.91,20.19,0.62,3.89,24.8,85.5,0.84,0.485,industrial
4,12,3,0,127.93,191.51,104.7,66.23,40.63,0.741,2.66,23.0,66.6,0.668,0.633,industrial
0,5,6,1,213.33,283.14,66.91,41.84,28.61,0.437,3.44,29.3,57.0,0.753,0.625,industrial
7,11,3,0,95.4,128.62,16.2,23.98,14.32,0.528,0.65,7.9,68.0,0.742,1.481,seasonal_inversion
20,10,0,0,51.79,81.55,8.77,9.83,4.33,0.345,1.85,30.5,96.7,0.635,1.121,unknown
6,5,1,0,130.04,193.63,58.12,43.24,17.0,0.844,1.62,26.6,69.1,0.672,0.744,industrial
13,6,1,0,27.85,34.12,10.35,27.57,15.02,0.26,1.09,33.7,58.5,0.816,2.665,unknown
17,11,4,0,146.84,272.63,-1.37,21.91,8.48,2.314,1.81,29.9,40.2,0.539,5.0,agricultural_burning
17,3,2,0,66.02,86.12,10.33,98.39,62.92,1.21,0.84,23.2,25.3,0.767,9.525,vehicular
10,1,4,0,63.96,125.29,3.9,90.84,65.52,3.582,1.68,28.7,51.2,0.511,23.307,vehicular
16,12,1,0,145.49,246.86,1.01,21.53,13.85,1.632,1.33,29.0,34.1,0.589,21.414,agricultural_burning
6,8,6,1,28.79,32.1,3.42,7.44,5.42,0.787,1.65,41.4,46.6,0.897,2.174,unknown
9,12,2,0,102.1,149.89,22.81,22.02,12.17,0.754,1.24,19.6,86.0,0.681,0.965,seasonal_inversion
7,6,4,0,98.81,145.21,9.89,48.05,31.0,0.882,2.75,25.8,46.9,0.68,4.858,vehicular
3,6,0,0,174.66,216.04,104.68,58.49,35.54,0.514,3.11,26.8,80.2,0.808,0.559,industrial
18,3,2,0,249.52,321.64,12.63,22.36,12.96,1.904,4.41,30.0,37.0,0.776,1.769,agricultural_burning
16,10,5,1,54.67,116.79,11.66,22.48,12.51,1.265,3.32,37.2,37.1,0.468,1.928,agricultural_burning
13,3,6,1,126.51,235.97,3.66,18.17,8.92,2.122,2.08,27.5,33.1,0.536,4.96,agricultural_burning
9,7,1,0,78.61,105.13,1.89,59.59,35.62,2.48,2.42,27.3,36.5,0.748,31.549,vehicular
8,9,5,1,34.17,49.88,9.13,6.65,3.03,0.924,5.56,28.7,41.7,0.685,0.728,unknown
2,12,4,0,132.37,181.81,52.31,41.46,32.97,0.931,3.34,26.7,31.7,0.728,0.793,industrial
4,11,2,0,35.74,40.36,5.01,20.66,14.92,0.372,4.72,47.7,39.6,0.885,4.124,unknown
16,1,0,0,54.73,79.92,8.96,6.58,0.26,0.614,3.78,22.6,59.6,0.685,0.734,unknown
18,3,0,0,151.08,287.42,3.08,26.69,14.15,0.923,4.7,27.0,42.3,0.526,8.676,agricultural_burning
15,10,2,0,153.87,287.27,9.09,17.66,10.69,2.293,1.52,33.2,68.1,0.536,1.942,agricultural_burning
9,2,1,0,45.49,80.83,4.06,64.45,47.46,2.327,2.33,37.7,40.8,0.563,15.879,vehicular
3,6,4,0,154.34,158.13,74.88,58.74,33.47,0.743,3.01,32.2,85.8,0.976,0.785,industrial
16,11,3,0,157.22,260.38,2.74,29.4,9.26,1.659,4.73,20.7,54.2,0.604,10.716,agricultural_burning
2,5,4,0,166.87,205.11,95.39,36.56,17.78,1.534,2.22,28.6,70.8,0.814,0.383,industrial
5,2,5,1,89.91,129.09,17.1,32.53,22.14,0.967,0.75,20.5,93.9,0.697,1.902,seasonal_inversion
3,3,1,0,51.95,85.47,5.59,13.34,4.84,0.764,2.4,24.5,43.8,0.608,2.388,unknown
5,11,6,1,37.04,22.44,11.05,-2.39,-0.28,1.253,0.56,22.2,55.4,1.651,-0.216,seasonal_inversion
5,11,3,0,110.94,192.71,6.37,33.25,17.79,0.632,0.95,22.7,49.1,0.576,5.221,seasonal_inversion
8,8,3,0,53.12,105.18,8.03,78.89,45.12,2.779,0.67,32.4,64.7,0.505,9.825,vehicular
22,10,5,1,163.29,224.03,51.13,37.05,22.25,0.268,2.55,25.2,78.1,0.729,0.725,industrial
18,12,6,1,22.59,35.72,1.44,27.33,19.52,0.445,3.19,16.5,62.7,0.632,19.025,unknown
12,3,0,0,39.63,63.91,1.31,-1.52,-3.28,0.317,7.04,27.2,68.3,0.62,-1.161,unknown
6,1,1,0,155.31,230.31,86.91,64.31,47.52,1.05,0.82,28.0,65.8,0.674,0.74,industrial
11,10,1,0,192.99,334.29,6.18,44.05,26.3,2.299,1.63,28.0,41.3,0.577,7.132,agricultural_burning
9,2,5,1,148.47,205.4,13.11,25.55,19.85,0.574,1.37,13.6,81.9,0.723,1.948,seasonal_inversion
7,2,4,0,63.31,80.51,13.03,22.1,19.11,1.048,0.04,18.2,78.2,0.786,1.696,seasonal_inversion
8,10,5,1,32.98,42.07,9.56,47.05,21.84,0.433,2.77,30.7,50.6,0.784,4.923,unknown
17,10,5,1,40.77,54.87,0.38,19.24,7.79,0.3,7.54,27.3,46.7,0.743,50.84,unknown
18,10,0,0,122.91,317.54,1.3,19.52,11.89,0.763,2.81,29.7,22.5,0.387,15.057,agricultural_burning
6,8,3,0,192.98,217.56,47.17,19.74,19.77,0.366,1.72,41.2,86.1,0.887,0.418,industrial
17,5,2,0,47.47,83.36,6.91,118.0,67.33,2.69,2.54,24.1,53.6,0.569,17.075,vehicular
2,6,0,0,176.27,253.75,85.03,49.15,33.76,0.953,1.16,32.5,49.1,0.695,0.578,industrial
18,9,4,0,18.09,29.76,2.75,16.8,10.7,0.568,7.83,16.6,74.0,0.608,6.109,unknown
14,3,1,0,92.18,172.78,11.44,24.0,9.91,2.035,3.92,27.8,49.3,0.533,2.098,agricultural_burning
9,11,4,0,195.67,320.71,2.84,28.63,22.67,1.522,4.47,31.1,60.6,0.61,10.078,agricultural_burning
9,2,6,1,89.9,103.23,19.2,12.23,5.98,1.228,0.82,10.9,83.9,0.871,0.637,seasonal_inversion
17,4,1,0,140.99,280.83,9.63,31.57,18.13,1.271,1.85,33.9,46.0,0.502,3.277,agricultural_burning
20,6,2,0,40.54,43.25,12.94,10.66,6.05,0.412,5.16,26.0,56.9,0.938,0.824,unknown
10,12,3,0,57.63,103.95,7.65,110.73,70.53,2.202,2.41,26.6,61.7,0.554,14.473,vehicular
17,6,4,0,39.03,28.73,9.36,17.85,9.94,0.28,7.71,32.4,52.7,1.359,1.906,unknown
18,11,0,0,140.14,224.12,23.74,8.34,6.33,1.964,2.59,31.7,47.5,0.625,0.351,agricultural_burning
17,8,4,0,31.72,41.49,9.73,76.41,43.92,1.732,0.59,29.9,66.0,0.765,7.852,vehicular
7,11,3,0,114.58,171.33,9.97,33.18,19.9,1.213,0.63,21.9,64.2,0.669,3.328,seasonal_inversion
11,4,6,1,188.17,349.82,5.41,25.45,15.92,0.596,2.52,27.7,53.6,0.538,4.701,agricultural_burning
2,8,5,1,229.79,264.47,69.19,20.81,9.82,1.793,3.93,29.7,81.3,0.869,0.301,industrial
19,8,0,0,132.82,167.14,2.99,39.57,33.98,1.864,1.94,27.2,63.4,0.795,13.251,vehicular
3,2,1,0,197.25,203.93,61.75,59.8,38.62,0.35,2.82,33.0,73.6,0.967,0.968,industrial
14,10,3,0,56.19,70.03,14.98,3.24,3.78,0.533,7.87,22.7,51.8,0.802,0.217,unknown
6,1,0,0,93.39,134.28,17.33,33.79,17.02,0.986,0.47,24.7,77.7,0.695,1.949,seasonal_inversion
13,6,0,0,63.81,60.17,13.61,13.79,12.15,0.713,2.66,41.3,59.0,1.06,1.013,unknown
18,11,4,0,151.86,250.92,9.45,6.57,4.1,1.821,4.56,35.7,55.9,0.605,0.695,agricultural_burning
17,3,3,0,137.72,277.47,7.03,2.43,0.01,2.064,1.65,31.0,46.4,0.496,0.346,agricultural_burning
16,11,1,0,169.66,267.23,5.48,25.53,10.35,1.822,2.83,43.5,36.6,0.635,4.662,agricultural_burning
8,9,3,0,83.84,141.58,2.82,64.76,32.69,1.159,1.67,35.7,57.4,0.592,22.929,vehicular
10,12,2,0,59.78,102.76,21.92,27.35,12.69,1.229,0.52,22.9,63.2,0.582,1.248,seasonal_inversion
22,2,1,0,113.89,131.79,83.38,55.72,33.21,0.797,2.0,16.2,61.3,0.864,0.668,industrial
17,12,4,0,4.22,8.09,3.84,8.21,6.17,0.639,7.53,26.9,71.1,0.521,2.139,unknown
12,3,2,0,54.05,47.77,15.76,2.27,1.85,0.255,5.68,38.3,46.0,1.132,0.144,unknown
9,9,1,0,58.15,60.37,15.42,15.17,8.15,0.032,5.82,32.4,68.8,0.963,0.984,unknown
10,12,0,0,92.71,150.2,6.16,95.73,46.55,2.433,2.16,28.2,76.2,0.617,15.529,vehicular
21,7,1,0,29.35,47.5,7.74,12.61,4.98,0.748,7.62,22.0,54.5,0.618,1.628,unknown
8,1,0,0,51.32,110.4,4.42,78.45,38.31,1.589,2.27,37.7,58.6,0.465,17.73,vehicular
23,5,5,1,112.29,164.93,87.74,47.49,30.5,0.881,3.66,22.1,67.6,0.681,0.541,industrial
17,11,4,0,117.95,246.52,6.77,23.14,14.67,1.749,3.72,19.8,27.5,0.478,3.42,agricultural_burning
15,3,0,0,108.53,218.5,5.76,21.71,12.3,1.084,2.72,34.3,54.7,0.497,3.767,agricultural_burning
7,11,0,0,99.26,168.76,4.98,83.33,36.47,3.141,2.12,26.8,55.7,0.588,16.727,vehicular
3,7,6,1,36.73,74.95,13.4,22.11,15.09,0.163,3.44,33.9,50.6,0.49,1.649,unknown
18,3,1,0,222.99,367.44,5.25,16.49,6.01,2.132,1.43,42.9,39.5,0.607,3.139,agricultural_burning
11,4,0,0,174.06,241.26,5.25,31.69,17.09,2.623,3.79,35.1,17.8,0.721,6.038,agricultural_burning
9,12,4,0,72.33,136.15,20.03,40.35,27.59,0.659,0.26,24.0,86.5,0.531,2.014,seasonal_inversion
16,12,3,0,27.71,46.88,15.62,14.89,8.92,0.728,4.37,27.9,37.9,0.591,0.953,unknown
13,6,6,1,36.1,69.97,10.89,10.09,4.27,0.279,7.14,41.1,16.1,0.516,0.927,unknown
7,2,1,0,120.63,214.24,12.45,34.78,23.55,0.825,0.65,21.0,76.0,0.563,2.792,seasonal_inversion
8,2,0,0,46.05,42.67,18.17,32.14,18.79,0.639,1.18,25.2,72.6,1.079,1.769,seasonal_inversion
17,4,2,0,223.56,356.56,11.39,16.56,10.29,2.68,2.54,26.4,43.7,0.627,1.454,agricultural_burning
21,9,4,0,44.17,51.05,9.12,28.49,18.49,0.4,2.86,29.5,43.9,0.865,3.125,unknown
17,4,6,1,110.44,189.64,16.47,19.97,14.61,2.619,1.3,25.8,15.0,0.582,1.212,agricultural_burning
6,1,0,0,129.69,148.66,4.66,24.61,11.84,0.406,0.75,17.7,70.1,0.872,5.28,seasonal_inversion
11,12,5,1,112.19,224.45,3.65,23.15,12.42,2.126,3.02,26.8,38.6,0.5,6.35,agricultural_burning
11,11,4,0,100.83,230.65,12.2,16.27,10.87,1.287,3.62,38.1,51.5,0.437,1.334,agricultural_burning
16,12,1,0,222.46,347.05,8.32,27.65,15.92,1.392,3.42,30.7,20.7,0.641,3.325,agricultural_burning
8,11,1,0,141.04,197.68,18.68,14.91,5.0,0.444,1.27,14.4,79.1,0.713,0.798,seasonal_inversion
0,12,4,0,153.02,213.94,68.7,36.58,31.96,0.922,1.92,29.6,40.3,0.715,0.532,industrial
6,5,3,0,177.44,222.85,78.9,56.88,42.86,0.738,2.25,19.9,74.7,0.796,0.721,industrial
9,10,2,0,70.25,91.56,4.55,118.02,84.7,1.667,2.88,35.5,49.8,0.767,25.931,vehicular
21,10,6,1,28.67,30.44,10.88,18.34,11.91,0.13,5.79,14.8,84.9,0.942,1.686,unknown
9,1,2,0,126.49,167.14,9.88,14.04,12.06,0.482,0.7,16.0,67.9,0.757,1.421,seasonal_inversion
9,12,1,0,50.54,47.21,9.06,27.21,24.38,0.827,0.33,23.1,65.3,1.071,3.004,seasonal_inversion
14,12,6,1,89.82,237.37,3.14,34.41,16.47,1.012,2.59,30.4,51.7,0.378,10.952,agricultural_burning
7,2,1,0,42.81,37.81,2.04,17.9,7.94,0.429,4.47,23.6,62.2,1.132,8.759,unknown
10,12,6,1,90.36,263.28,3.5,25.15,18.4,0.83,1.98,26.8,56.1,0.343,7.193,agricultural_burning
10,2,3,0,118.95,167.98,8.1,27.73,15.75,0.115,0.23,20.6,67.1,0.708,3.425,seasonal_inversion
3,2,6,1,40.58,68.06,12.19,33.95,18.78,0.152,6.66,20.6,86.7,0.596,2.785,unknown
3,12,5,1,205.56,247.77,111.74,27.76,18.16,0.833,3.4,29.4,99.0,0.83,0.248,industrial
7,2,6,1,69.69,86.09,8.37,17.72,14.79,0.699,0.89,25.8,58.1,0.809,2.117,seasonal_inversion
7,2,5,1,45.65,61.93,18.31,38.23,19.61,0.961,0.03,20.3,65.3,0.737,2.088,seasonal_inversion
18,10,1,0,147.71,321.77,10.31,25.95,11.38,1.034,1.37,31.5,20.7,0.459,2.516,agricultural_burning
22,1,0,0,128.25,176.9,82.87,54.76,40.21,0.776,1.8,32.5,55.6,0.725,0.661,industrial
4,1,5,1,66.98,122.69,5.61,19.54,12.26,0.562,1.2,16.4,66.6,0.546,3.485,unknown
20,8,1,0,16.21,35.88,11.18,1.53,0.75,0.206,7.19,36.3,79.8,0.452,0.137,unknown
19,3,5,1,8.18,20.87,3.29,10.09,6.96,0.32,4.37,15.3,58.2,0.392,3.069,unknown
19,9,3,0,81.6,171.9,6.37,75.94,51.78,2.511,1.44,36.4,71.8,0.475,11.917,vehicular
7,8,3,0,20.81,38.44,2.66,12.01,3.97,0.439,1.46,25.8,49.7,0.541,4.506,unknown
14,10,5,1,113.88,235.86,12.05,24.82,8.52,0.758,3.67,29.9,30.1,0.483,2.06,agricultural_burning
9,12,6,1,111.89,157.13,8.1,29.06,23.87,1.239,0.9,12.8,74.8,0.712,3.587,seasonal_inversion
4,1,4,0,126.08,143.94,84.36,36.49,28.37,1.113,2.76,33.9,89.5,0.876,0.433,industrial
15,10,4,0,191.34,350.48,2.73,12.71,2.01,2.331,3.86,23.8,41.9,0.546,4.663,agricultural_burning
7,10,0,0,82.46,162.0,10.36,87.29,48.97,2.135,1.74,26.4,78.4,0.509,8.425,vehicular
10,2,5,1,85.89,131.28,1.02,42.43,29.69,1.205,0.54,14.7,91.6,0.654,41.409,seasonal_inversion
2,4,1,0,148.82,182.78,97.12,36.33,21.94,0.356,2.29,27.7,73.2,0.814,0.374,industrial
17,6,5,1,47.81,69.6,13.5,30.5,14.77,0.277,1.73,30.5,81.6,0.687,2.259,unknown
12,11,5,1,67.47,228.11,14.9,34.92,24.46,2.191,4.97,30.1,63.9,0.296,2.343,agricultural_burning
22,9,3,0,44.69,63.44,6.29,20.42,11.93,0.613,4.56,29.7,78.8,0.705,3.245,unknown
6,5,5,1,161.72,159.62,85.14,37.7,19.08,0.646,2.29,19.2,64.5,1.013,0.443,industrial
19,4,2,0,74.46,115.95,11.52,109.55,57.65,3.076,2.9,22.2,45.6,0.642,9.506,vehicular
0,12,0,0,153.86,189.43,89.83,28.2,13.2,0.445,2.0,28.5,96.3,0.812,0.314,industrial
9,12,3,0,87.28,110.62,19.39,33.84,11.63,0.97,1.44,18.4,74.1,0.789,1.745,seasonal_inversion
13,10,4,0,24.77,42.81,1.74,14.14,8.71,0.474,4.66,31.7,72.9,0.579,8.139,unknown
11,11,4,0,157.47,258.46,3.49,17.9,11.96,2.0,4.14,21.1,35.0,0.609,5.134,agricultural_burning
2,3,2,0,147.96,205.2,44.85,31.81,23.63,0.4,2.87,17.4,56.2,0.721,0.709,industrial
10,6,0,0,111.31,149.89,6.44,100.31,62.07,1.879,2.95,29.6,68.3,0.743,15.583,vehicular
20,10,1,0,84.72,156.26,0.92,93.38,46.95,2.24,2.09,34.0,38.2,0.542,101.971,vehicular
7,11,0,0,111.91,149.43,11.11,28.15,22.26,0.817,0.38,19.2,71.9,0.749,2.535,seasonal_inversion
5,10,1,0,136.5,124.89,79.12,37.2,19.51,1.191,1.59,21.6,56.4,1.093,0.47,industrial
23,1,6,1,39.69,62.8,8.02,26.33,13.44,0.474,7.29,32.8,39.6,0.632,3.285,unknown
7,2,3,0,73.92,90.86,14.87,38.21,26.1,0.839,0.75,20.0,62.0,0.814,2.569,seasonal_inversion
1,7,2,0,177.25,230.55,117.13,29.03,16.42,0.797,0.67,32.1,44.7,0.769,0.248,industrial
4,3,6,1,127.52,177.13,85.54,15.56,9.05,0.713,2.35,25.9,54.4,0.72,0.182,industrial
4,3,4,0,141.47,130.72,84.64,46.13,23.64,0.55,0.92,28.2,76.0,1.082,0.545,industrial
14,11,4,0,97.87,194.36,3.52,14.11,10.64,2.735,1.81,32.2,69.5,0.504,4.007,agricultural_burning
14,12,4,0,95.95,225.14,9.11,31.42,21.07,1.698,1.8,40.2,67.1,0.426,3.448,agricultural_burning
17,11,4,0,148.54,263.96,3.74,13.23,6.36,1.272,2.02,37.3,58.8,0.563,3.538,agricultural_burning
15,4,2,0,141.4,303.79,12.61,16.69,6.86,1.71,2.21,37.1,33.6,0.465,1.323,agricultural_burning
15,7,6,1,59.69,77.13,11.56,21.78,14.52,0.381,2.21,20.3,63.0,0.774,1.885,unknown
17,10,3,0,201.57,368.23,6.23,33.24,24.48,1.712,2.98,39.4,40.8,0.547,5.332,agricultural_burning
22,10,0,0,47.47,44.93,9.85,21.29,9.07,0.437,3.49,55.5,68.3,1.056,2.161,unknown
17,3,6,1,111.71,144.46,5.8,29.65,18.0,0.518,3.07,37.5,45.9,0.773,5.116,agricultural_burning
8,6,3,0,48.18,113.97,5.39,74.71,35.98,1.997,2.5,31.7,58.9,0.423,13.874,vehicular
10,2,2,0,92.6,129.5,7.72,76.36,52.58,2.394,0.91,23.3,43.1,0.715,9.885,vehicular
15,4,2,0,191.44,333.75,9.78,27.05,9.68,1.332,3.9,38.2,45.6,0.574,2.766,agricultural_burning
9,1,4,0,61.41,89.36,5.93,61.21,31.39,2.736,1.34,27.1,62.9,0.687,10.318,vehicular
22,12,2,0,160.54,245.52,77.87,33.41,22.89,0.758,1.94,28.3,55.6,0.654,0.429,industrial
16,12,3,0,221.86,354.34,7.78,22.02,12.77,2.71,4.52,34.8,48.0,0.626,2.83,agricultural_burning
5,4,1,0,19.82,38.25,8.67,-3.28,-0.45,0.867,7.03,25.6,48.6,0.518,-0.379,unknown
23,9,2,0,52.4,57.37,12.15,41.24,23.16,0.426,3.11,32.5,56.3,0.913,3.395,unknown
7,8,3,0,66.46,125.83,6.39,41.91,32.07,1.892,2.86,30.4,57.4,0.528,6.557,vehicular
20,2,3,0,102.82,155.01,5.29,56.92,41.21,2.466,1.73,26.5,46.3,0.663,10.768,vehicular
6,12,6,1,33.46,16.18,7.59,9.91,4.56,0.694,6.29,38.9,61.9,2.068,1.305,unknown
0,7,1,0,-3.79,-23.44,16.08,30.15,15.66,0.496,7.35,27.9,58.0,0.5,1.875,unknown
17,7,0,0,75.93,152.63,5.84,75.54,51.4,2.046,0.65,34.6,76.1,0.497,12.946,vehicular
6,12,4,0,63.69,118.3,14.83,29.23,19.74,0.857,0.32,23.2,73.6,0.538,1.971,seasonal_inversion
23,2,4,0,23.9,48.66,9.68,28.36,14.62,0.267,5.08,36.3,68.8,0.491,2.928,unknown
10,12,6,1,133.37,203.62,10.0,16.28,5.75,0.403,0.73,14.0,85.7,0.655,1.628,seasonal_inversion
2,12,3,0,114.84,119.29,71.8,31.86,16.99,0.82,1.98,22.7,63.9,0.963,0.444,industrial
7,6,0,0,33.68,54.91,6.94,20.1,15.74,0.422,3.29,17.1,82.1,0.613,2.897,unknown
2,11,3,0,179.46,240.0,59.33,22.88,14.68,0.819,3.12,32.6,49.9,0.748,0.386,industrial
7,12,0,0,66.74,111.24,9.75,76.6,40.27,2.668,1.6,37.6,36.0,0.6,7.857,vehicular
5,3,2,0,123.53,157.81,83.97,28.09,11.18,1.212,1.5,22.3,50.9,0.783,0.334,industrial
14,4,3,0,302.31,472.58,12.77,15.67,4.83,3.089,3.01,35.5,19.5,0.64,1.227,agricultural_burning
6,2,0,0,69.52,106.37,3.8,57.76,41.79,0.819,1.36,19.6,80.0,0.654,15.197,seasonal_inversion
10,8,4,0,50.8,101.66,5.24,122.7,75.48,3.723,2.7,25.8,66.1,0.5,23.437,vehicular
5,12,5,1,70.97,124.8,25.0,46.25,30.88,0.432,0.04,18.5,75.5,0.569,1.85,seasonal_inversion
17,6,1,0,79.76,135.24,6.21,89.53,63.21,2.238,2.99,24.1,54.7,0.59,14.42,vehicular
16,12,6,1,112.94,198.99,10.85,18.63,10.44,1.438,1.8,33.4,59.4,0.568,1.717,agricultural_burning
13,4,3,0,37.61,38.65,16.31,10.99,4.36,0.438,6.15,45.9,52.5,0.973,0.674,unknown
20,2,0,0,42.92,89.81,4.88,80.75,54.7,3.157,2.59,40.4,37.3,0.478,16.56,vehicular
8,4,4,0,90.66,140.4,6.22,125.34,77.17,2.755,0.67,34.6,56.2,0.646,20.157,vehicular
10,5,1,0,52.0,46.84,7.29,32.28,24.01,0.509,5.61,36.4,73.7,1.11,4.427,unknown
17,9,4,0,95.39,103.82,5.16,127.82,79.4,2.117,0.93,33.9,42.4,0.919,24.789,vehicular
23,10,0,0,176.48,241.28,92.61,9.82,7.85,0.723,3.73,34.8,62.3,0.731,0.106,industrial
8,5,4,0,53.36,105.44,1.44,60.97,38.68,3.144,2.74,28.0,42.0,0.506,42.464,vehicular
7,1,0,0,85.6,112.66,1.72,91.16,47.64,3.988,1.32,28.0,58.4,0.76,52.939,vehicular
10,3,2,0,153.56,330.61,11.5,14.19,10.18,1.492,1.67,29.8,57.1,0.464,1.234,agricultural_burning
20,5,2,0,81.33,168.18,3.92,118.34,86.63,1.984,1.39,35.0,74.0,0.484,30.183,vehicular
7,12,4,0,77.64,113.44,10.35,24.34,15.0,1.237,0.03,21.2,87.0,0.684,2.353,seasonal_inversion
16,11,3,0,224.49,323.35,9.66,16.92,10.9,1.519,3.63,33.0,52.6,0.694,1.752,agricultural_burning
18,8,6,1,22.37,34.72,2.95,28.2,18.88,0.513,1.9,30.8,68.5,0.644,9.573,unknown
9,12,4,0,83.64,145.63,8.17,72.91,40.91,5.056,2.53,31.5,87.0,0.574,8.921,vehicular
2,8,1,0,124.92,165.84,49.49,16.89,5.69,1.403,3.7,18.7,72.8,0.753,0.341,industrial
10,11,2,0,65.44,76.9,16.89,17.1,10.56,0.634,1.36,19.1,76.4,0.851,1.012,seasonal_inversion
12,11,5,1,141.02,196.25,7.68,34.52,24.28,1.871,1.82,32.9,33.9,0.719,4.496,agricultural_burning
9,11,0,0,65.47,90.66,1.2,56.64,28.29,3.69,0.85,25.7,86.2,0.722,47.009,vehicular
8,11,2,0,112.08,194.47,4.89,10.82,4.51,1.476,0.17,6.7,98.0,0.576,2.21,seasonal_inversion
18,9,2,0,82.01,118.63,3.25,140.38,94.43,1.631,0.76,29.5,60.0,0.691,43.19,vehicular
14,11,5,1,100.71,255.39,6.54,33.21,17.12,0.763,2.37,28.7,45.0,0.394,5.077,agricultural_burning
10,11,0,0,97.8,129.42,8.96,27.18,18.69,1.029,0.32,15.3,90.9,0.756,3.033,seasonal_inversion
9,3,6,1,148.93,338.02,14.42,18.32,14.45,1.164,2.48,29.4,43.3,0.441,1.27,agricultural_burning
7,1,2,0,110.02,142.05,5.64,63.58,35.54,1.521,2.52,30.8,65.1,0.774,11.28,vehicular
22,12,6,1,164.7,189.5,87.62,19.38,11.8,0.38,2.74,27.5,61.2,0.869,0.221,industrial
6,2,3,0,61.16,88.52,15.54,25.6,16.38,1.107,0.43,19.4,60.4,0.691,1.648,seasonal_inversion
4,11,2,0,191.63,256.19,29.42,21.9,17.26,0.622,1.07,35.9,81.2,0.748,0.745,industrial
15,8,6,1,38.48,55.28,13.02,13.44,6.7,0.496,1.61,24.8,60.0,0.696,1.032,unknown
10,10,3,0,154.16,294.39,9.49,31.49,14.66,2.24,1.71,37.6,47.8,0.524,3.318,agricultural_burning
10,12,5,1,102.25,98.65,9.4,29.77,13.92,1.173,0.17,13.0,64.2,1.037,3.168,seasonal_inversion
13,10,6,1,176.76,337.0,6.45,28.69,14.53,1.777,3.95,41.9,42.1,0.525,4.45,agricultural_burning
7,7,3,0,74.16,88.24,13.17,26.42,18.3,0.672,2.79,28.1,65.8,0.84,2.006,unknown
11,10,0,0,178.49,401.98,7.43,30.25,14.52,1.298,3.31,38.5,50.2,0.444,4.075,agricultural_burning
0,11,5,1,166.15,240.69,62.4,21.7,15.52,1.523,3.6,24.9,67.8,0.69,0.348,industrial
14,12,6,1,96.81,271.88,10.47,20.88,6.11,2.313,4.64,23.9,59.1,0.356,1.994,agricultural_burning
3,2,3,0,145.92,158.95,119.45,45.62,31.72,0.405,3.99,28.1,59.8,0.918,0.382,industrial
10,6,4,0,107.58,154.87,2.59,116.18,61.93,1.039,0.92,30.7,62.0,0.695,44.926,vehicular
8,7,3,0,67.59,93.56,7.55,74.65,49.32,2.027,1.0,16.3,44.4,0.722,9.885,vehicular
17,9,0,0,79.15,143.02,4.32,40.78,21.65,2.167,1.19,32.5,76.7,0.553,9.443,vehicular
22,5,4,0,62.94,104.4,20.41,24.37,18.1,0.609,3.17,18.3,35.5,0.603,1.194,unknown
7,4,4,0,66.09,127.19,10.63,8.01,8.22,0.66,2.13,48.2,48.3,0.52,0.754,unknown
6,2,0,0,113.52,166.42,11.74,29.39,14.26,1.088,0.71,20.0,75.4,0.682,2.504,seasonal_inversion
11,3,3,0,172.81,299.73,9.95,27.18,15.19,1.709,4.46,32.9,37.3,0.577,2.732,agricultural_burning
6,12,5,1,78.51,111.88,14.53,34.82,22.92,0.762,1.2,13.2,73.3,0.702,2.396,seasonal_inversion
13,9,4,0,41.92,38.56,8.58,19.39,11.58,0.593,3.02,43.6,61.5,1.087,2.261,unknown
23,11,4,0,10.4,4.5,15.62,18.23,17.29,0.233,5.26,28.2,62.4,2.31,1.167,unknown
21,2,3,0,34.87,23.46,5.44,6.92,2.61,0.532,6.48,27.5,56.1,1.486,1.271,unknown
22,2,2,0,177.02,215.11,106.95,32.05,14.99,0.827,1.81,28.5,85.3,0.823,0.3,industrial
10,12,2,0,74.1,175.78,11.57,22.93,19.28,1.083,2.15,26.4,58.4,0.422,1.981,agricultural_burning
9,11,5,1,100.5,132.15,13.18,46.63,21.7,0.921,0.99,25.0,64.8,0.761,3.537,seasonal_inversion
7,1,1,0,113.29,177.57,-1.32,14.58,12.2,0.664,0.67,12.2,72.0,0.638,5.0,seasonal_inversion
22,11,2,0,157.36,165.32,66.14,46.33,34.91,0.621,3.86,28.8,52.5,0.952,0.7,industrial
4,10,6,1,29.02,31.61,11.77,24.02,9.4,0.213,3.45,21.4,67.2,0.918,2.041,unknown
13,11,2,0,210.49,295.37,0.45,12.15,9.0,2.644,1.4,29.2,18.8,0.713,26.792,agricultural_burning
5,1,3,0,47.71,62.18,11.13,41.98,22.23,1.144,0.38,17.4,93.9,0.767,3.773,seasonal_inversion
17,3,2,0,106.81,217.49,8.71,32.53,19.11,1.363,2.73,27.3,36.3,0.491,3.736,agricultural_burning
5,12,0,0,33.99,46.99,4.12,25.89,13.9,0.343,2.62,37.8,66.6,0.723,6.277,unknown
15,3,4,0,144.99,284.87,12.86,22.85,15.9,1.676,1.69,39.3,83.1,0.509,1.777,agricultural_burning
6,8,2,0,145.18,214.06,117.59,40.06,25.52,0.413,3.49,29.0,78.3,0.678,0.341,industrial
14,1,1,0,63.12,94.11,12.67,16.4,9.18,0.333,5.36,13.8,26.4,0.671,1.294,unknown
0,7,5,1,119.13,126.51,67.38,24.11,18.86,0.623,2.49,34.3,67.1,0.942,0.358,industrial
18,6,4,0,59.72,73.76,11.54,87.42,69.61,0.967,2.59,25.5,38.0,0.81,7.576,vehicular
5,10,4,0,-2.92,-14.93,13.42,10.02,3.54,0.178,3.34,17.8,51.6,0.5,0.746,unknown
10,1,2,0,75.93,112.49,8.39,71.7,46.64,2.69,1.39,33.8,66.6,0.675,8.542,vehicular
8,7,4,0,85.77,163.25,7.5,114.56,61.19,1.912,1.3,33.7,70.9,0.525,15.268,vehicular
10,7,3,0,62.99,117.15,8.53,77.13,36.29,2.742,1.25,17.5,65.3,0.538,9.045,vehicular
18,12,2,0,52.87,102.37,8.97,135.6,109.54,1.748,1.06,32.3,75.2,0.516,15.12,vehicular
20,1,0,0,66.35,136.68,6.15,74.5,53.52,4.046,2.84,31.0,73.9,0.485,12.112,vehicular
8,11,3,0,108.3,161.94,7.92,27.43,16.55,0.816,0.06,18.1,76.3,0.669,3.461,seasonal_inversion
15,10,1,0,183.12,283.06,13.17,10.97,6.5,1.369,2.04,31.6,17.1,0.647,0.833,agricultural_burning
4,12,1,0,143.27,195.75,54.02,31.09,19.7,1.01,2.84,31.7,75.0,0.732,0.576,industrial
11,11,0,0,60.92,78.73,8.48,1.89,-0.4,0.107,1.82,29.4,42.5,0.774,0.222,unknown
17,11,1,0,91.9,152.6,6.49,64.65,38.44,2.103,0.53,23.7,54.9,0.602,9.961,vehicular
23,9,0,0,110.61,153.04,83.28,41.56,28.32,0.605,2.94,18.7,48.6,0.723,0.499,industrial
4,3,0,0,12.88,32.61,2.26,23.65,18.5,0.507,4.49,36.0,44.0,0.395,10.482,unknown
7,12,2,0,110.75,149.26,11.77,20.03,7.62,1.269,0.99,14.6,98.0,0.742,1.701,seasonal_inversion
20,7,2,0,66.07,89.2,3.11,84.86,56.14,0.973,1.17,34.6,43.9,0.741,27.273,vehicular
1,5,5,1,152.88,222.15,66.08,35.46,24.7,0.66,2.66,35.8,80.3,0.688,0.537,industrial
9,6,1,0,50.39,80.43,13.67,19.62,9.0,0.603,7.41,46.4,60.1,0.626,1.435,unknown
19,1,6,1,44.75,77.37,2.76,10.84,8.44,0.763,3.23,16.8,66.1,0.578,3.923,unknown
5,5,0,0,168.02,206.48,43.71,16.17,7.2,0.739,1.84,28.1,58.7,0.814,0.37,industrial
10,2,6,1,106.28,155.69,9.25,29.48,20.51,0.383,0.88,20.8,79.7,0.683,3.186,seasonal_inversion
22,9,6,1,144.29,181.69,101.8,38.83,29.23,0.85,3.34,25.4,64.7,0.794,0.381,industrial
22,11,5,1,171.94,224.6,48.13,55.66,29.53,0.889,1.31,22.1,65.8,0.766,1.156,industrial
22,11,6,1,75.71,80.23,10.36,9.4,5.77,0.558,3.05,27.1,71.5,0.944,0.907,unknown
8,11,2,0,60.33,60.48,2.44,20.77,17.72,0.635,3.8,20.8,98.0,0.997,8.5,unknown
5,11,3,0,110.88,145.28,9.57,32.66,26.31,0.394,0.42,19.3,76.8,0.763,3.414,seasonal_inversion
8,2,6,1,127.28,168.29,12.05,48.73,34.7,1.035,0.58,12.1,67.9,0.756,4.043,seasonal_inversion
9,2,4,0,83.62,91.78,24.17,5.68,-0.06,1.185,0.86,15.4,87.7,0.911,0.235,seasonal_inversion
22,3,0,0,32.64,51.88,3.89,16.1,11.93,0.443,1.46,11.3,61.4,0.629,4.142,unknown
16,10,4,0,237.4,421.85,8.02,21.39,11.39,1.519,1.27,32.4,57.3,0.563,2.667,agricultural_burning
7,8,3,0,38.79,68.1,7.57,22.78,9.12,0.25,2.84,47.7,50.6,0.57,3.007,unknown
5,2,2,0,112.26,177.6,16.24,31.5,25.06,0.694,1.08,20.6,74.0,0.632,1.939,seasonal_inversion
10,3,4,0,156.76,316.9,11.39,18.6,7.4,0.672,1.07,35.3,50.6,0.495,1.634,agricultural_burning
3,8,4,0,190.47,211.33,21.68,22.43,20.25,1.078,1.2,18.9,56.5,0.901,1.035,industrial
5,8,0,0,54.89,65.25,5.75,17.89,15.34,0.253,1.45,22.8,55.7,0.841,3.112,unknown
2,9,5,1,15.37,9.36,9.03,10.21,2.36,0.609,2.57,26.0,63.2,1.643,1.131,unknown
10,12,0,0,208.61,326.73,8.33,11.94,8.2,0.596,4.48,28.3,51.1,0.638,1.433,agricultural_burning
5,8,5,1,180.84,233.39,55.28,36.99,29.71,0.317,2.8,29.5,69.3,0.775,0.669,industrial
18,4,2,0,197.92,404.46,11.32,6.51,3.44,1.617,1.47,26.8,57.9,0.489,0.575,agricultural_burning
19,4,0,0,31.93,33.5,12.62,9.83,8.96,0.724,7.57,25.5,63.5,0.953,0.779,unknown
5,11,6,1,64.46,65.87,14.22,18.4,11.38,0.482,2.11,26.9,69.5,0.979,1.294,unknown
19,9,3,0,70.1,111.15,4.42,73.7,38.07,1.684,0.74,30.2,51.8,0.631,16.662,vehicular
14,4,3,0,268.93,364.69,11.81,15.27,7.9,3.182,2.36,25.1,72.0,0.737,1.293,agricultural_burning
8,12,3,0,72.99,109.12,4.12,71.09,49.87,2.565,2.98,23.3,43.2,0.669,17.237,vehicular
2,12,5,1,112.94,163.92,100.86,24.57,11.54,0.81,0.87,27.3,62.9,0.689,0.244,industrial
0,11,6,1,150.51,165.64,94.07,45.11,22.72,0.917,0.94,36.9,76.2,0.909,0.479,industrial
15,12,0,0,132.28,332.68,12.39,12.89,4.88,0.44,3.45,38.7,26.4,0.398,1.04,agricultural_burning
10,10,2,0,175.18,345.82,-0.47,17.0,13.06,1.755,3.24,29.6,52.3,0.507,5.0,agricultural_burning
8,12,1,0,115.84,151.51,5.89,24.59,11.34,0.324,0.34,11.9,97.1,0.765,4.178,seasonal_inversion
9,2,6,1,162.94,235.33,16.12,27.7,17.56,0.726,0.9,15.0,80.4,0.692,1.718,seasonal_inversion
10,12,4,0,48.55,80.47,24.46,36.67,22.54,1.346,0.74,19.8,66.1,0.603,1.499,seasonal_inversion
16,3,6,1,169.64,304.24,12.06,18.19,10.19,1.792,3.68,24.3,52.3,0.558,1.509,agricultural_burning
7,11,5,1,42.32,60.18,8.1,7.48,4.09,0.632,7.9,24.2,77.7,0.703,0.924,unknown
7,2,2,0,75.74,117.55,10.5,23.74,10.45,0.622,0.51,16.0,73.5,0.644,2.26,seasonal_inversion
5,6,3,0,144.84,211.69,35.68,56.27,46.4,1.145,0.51,28.5,49.3,0.684,1.577,industrial
9,10,2,0,86.76,114.25,4.51,90.98,55.4,3.074,2.55,30.9,50.4,0.759,20.189,vehicular
8,1,6,1,74.54,148.79,11.71,8.87,3.37,0.962,0.84,19.4,83.2,0.501,0.757,seasonal_inversion
17,5,3,0,43.18,78.22,6.58,123.16,72.25,3.041,0.5,29.8,68.7,0.552,18.715,vehicular
13,12,1,0,283.32,427.94,1.71,12.16,8.32,1.597,1.82,25.5,40.1,0.662,7.108,agricultural_burning
19,6,4,0,11.72,16.38,5.33,15.64,9.35,0.52,3.53,32.0,59.4,0.715,2.934,unknown
7,6,4,0,74.55,102.27,3.55,81.75,62.06,4.286,1.48,31.7,77.1,0.729,23.025,vehicular
10,8,2,0,67.72,103.83,6.83,50.08,36.72,1.995,2.02,27.4,28.1,0.652,7.335,vehicular
6,3,1,0,160.69,187.08,47.49,43.33,34.28,0.729,1.86,33.9,59.5,0.859,0.912,industrial
20,2,2,0,78.23,149.2,0.91,104.51,66.08,2.88,0.85,19.1,72.6,0.524,114.658,vehicular
22,6,2,0,37.22,46.04,11.23,5.55,3.54,1.25,4.12,34.3,49.4,0.809,0.494,unknown
3,5,4,0,41.87,51.87,9.92,-1.36,0.79,0.173,6.4,31.4,57.4,0.807,-0.137,unknown
10,3,2,0,112.31,228.0,11.5,-2.47,0.33,1.933,2.84,35.8,37.2,0.493,-0.215,agricultural_burning
8,6,2,0,86.94,157.5,2.99,72.8,30.0,0.84,1.98,29.2,66.6,0.552,24.358,vehicular
14,10,1,0,201.92,431.39,7.09,11.52,8.28,1.038,4.14,33.8,44.6,0.468,1.625,agricultural_burning
9,8,6,1,65.8,102.04,12.59,23.54,15.57,0.537,7.75,19.3,46.0,0.645,1.871,unknown
20,3,3,0,59.72,118.97,6.44,90.81,45.41,2.371,2.68,25.9,64.4,0.502,14.105,vehicular
1,4,1,0,172.58,183.76,54.09,49.22,23.89,0.782,3.85,26.7,72.3,0.939,0.91,industrial
9,12,1,0,69.75,94.66,13.23,40.31,33.1,1.116,0.4,17.1,67.2,0.737,3.046,seasonal_inversion
14,12,4,0,153.58,224.78,8.15,22.04,10.35,1.686,1.42,30.8,43.5,0.683,2.703,agricultural_burning
9,3,0,0,220.18,339.13,10.97,22.1,12.84,1.261,3.48,28.9,22.5,0.649,2.014,agricultural_burning
9,11,4,0,95.22,131.29,15.56,27.29,14.79,1.067,0.83,15.9,73.4,0.725,1.754,seasonal_inversion
0,10,6,1,185.55,266.42,88.01,22.86,17.6,1.439,0.65,21.6,75.1,0.696,0.26,industrial
6,1,0,0,110.42,152.69,13.52,37.6,22.73,0.823,1.21,20.9,94.9,0.723,2.78,seasonal_inversion
23,8,5,1,149.9,154.49,50.58,28.73,18.67,0.679,2.05,24.7,45.3,0.97,0.568,industrial
20,8,2,0,72.97,117.24,3.89,83.18,52.99,2.727,2.34,28.0,67.0,0.622,21.358,vehicular
19,2,3,0,82.75,127.04,10.26,54.89,33.87,2.958,1.66,25.3,49.6,0.651,5.349,vehicular
14,3,1,0,161.07,273.76,1.66,14.75,7.54,2.038,1.31,28.8,60.4,0.588,8.893,agricultural_burning
17,11,5,1,161.99,232.28,5.66,30.84,14.9,1.153,3.91,41.4,57.2,0.697,5.447,agricultural_burning
14,11,2,0,115.8,208.68,-0.94,25.04,12.23,1.506,4.47,39.6,56.9,0.555,5.0,agricultural_burning
15,10,4,0,133.04,249.95,3.11,30.54,17.61,2.686,4.02,33.9,43.8,0.532,9.807,agricultural_burning
1,1,4,0,38.45,29.71,11.67,35.21,18.32,0.176,5.71,35.3,32.8,1.294,3.017,unknown
10,11,1,0,133.15,194.1,9.17,29.57,30.29,0.739,0.42,17.2,57.6,0.686,3.225,seasonal_inversion
4,10,2,0,103.47,124.84,84.25,40.42,29.25,0.936,3.09,29.6,81.6,0.829,0.48,industrial
11,4,1,0,58.15,58.54,13.44,4.1,3.03,0.549,7.02,22.6,66.2,0.993,0.305,unknown
1,5,4,0,120.79,150.6,104.85,47.23,24.46,0.443,1.61,24.5,75.9,0.802,0.45,industrial
15,12,4,0,186.82,311.22,9.87,25.22,13.22,2.117,1.31,34.9,43.8,0.6,2.554,agricultural_burning
10,10,4,0,60.66,115.65,6.08,100.01,71.3,2.825,2.68,23.6,50.2,0.525,16.437,vehicular
2,9,2,0,172.01,220.91,47.4,29.12,17.77,1.048,3.44,22.8,47.1,0.779,0.614,industrial
10,12,1,0,97.61,137.92,2.14,53.81,25.14,2.765,2.91,23.3,36.0,0.708,25.098,vehicular
8,2,3,0,106.92,128.94,8.69,25.59,13.96,0.848,1.03,17.7,68.0,0.829,2.944,seasonal_inversion
8,2,6,1,47.33,72.28,11.87,14.52,7.69,0.263,6.91,44.4,21.2,0.655,1.223,unknown
9,12,2,0,162.92,285.96,7.37,23.31,13.68,1.056,0.72,25.1,53.3,0.57,3.162,seasonal_inversion
4,9,1,0,222.65,324.53,113.52,28.7,13.9,0.582,2.09,26.6,59.8,0.686,0.253,industrial
5,1,3,0,131.54,167.21,65.85,60.38,37.44,1.051,3.63,23.7,51.7,0.787,0.917,industrial
16,12,1,0,70.67,146.56,0.68,25.27,9.68,2.402,2.86,29.0,40.6,0.482,36.913,agricultural_burning
3,3,0,0,145.23,191.84,38.77,12.4,5.95,0.627,3.88,32.4,56.1,0.757,0.32,industrial
10,11,4,0,60.12,98.84,6.85,122.06,96.56,2.04,2.92,28.8,25.4,0.608,17.82,vehicular
15,4,5,1,113.83,320.18,6.96,31.91,22.05,1.49,2.76,37.8,49.5,0.356,4.587,agricultural_burning
7,11,5,1,86.61,130.6,7.18,35.71,19.04,1.239,0.48,15.3,74.5,0.663,4.975,seasonal_inversion
12,4,2,0,247.11,363.71,2.72,29.02,15.36,1.698,4.5,29.5,54.5,0.679,10.68,agricultural_burning
11,11,0,0,173.82,281.34,-2.47,38.09,15.11,1.094,4.35,42.4,57.8,0.618,5.0,agricultural_burning
2,5,4,0,52.8,73.75,-2.07,7.43,7.41,0.603,6.58,36.0,48.2,0.716,5.0,unknown
14,11,2,0,112.39,235.52,13.21,13.02,5.46,1.628,1.88,34.9,29.2,0.477,0.985,agricultural_burning
17,11,0,0,205.81,359.76,4.2,26.38,20.6,1.654,4.52,29.9,37.5,0.572,6.279,agricultural_burning
4,12,1,0,40.65,68.1,3.46,10.06,6.41,0.209,1.53,24.3,46.1,0.597,2.91,unknown
17,12,3,0,179.84,283.67,9.83,10.11,3.88,1.658,4.01,30.7,43.0,0.634,1.028,agricultural_burning
8,11,2,0,61.8,109.28,8.36,76.41,39.21,2.992,0.75,26.4,70.7,0.566,9.137,vehicular
5,12,3,0,121.27,135.1,55.93,41.35,20.46,1.024,1.72,24.4,54.5,0.898,0.739,industrial
0,5,5,1,206.92,276.25,92.25,32.09,25.39,1.028,1.22,23.9,78.1,0.749,0.348,industrial
14,3,6,1,46.48,48.72,9.14,22.36,12.41,0.516,7.49,29.8,58.7,0.954,2.447,unknown
12,11,4,0,165.46,272.43,0.57,31.12,18.73,2.164,2.35,32.8,38.6,0.607,54.61,agricultural_burning
10,12,6,1,113.04,161.12,13.13,33.81,26.84,0.988,0.82,26.9,88.2,0.702,2.574,seasonal_inversion
6,5,5,1,124.35,130.4,103.16,29.32,25.14,0.61,0.6,16.0,52.6,0.954,0.284,industrial
0,7,0,0,213.68,267.9,61.05,18.24,11.46,1.129,3.39,27.2,63.6,0.798,0.299,industrial
2,3,0,0,123.51,167.68,49.93,22.28,17.42,1.003,2.03,33.9,81.1,0.737,0.446,industrial
12,10,2,0,36.89,48.96,10.14,18.33,5.72,0.292,6.8,29.5,38.1,0.754,1.808,unknown
5,1,2,0,56.78,76.48,7.29,17.42,14.1,0.908,1.23,14.3,82.1,0.743,2.391,seasonal_inversion
8,8,3,0,47.81,87.2,0.61,101.81,63.28,3.346,1.7,26.7,60.7,0.548,167.44,vehicular
9,10,2,0,126.16,311.49,9.4,38.59,18.14,2.076,4.22,24.6,32.8,0.405,4.104,agricultural_burning
17,12,5,1,206.65,292.17,15.91,19.52,10.7,2.147,1.02,35.6,54.0,0.707,1.227,agricultural_burning
16,11,3,0,224.48,332.55,3.0,29.52,16.09,2.162,2.04,38.1,32.7,0.675,9.828,agricultural_burning
20,7,3,0,68.66,119.12,8.16,116.18,70.89,2.694,1.79,27.6,53.7,0.576,14.231,vehicular
19,12,3,0,85.77,114.88,8.52,88.3,60.69,2.087,1.89,24.3,58.2,0.747,10.359,vehicular
17,2,2,0,43.71,69.48,1.22,34.55,16.04,0.614,4.71,31.7,93.2,0.629,28.395,unknown
10,6,2,0,71.7,105.76,1.45,59.31,31.12,2.095,2.11,34.8,53.7,0.678,41.021,vehicular
7,2,3,0,102.31,147.75,15.64,38.32,32.06,0.223,1.44,22.6,94.4,0.692,2.449,seasonal_inversion
1,6,4,0,137.15,133.87,56.43,23.26,11.22,1.01,2.16,20.7,80.0,1.025,0.412,industrial
13,3,4,0,211.62,370.51,2.61,17.44,10.38,1.224,4.2,34.4,36.8,0.571,6.669,agricultural_burning
9,4,6,1,83.26,210.56,6.37,21.33,11.82,1.106,3.54,27.3,49.7,0.395,3.349,agricultural_burning
7,1,0,0,74.54,91.79,11.48,16.54,10.28,0.652,1.47,22.3,78.1,0.812,1.441,seasonal_inversion
6,10,5,1,188.71,271.14,98.33,31.57,19.68,1.039,1.94,26.8,36.0,0.696,0.321,industrial
10,1,3,0,89.54,156.82,16.96,10.4,9.35,1.548,0.74,14.6,65.1,0.571,0.613,seasonal_inversion
9,4,6,1,103.31,287.34,4.01,20.21,9.97,1.39,2.03,31.0,43.3,0.36,5.042,agricultural_burning
6,10,4,0,49.39,56.13,9.32,21.78,11.91,0.637,5.25,39.1,85.2,0.88,2.337,unknown
6,11,4,0,50.19,92.53,24.36,19.17,12.42,0.995,0.03,1.1,83.3,0.542,0.787,seasonal_inversion
8,8,4,0,117.19,200.4,9.66,64.6,36.04,2.427,0.99,31.5,83.6,0.585,6.691,vehicular
10,12,4,0,159.03,225.74,12.72,15.75,8.46,1.71,1.3,31.6,15.0,0.704,1.239,agricultural_burning
7,12,2,0,127.24,131.99,4.18,24.27,15.02,0.638,0.95,20.1,82.1,0.964,5.8,seasonal_inversion
9,12,1,0,74.95,162.54,15.3,12.36,8.39,1.186,2.51,34.9,15.0,0.461,0.807,agricultural_burning
3,3,3,0,186.62,242.78,93.6,59.53,38.59,1.426,1.86,22.4,75.8,0.769,0.636,industrial
1,8,1,0,165.28,192.77,63.63,41.09,20.53,0.791,3.87,25.0,66.9,0.857,0.646,industrial
16,11,5,1,20.74,15.91,9.07,21.45,13.19,0.43,6.41,30.4,47.0,1.303,2.366,unknown
10,12,3,0,168.12,319.95,6.79,25.68,12.14,1.173,2.12,35.9,28.1,0.525,3.783,agricultural_burning
20,7,0,0,82.5,149.31,3.52,87.58,45.15,2.592,1.85,22.0,79.6,0.553,24.872,vehicular
7,11,3,0,89.88,109.8,14.25,25.76,16.81,0.903,0.2,23.4,60.8,0.819,1.808,seasonal_inversion
23,11,4,0,138.77,163.4,53.28,14.32,3.37,0.749,1.0,28.6,32.6,0.849,0.269,industrial
18,10,5,1,108.52,236.93,10.18,27.19,19.4,1.794,2.61,31.8,39.4,0.458,2.67,agricultural_burning
15,3,4,0,161.74,371.04,7.22,22.45,7.98,1.833,2.18,28.4,49.8,0.436,3.11,agricultural_burning
12,9,3,0,39.46,45.34,14.39,23.56,16.06,0.012,5.19,34.5,55.6,0.87,1.638,unknown
6,2,2,0,73.23,74.96,16.93,11.72,3.23,0.815,0.58,15.9,58.1,0.977,0.692,seasonal_inversion
7,7,6,1,39.65,49.59,2.39,16.43,12.34,0.009,1.81,23.4,62.9,0.8,6.879,unknown
9,8,0,0,79.16,150.62,4.77,119.75,75.5,4.35,0.57,27.3,55.7,0.526,25.128,vehicular
4,4,4,0,42.92,57.92,6.64,-5.22,-1.36,0.572,7.33,26.1,57.6,0.741,-0.787,unknown
9,3,0,0,90.7,227.62,6.24,15.73,11.5,1.835,3.58,37.8,37.2,0.398,2.519,agricultural_burning
10,2,4,0,71.28,126.28,11.98,16.16,8.82,0.959,0.29,17.1,89.5,0.564,1.349,seasonal_inversion
18,12,0,0,57.77,110.96,0.61,95.64,51.14,2.969,1.38,35.1,51.5,0.521,157.078,vehicular
9,10,1,0,126.32,265.14,6.19,5.09,3.14,2.417,4.35,31.6,27.7,0.476,0.823,agricultural_burning
15,3,6,1,211.45,374.76,9.62,31.49,22.66,1.844,2.48,35.1,29.7,0.564,3.272,agricultural_burning
0,10,2,0,52.53,43.68,3.37,23.01,10.86,1.053,3.98,20.7,65.3,1.203,6.829,unknown
4,7,0,0,35.5,34.47,5.3,14.11,7.98,0.451,6.58,22.1,66.9,1.03,2.661,unknown
8,3,2,0,61.97,97.75,12.73,76.06,46.56,3.939,1.36,35.3,76.9,0.634,5.976,vehicular
23,1,1,0,128.85,151.97,72.13,66.62,52.8,0.335,2.32,26.4,79.1,0.848,0.924,industrial
23,8,3,0,20.11,30.53,13.02,26.13,13.62,0.36,6.93,32.3,86.6,0.659,2.006,unknown
6,12,2,0,126.37,185.32,12.14,21.51,20.92,0.665,0.56,16.3,64.5,0.682,1.772,seasonal_inversion
20,7,3,0,72.17,122.46,8.39,111.82,82.78,1.558,2.87,26.8,43.3,0.589,13.334,vehicular
12,3,6,1,130.72,260.32,7.49,17.98,9.92,2.56,2.35,25.2,15.0,0.502,2.4,agricultural_burning
4,7,1,0,146.81,224.95,73.5,32.73,22.89,1.058,3.36,23.3,51.2,0.653,0.445,industrial
8,11,1,0,80.81,126.75,10.38,29.02,21.7,0.96,0.68,16.9,64.4,0.638,2.796,seasonal_inversion
15,7,3,0,35.03,46.28,12.71,28.88,18.26,0.128,1.33,19.1,98.0,0.757,2.271,unknown
18,12,1,0,59.12,125.18,5.28,87.39,66.0,3.041,1.66,39.3,24.8,0.472,16.541,vehicular
17,11,2,0,87.41,146.77,3.48,106.42,66.81,4.116,1.87,26.7,40.9,0.596,30.558,vehicular
8,11,2,0,61.03,91.6,4.69,114.61,51.97,2.408,1.23,28.8,44.0,0.666,24.411,vehicular
10,10,1,0,67.05,91.9,15.0,8.23,5.45,0.495,6.22,35.1,67.0,0.73,0.548,unknown
20,9,0,0,67.89,98.8,8.92,74.79,43.71,2.455,2.67,33.5,60.7,0.687,8.381,vehicular
9,11,3,0,143.57,277.94,7.64,18.51,13.53,2.038,2.82,28.8,35.9,0.517,2.423,agricultural_burning
15,4,4,0,57.71,71.0,12.5,10.65,7.88,0.485,2.09,26.3,34.3,0.813,0.852,unknown
20,5,0,0,80.82,117.44,8.28,171.49,109.45,1.441,2.72,31.0,58.6,0.688,20.714,vehicular
19,11,2,0,100.53,134.2,8.9,62.44,36.46,3.81,2.06,28.3,66.7,0.749,7.012,vehicular
5,11,6,1,119.81,140.97,57.01,36.71,30.74,0.631,0.56,20.4,64.9,0.85,0.644,industrial
5,5,2,0,23.61,33.07,0.65,3.49,0.86,0.738,2.62,20.0,52.1,0.714,5.353,unknown
7,1,3,0,107.59,208.45,0.89,102.55,67.75,1.705,1.68,27.0,56.4,0.516,115.522,vehicular
4,10,5,1,180.74,264.96,65.51,52.01,26.32,0.594,1.31,29.2,80.8,0.682,0.794,industrial
6,2,4,0,76.06,125.63,13.53,43.78,39.91,0.671,1.24,15.6,66.7,0.605,3.235,seasonal_inversion
10,11,1,0,83.32,120.81,19.02,15.51,9.68,0.526,1.17,14.3,78.8,0.69,0.815,seasonal_inversion
1,12,2,0,128.03,194.8,70.75,24.78,17.81,1.043,3.79,24.1,47.0,0.657,0.35,industrial
10,1,5,1,106.4,137.52,8.8,16.55,9.0,0.634,0.28,20.3,96.2,0.774,1.88,seasonal_inversion
18,10,0,0,165.25,356.34,10.66,14.28,10.25,2.176,4.3,30.0,29.6,0.464,1.339,agricultural_burning
14,12,0,0,81.21,211.49,7.45,28.29,15.79,2.163,3.09,34.5,42.8,0.384,3.798,agricultural_burning
9,11,4,0,119.57,162.96,11.87,36.44,30.51,0.637,0.22,21.1,74.6,0.734,3.069,seasonal_inversion
11,12,1,0,142.34,257.64,10.99,21.24,14.85,1.642,4.44,32.4,39.1,0.552,1.933,agricultural_burning
13,3,4,0,167.95,268.69,-0.39,23.36,8.58,2.09,2.96,38.2,33.2,0.625,5.0,agricultural_burning
0,6,3,0,137.98,222.57,58.09,49.05,37.88,1.4,3.94,21.0,86.1,0.62,0.844,industrial
3,6,1,0,139.34,167.28,86.34,22.89,6.41,0.991,2.72,26.3,53.9,0.833,0.265,industrial
2,9,2,0,144.16,172.52,62.24,25.81,17.45,0.918,1.95,29.5,60.3,0.836,0.415,industrial
8,6,3,0,47.98,63.82,6.81,55.9,36.18,2.893,0.56,28.8,55.5,0.752,8.209,vehicular
5,6,2,0,206.83,262.03,73.17,48.71,34.79,0.749,3.1,31.3,31.8,0.789,0.666,industrial
15,11,5,1,126.8,232.94,9.37,25.02,12.55,1.678,3.46,36.9,49.1,0.544,2.67,agricultural_burning
6,11,1,0,107.2,129.39,2.5,28.35,20.52,1.216,0.73,17.9,69.5,0.829,11.361,seasonal_inversion
11,4,5,1,100.96,214.82,15.56,10.02,5.28,2.85,1.98,30.6,42.0,0.47,0.644,agricultural_burning
11,12,5,1,173.85,321.31,15.32,22.17,8.76,2.005,4.99,32.4,27.3,0.541,1.447,agricultural_burning
6,11,3,0,125.06,163.24,93.69,25.98,18.61,0.879,2.7,33.0,59.8,0.766,0.277,industrial
9,1,5,1,88.84,134.17,16.22,30.83,18.21,0.639,0.46,19.3,70.6,0.662,1.901,seasonal_inversion
10,11,0,0,159.16,296.3,4.24,3.55,0.83,2.236,2.23,32.9,31.1,0.537,0.837,agricultural_burning
4,1,0,0,128.7,190.8,44.34,39.29,31.46,0.995,3.0,22.1,79.8,0.675,0.886,industrial
6,11,6,1,96.23,132.67,16.48,31.82,19.42,0.435,0.87,12.8,80.2,0.725,1.931,seasonal_inversion
0,2,5,1,177.97,251.84,73.63,51.08,24.76,0.51,2.8,27.9,94.7,0.707,0.694,industrial
14,5,2,0,43.48,39.35,9.17,17.71,17.12,0.459,1.27,34.0,40.8,1.105,1.932,unknown
6,6,4,0,172.28,230.08,74.82,29.22,23.48,0.757,1.36,27.3,84.2,0.749,0.391,industrial
7,1,6,1,98.84,137.27,9.65,23.41,19.81,0.851,0.71,23.9,61.0,0.72,2.427,seasonal_inversion
13,10,1,0,169.49,394.56,3.61,21.93,8.67,2.66,1.62,35.2,68.0,0.43,6.076,agricultural_burning
12,7,5,1,45.85,83.69,7.72,21.7,9.12,0.131,2.19,28.9,63.9,0.548,2.81,unknown
20,10,1,0,64.52,99.06,0.35,102.51,58.5,3.67,2.21,19.7,57.1,0.651,296.013,vehicular
23,12,5,1,211.74,224.73,67.83,31.38,24.06,0.969,0.86,29.7,36.2,0.942,0.463,industrial
9,12,6,1,150.83,295.13,4.98,17.64,6.66,1.69,1.61,31.2,40.1,0.511,3.538,agricultural_burning
9,11,3,0,61.25,63.28,4.55,30.37,12.66,0.763,0.77,18.5,63.8,0.968,6.679,seasonal_inversion
10,5,3,0,38.53,60.73,11.41,25.3,16.46,0.431,7.35,35.4,20.9,0.634,2.217,unknown
9,2,3,0,75.16,100.06,8.19,19.89,12.85,0.954,0.93,16.7,93.3,0.751,2.428,seasonal_inversion
21,10,3,0,29.3,30.63,9.67,19.56,12.86,0.623,7.36,20.8,89.8,0.957,2.023,unknown
6,11,6,1,117.49,154.3,11.57,17.25,15.54,1.121,0.63,18.7,63.6,0.761,1.491,seasonal_inversion
10,8,0,0,25.89,81.65,8.17,135.01,97.31,1.762,2.22,29.9,57.0,0.317,16.534,vehicular
10,3,5,1,222.45,360.72,3.72,23.93,10.22,1.425,1.56,28.9,54.4,0.617,6.432,agricultural_burning
3,9,5,1,168.55,290.79,78.12,65.35,37.15,0.767,2.69,32.1,100.0,0.58,0.837,industrial
19,9,1,0,40.46,40.45,6.52,102.03,68.84,2.997,2.52,33.8,39.3,1.0,15.649,vehicular
5,12,0,0,77.14,136.6,2.37,24.57,17.62,1.137,0.26,21.3,80.4,0.565,10.347,seasonal_inversion
6,4,2,0,163.56,188.1,108.09,33.96,29.56,0.82,1.3,23.5,69.1,0.87,0.314,industrial
22,5,1,0,12.96,5.9,8.36,11.53,10.26,0.691,4.22,32.2,63.9,2.195,1.38,unknown
3,3,0,0,179.21,210.21,81.73,35.58,31.42,0.144,2.4,28.1,53.1,0.853,0.435,industrial
4,4,2,0,82.15,91.12,7.46,15.66,10.62,0.472,7.18,22.2,98.0,0.902,2.099,unknown
23,10,5,1,224.11,234.28,90.59,20.28,15.93,0.32,2.31,27.1,79.5,0.957,0.224,industrial
12,9,4,0,62.87,63.51,12.45,17.77,9.41,0.754,7.49,29.2,42.3,0.99,1.427,unknown
22,8,4,0,154.86,234.9,59.74,48.1,27.81,0.701,1.8,33.1,86.3,0.659,0.805,industrial
1,7,6,1,165.5,261.54,41.99,58.77,34.43,0.507,3.84,34.2,34.6,0.633,1.399,industrial
22,11,0,0,119.62,185.0,72.82,40.5,24.84,0.898,0.86,32.3,59.0,0.647,0.556,industrial
6,9,0,0,138.86,167.87,73.56,24.47,12.38,0.779,3.7,25.9,57.8,0.827,0.333,industrial
7,2,4,0,76.91,101.29,7.0,87.79,57.27,3.598,1.53,32.0,60.5,0.759,12.547,vehicular
6,12,2,0,201.98,256.76,52.86,20.37,15.63,0.613,4.0,29.3,59.8,0.787,0.385,industrial
16,11,6,1,24.58,42.32,2.29,8.3,5.77,0.473,5.27,37.8,71.7,0.581,3.63,unknown
6,11,0,0,132.3,229.87,5.69,28.94,16.96,0.936,1.43,21.0,91.7,0.576,5.09,seasonal_inversion
17,2,2,0,51.46,82.15,5.76,95.11,55.27,1.045,0.8,37.4,76.2,0.626,16.505,vehicular
9,11,0,0,256.14,412.21,6.77,23.7,10.78,1.914,2.0,36.4,60.6,0.621,3.501,agricultural_burning
6,10,3,0,119.15,160.95,69.17,5.49,-0.39,0.958,3.6,41.1,60.0,0.74,0.079,industrial
6,12,5,1,105.91,119.98,18.47,37.08,23.39,0.818,1.22,21.8,66.0,0.883,2.007,seasonal_inversion
7,4,2,0,50.53,48.6,9.53,62.23,35.41,2.832,2.43,28.1,74.1,1.04,6.532,vehicular
6,8,2,0,186.26,262.83,75.75,34.66,17.63,0.555,3.67,33.1,66.1,0.709,0.458,industrial
14,11,2,0,98.06,235.03,14.95,13.86,9.66,2.048,2.89,38.5,28.7,0.417,0.927,agricultural_burning
19,4,3,0,35.91,44.77,9.38,109.3,76.77,4.447,1.17,34.6,62.7,0.802,11.649,vehicular
6,11,0,0,103.56,140.21,3.8,9.08,9.69,0.721,0.2,29.8,65.9,0.739,2.393,seasonal_inversion
16,2,4,0,47.21,74.08,12.06,9.65,-0.07,0.255,7.74,27.5,50.0,0.637,0.8,unknown
14,12,6,1,86.41,226.55,13.91,21.33,17.64,1.291,1.59,29.8,71.3,0.381,1.533,agricultural_burning
5,9,2,0,169.81,189.81,86.72,50.2,32.04,1.101,2.65,37.5,68.4,0.895,0.579,industrial
6,1,1,0,100.32,144.84,8.03,39.94,36.22,1.011,0.86,18.0,78.5,0.693,4.973,seasonal_inversion
14,12,2,0,201.38,351.65,12.12,35.75,21.04,0.972,3.23,31.1,47.5,0.573,2.951,agricultural_burning
14,4,5,1,143.44,228.98,11.98,18.49,10.06,1.986,2.9,19.7,39.6,0.626,1.543,agricultural_burning
19,8,1,0,109.89,159.58,3.17,82.64,42.83,2.117,0.59,25.7,62.2,0.689,26.032,vehicular
16,6,3,0,80.37,130.1,15.66,24.7,9.5,0.289,1.09,18.0,71.6,0.618,1.577,unknown
14,3,4,0,104.12,265.87,9.05,32.0,21.32,2.019,3.37,24.4,45.7,0.392,3.535,agricultural_burning
21,11,1,0,29.26,54.76,8.73,33.91,24.69,0.491,1.3,25.9,69.2,0.534,3.884,unknown
9,2,1,0,114.43,179.43,16.07,13.67,7.01,1.139,0.75,11.2,94.9,0.638,0.851,seasonal_inversion
12,5,0,0,52.46,71.2,5.91,13.17,9.65,0.119,6.68,25.7,43.9,0.737,2.227,unknown
8,8,4,0,23.06,17.56,3.72,20.37,15.9,0.528,5.41,18.8,77.0,1.313,5.477,unknown
17,10,1,0,70.35,146.32,8.05,86.22,51.89,1.92,1.79,33.4,47.0,0.481,10.717,vehicular
7,6,1,0,45.63,59.15,9.33,107.34,52.59,2.358,1.04,28.5,56.3,0.771,11.507,vehicular
6,11,3,0,147.38,206.56,41.94,29.76,20.87,0.635,1.11,26.5,63.1,0.713,0.71,industrial
18,3,0,0,197.84,305.64,6.61,23.63,10.31,2.408,3.94,38.5,64.6,0.647,3.574,agricultural_burning
9,12,3,0,69.12,131.33,5.21,15.09,16.19,1.125,1.39,25.5,91.2,0.526,2.893,seasonal_inversion
10,12,6,1,93.29,152.19,15.32,35.24,25.48,0.474,1.08,23.2,86.6,0.613,2.3,seasonal_inversion
3,2,2,0,189.2,242.66,38.21,24.75,25.49,1.148,3.26,30.1,65.2,0.78,0.648,industrial
10,1,6,1,44.13,48.39,10.82,28.6,17.91,0.796,1.45,23.2,60.9,0.912,2.643,seasonal_inversion
9,10,0,0,126.3,209.75,15.47,22.28,10.4,2.354,2.79,31.7,56.5,0.602,1.44,agricultural_burning
2,8,1,0,142.66,220.89,49.91,52.5,38.65,0.515,3.95,22.5,47.7,0.646,1.052,industrial
8,1,3,0,36.21,28.04,-0.61,16.87,7.68,0.55,7.88,24.8,60.3,1.291,5.0,unknown
10,11,2,0,50.57,72.52,1.54,5.21,-0.02,0.215,6.6,18.4,70.9,0.697,3.382,unknown
10,4,2,0,137.09,253.89,8.1,19.54,15.72,0.91,4.09,31.1,50.1,0.54,2.412,agricultural_burning
15,4,0,0,147.37,329.04,7.36,35.26,15.44,1.482,4.72,27.6,83.3,0.448,4.79,agricultural_burning
5,12,5,1,82.42,123.34,9.11,36.54,27.64,0.589,0.91,31.8,73.5,0.668,4.011,seasonal_inversion
17,10,1,0,120.81,249.22,6.38,81.77,43.93,1.974,2.57,26.7,61.4,0.485,12.825,vehicular
0,3,3,0,46.86,70.28,16.74,29.46,24.96,0.606,1.6,29.2,67.8,0.667,1.76,unknown
7,4,0,0,80.88,105.28,3.33,70.3,54.72,3.999,0.52,36.5,69.9,0.768,21.126,vehicular
4,2,6,1,222.71,229.46,83.5,32.36,26.51,1.424,3.12,36.2,71.0,0.971,0.388,industrial
8,2,3,0,91.52,100.04,14.16,17.73,9.22,0.547,0.41,16.4,51.3,0.915,1.251,seasonal_inversion
6,11,1,0,47.61,76.56,21.35,31.73,25.8,1.12,1.42,13.1,91.2,0.622,1.486,seasonal_inversion
13,10,2,0,165.93,379.95,3.31,14.82,11.79,2.786,4.08,30.0,46.2,0.437,4.48,agricultural_burning
16,6,0,0,47.9,81.04,16.14,6.76,5.6,0.952,7.52,30.8,72.7,0.591,0.419,unknown
18,12,2,0,147.34,245.18,12.29,34.87,18.8,2.254,2.03,29.9,48.4,0.601,2.837,agricultural_burning
2,3,2,0,187.52,288.49,67.94,24.67,13.36,0.708,2.95,32.3,65.2,0.65,0.363,industrial
10,2,3,0,105.63,112.94,17.35,45.8,29.49,0.73,1.19,13.9,62.4,0.935,2.639,seasonal_inversion
17,8,2,0,54.86,94.36,4.12,67.51,36.63,2.363,2.47,37.7,58.0,0.581,16.395,vehicular
5,12,3,0,100.08,122.23,16.43,3.62,0.78,1.105,0.03,9.3,88.5,0.819,0.221,seasonal_inversion
0,3,0,0,173.54,245.69,64.63,23.18,17.88,0.761,0.67,30.0,70.5,0.706,0.359,industrial
17,4,2,0,96.21,203.74,11.06,86.16,55.48,3.834,1.8,35.3,62.3,0.472,7.792,vehicular
6,11,6,1,75.95,114.61,11.72,-5.09,0.09,1.186,0.38,24.9,66.2,0.663,-0.434,seasonal_inversion
14,3,6,1,120.94,293.79,10.9,17.3,11.93,2.24,1.29,33.2,36.3,0.412,1.587,agricultural_burning
23,1,4,0,155.21,192.54,72.25,13.57,8.32,0.555,3.52,25.5,68.1,0.806,0.188,industrial
14,12,0,0,189.37,348.16,7.73,29.29,17.62,1.843,2.16,49.3,64.5,0.544,3.788,agricultural_burning
0,9,6,1,202.13,275.76,74.88,27.94,21.85,0.799,1.4,29.4,74.3,0.733,0.373,industrial
2,1,2,0,164.42,165.35,82.1,39.4,16.36,1.077,3.38,31.4,80.8,0.994,0.48,industrial
5,11,1,0,79.49,96.71,5.88,24.53,15.47,1.084,0.62,22.0,64.4,0.822,4.175,seasonal_inversion
9,2,3,0,103.71,156.52,4.68,138.33,99.7,2.956,0.84,30.4,64.1,0.663,29.556,vehicular
22,10,0,0,165.98,228.33,64.25,43.09,22.31,0.802,2.74,33.4,55.0,0.727,0.671,industrial
6,6,0,0,17.11,8.0,1.17,11.73,1.36,0.666,6.38,32.9,49.3,2.138,9.994,unknown
15,3,5,1,194.57,309.11,9.0,24.51,9.23,1.726,4.02,23.6,39.8,0.629,2.724,agricultural_burning
22,1,2,0,179.5,209.1,44.7,37.51,26.75,0.802,1.81,22.3,87.3,0.858,0.839,industrial
9,11,0,0,145.35,268.6,4.56,28.9,17.5,2.726,4.35,39.1,37.3,0.541,6.34,agricultural_burning
14,12,1,0,141.76,244.93,0.28,28.79,13.88,1.428,4.32,37.9,42.5,0.579,101.887,agricultural_burning
3,8,1,0,108.93,127.83,72.08,53.28,30.49,0.778,3.66,30.2,66.4,0.852,0.739,industrial
8,7,2,0,92.74,124.62,8.0,96.57,63.72,0.654,2.56,25.1,58.6,0.744,12.066,vehicular
7,2,0,0,141.09,176.41,14.1,22.39,13.05,0.398,0.8,18.2,79.4,0.8,1.588,seasonal_inversion
19,8,3,0,38.98,38.67,2.61,44.86,25.21,0.361,1.65,25.7,61.5,1.008,17.165,unknown
6,2,3,0,164.53,219.95,73.62,39.8,22.44,0.752,2.13,20.5,74.4,0.748,0.541,industrial
11,4,2,0,242.18,392.53,4.89,17.75,9.68,1.453,2.44,37.1,36.8,0.617,3.629,agricultural_burning
12,2,2,0,37.78,52.83,16.74,21.37,11.3,0.31,7.53,35.0,52.2,0.715,1.276,unknown
7,11,5,1,68.43,84.09,12.96,36.46,22.96,0.988,1.1,19.0,82.6,0.814,2.813,seasonal_inversion
20,7,4,0,91.1,124.92,4.59,79.97,44.34,3.031,1.48,25.7,74.4,0.729,17.43,vehicular
18,4,6,1,184.46,239.24,7.45,18.89,11.4,2.197,3.84,26.4,55.3,0.771,2.534,agricultural_burning
18,3,2,0,96.91,134.23,6.16,96.98,50.87,2.944,1.32,34.5,45.4,0.722,15.734,vehicular
23,1,5,1,36.46,49.26,3.67,23.45,11.75,0.497,4.59,28.8,36.6,0.74,6.396,unknown
6,11,2,0,120.56,172.65,13.2,44.01,24.22,0.567,0.71,13.3,82.4,0.698,3.335,seasonal_inversion
13,5,4,0,21.35,33.81,10.82,48.03,18.87,0.61,6.37,29.3,64.0,0.632,4.441,unknown
10,10,1,0,244.43,332.67,9.72,36.04,22.15,1.671,4.4,31.8,38.4,0.735,3.706,agricultural_burning
6,3,4,0,171.61,183.24,87.17,58.24,33.36,0.735,2.2,34.1,83.3,0.937,0.668,industrial
20,3,6,1,66.73,73.59,13.96,21.82,6.4,0.596,2.17,31.1,43.8,0.907,1.564,unknown
8,12,1,0,70.1,91.66,4.96,21.45,7.52,0.713,0.59,14.0,77.2,0.765,4.326,seasonal_inversion
14,10,6,1,172.95,337.67,15.98,28.07,18.19,1.627,3.94,37.1,39.4,0.512,1.757,agricultural_burning
12,3,6,1,178.24,373.49,14.38,16.18,6.7,0.861,2.13,26.1,55.6,0.477,1.125,agricultural_burning
9,12,6,1,111.32,185.91,11.25,18.99,10.47,1.993,3.66,36.1,48.2,0.599,1.688,agricultural_burning
8,10,1,0,70.53,120.81,5.2,111.09,53.54,2.536,1.45,23.7,69.3,0.584,21.345,vehicular
9,9,5,1,42.38,50.54,7.01,13.73,8.85,0.479,7.87,35.2,47.3,0.839,1.959,unknown
6,1,5,1,95.45,109.19,9.18,39.56,18.59,0.619,0.16,23.2,76.3,0.874,4.309,seasonal_inversion
1,11,1,0,57.22,86.09,12.87,5.92,5.45,0.55,5.96,41.4,48.9,0.665,0.46,unknown
22,6,1,0,123.17,158.14,59.87,15.62,12.12,1.723,0.74,29.0,76.1,0.779,0.261,industrial
10,10,2,0,86.24,195.96,0.55,12.69,4.62,1.505,3.81,32.0,68.4,0.44,23.135,agricultural_burning
7,12,6,1,129.97,195.11,0.57,11.91,10.72,0.927,0.24,18.4,71.9,0.666,20.737,seasonal_inversion
14,4,3,0,233.27,314.78,4.21,13.24,4.65,2.84,1.31,44.0,63.4,0.741,3.143,agricultural_burning
17,9,1,0,71.67,66.29,9.16,88.34,69.36,1.938,0.99,30.6,57.7,1.081,9.645,vehicular
22,12,4,0,174.97,277.25,62.48,31.83,17.97,0.777,3.98,27.8,58.4,0.631,0.509,industrial
6,12,3,0,116.48,186.36,7.58,36.54,24.32,1.095,1.09,16.3,68.1,0.625,4.818,seasonal_inversion
8,9,4,0,66.42,103.7,5.46,51.12,46.11,2.208,2.62,25.9,64.1,0.641,9.354,vehicular
2,6,4,0,173.69,221.65,108.72,49.41,29.21,0.82,0.73,36.2,66.2,0.784,0.454,industrial
1,5,0,0,124.72,169.15,58.78,20.33,20.44,0.712,2.55,15.1,66.2,0.737,0.346,industrial
10,11,5,1,230.36,453.34,7.25,25.32,16.13,2.278,3.53,35.7,41.1,0.508,3.493,agricultural_burning
8,11,3,0,63.91,71.12,18.02,34.59,28.75,0.765,1.43,12.5,95.6,0.899,1.919,seasonal_inversion
5,12,5,1,63.05,82.19,13.89,19.17,11.69,0.963,0.98,14.3,78.0,0.767,1.38,seasonal_inversion
10,12,0,0,215.24,376.67,8.9,16.73,6.04,1.498,4.57,30.1,35.7,0.571,1.881,agricultural_burning
18,12,4,0,85.94,224.63,9.1,25.76,13.16,0.404,3.62,31.0,42.8,0.383,2.831,agricultural_burning
9,5,3,0,60.78,71.8,3.51,77.38,47.64,0.637,1.35,32.3,76.3,0.847,22.068,vehicular
22,4,3,0,43.99,82.54,9.72,10.05,8.7,0.473,2.94,26.1,87.7,0.533,1.034,unknown
7,1,3,0,111.9,172.98,14.47,101.27,56.35,3.549,2.41,26.0,63.8,0.647,6.999,vehicular
10,3,5,1,236.08,329.44,8.91,22.73,8.99,1.287,1.44,16.3,50.8,0.717,2.552,agricultural_burning
6,4,0,0,163.61,223.28,54.17,46.7,36.24,0.988,2.4,26.2,86.9,0.733,0.862,industrial
15,6,3,0,24.89,42.07,7.39,10.55,11.65,0.283,3.09,33.0,78.2,0.592,1.428,unknown
2,10,1,0,239.28,318.11,94.16,42.28,24.69,0.837,1.77,26.9,75.1,0.752,0.449,industrial
15,4,0,0,179.48,298.62,4.49,24.68,9.6,0.964,3.92,35.5,36.4,0.601,5.499,agricultural_burning
9,1,2,0,132.5,162.1,17.57,6.84,5.52,0.841,0.64,29.0,55.1,0.817,0.389,seasonal_inversion
7,11,6,1,95.95,121.14,12.53,14.07,10.65,1.344,0.19,21.8,85.8,0.792,1.123,seasonal_inversion
10,12,3,0,101.72,243.24,9.53,4.5,1.14,1.899,1.8,30.6,19.7,0.418,0.472,agricultural_burning
13,11,3,0,115.86,232.75,4.57,8.72,5.31,2.189,4.48,31.6,30.8,0.498,1.908,agricultural_burning
7,6,4,0,79.22,120.74,4.35,85.34,53.38,4.414,2.31,27.8,60.2,0.656,19.639,vehicular
5,9,2,0,63.07,77.42,9.63,4.2,4.64,0.695,5.59,26.1,55.2,0.815,0.437,unknown
20,3,6,1,40.36,77.88,7.51,19.32,12.25,0.615,6.11,23.2,65.1,0.518,2.573,unknown
14,10,1,0,62.12,168.94,18.97,27.44,14.4,2.094,1.13,28.4,24.7,0.368,1.446,agricultural_burning
14,10,1,0,138.37,235.98,3.29,26.47,13.21,1.457,1.99,26.5,38.6,0.586,8.053,agricultural_burning
18,3,6,1,22.05,16.52,13.61,13.39,8.45,0.731,6.42,18.7,45.5,1.335,0.984,unknown
9,12,2,0,79.88,94.78,6.49,39.5,29.82,1.22,0.49,18.8,58.7,0.843,6.089,seasonal_inversion
1,5,2,0,148.63,177.33,66.3,25.54,18.69,0.767,2.73,28.5,70.4,0.838,0.385,industrial
10,11,4,0,94.24,133.79,1.58,68.87,44.98,2.377,2.81,20.8,39.1,0.704,43.677,vehicular
7,2,6,1,109.29,159.72,10.0,15.54,11.71,0.155,0.1,15.6,63.1,0.684,1.555,seasonal_inversion
0,11,3,0,163.18,183.82,105.24,58.55,33.74,0.639,1.02,31.0,58.6,0.888,0.556,industrial
10,12,0,0,64.38,68.0,12.95,26.53,13.46,0.786,1.11,21.9,73.2,0.947,2.049,seasonal_inversion
4,8,4,0,71.65,72.08,4.59,18.12,12.3,0.555,6.73,45.2,44.0,0.994,3.948,unknown
8,7,3,0,43.09,78.6,4.33,72.93,48.59,2.901,0.84,35.8,37.5,0.548,16.842,vehicular
17,12,4,0,37.84,26.48,6.39,15.37,13.58,0.741,4.59,36.8,78.6,1.429,2.405,unknown
9,7,1,0,58.13,87.33,7.49,186.3,99.83,2.179,1.58,34.2,64.7,0.666,24.879,vehicular
8,8,2,0,57.26,128.0,6.55,48.06,26.2,1.383,1.74,29.4,62.1,0.447,7.343,vehicular
22,5,3,0,206.36,287.48,59.34,22.13,16.08,1.027,3.42,18.7,45.2,0.718,0.373,industrial
17,9,3,0,91.84,198.03,4.48,68.74,56.27,2.982,0.61,31.1,62.8,0.464,15.352,vehicular
21,1,6,1,51.16,70.71,5.54,24.85,19.74,0.128,5.4,23.4,55.1,0.724,4.487,unknown
1,5,3,0,168.04,207.24,50.2,10.02,10.85,1.216,2.17,27.7,47.4,0.811,0.2,industrial
16,10,6,1,174.09,238.91,9.97,20.1,5.56,2.599,1.93,33.9,42.7,0.729,2.016,agricultural_burning
2,9,5,1,33.4,31.95,14.99,6.28,3.32,0.339,7.82,40.2,27.0,1.045,0.419,unknown
19,3,2,0,25.46,24.14,14.31,10.03,2.68,0.663,3.0,33.2,47.5,1.055,0.701,unknown
19,4,2,0,125.41,212.89,6.53,98.01,56.59,1.295,1.04,24.9,72.5,0.589,15.002,vehicular
8,11,6,1,133.54,230.23,21.42,21.01,17.25,0.637,0.83,16.8,88.2,0.58,0.981,seasonal_inversion
20,11,4,0,93.32,103.62,1.36,90.28,76.94,3.247,1.12,35.2,56.0,0.901,66.605,vehicular
7,11,2,0,121.31,174.34,16.86,48.81,40.96,0.469,1.1,17.4,81.6,0.696,2.895,seasonal_inversion
9,9,0,0,40.8,54.65,1.46,38.45,19.25,0.729,1.01,41.4,61.7,0.747,26.286,unknown
17,11,3,0,181.52,408.7,8.54,21.21,16.9,2.401,1.85,33.8,59.0,0.444,2.485,agricultural_burning
7,11,0,0,41.36,51.09,16.74,10.59,8.29,0.283,2.76,16.4,95.8,0.81,0.633,unknown
22,12,1,0,187.02,233.77,59.57,29.41,19.52,0.893,3.08,30.5,84.3,0.8,0.494,industrial
2,7,0,0,28.88,38.19,3.32,13.78,8.98,0.153,1.67,21.6,57.1,0.756,4.145,unknown
1,11,3,0,111.87,129.34,84.66,42.73,25.99,0.732,3.87,29.2,81.9,0.865,0.505,industrial
11,3,1,0,119.04,183.21,18.34,23.66,7.9,2.146,3.15,32.9,56.9,0.65,1.29,agricultural_burning
6,1,1,0,82.41,135.51,15.48,9.11,4.7,0.913,1.3,21.9,78.6,0.608,0.589,seasonal_inversion
13,11,5,1,142.93,244.49,11.28,10.94,4.91,0.92,1.8,44.1,56.2,0.585,0.97,agricultural_burning
6,1,3,0,76.84,122.65,15.69,26.45,16.65,0.997,0.67,15.5,42.8,0.627,1.686,seasonal_inversion
14,5,4,0,29.07,45.68,12.12,8.74,4.0,0.618,5.47,29.1,81.5,0.636,0.721,unknown
9,5,6,1,50.79,69.1,7.82,28.42,22.29,0.586,3.39,26.6,66.2,0.735,3.635,unknown
7,9,3,0,33.83,60.06,11.01,111.11,74.08,3.314,2.75,32.0,80.1,0.563,10.088,vehicular
14,4,3,0,109.44,205.55,11.27,11.8,7.37,2.415,2.47,36.8,63.0,0.532,1.047,agricultural_burning
13,5,4,0,8.58,14.57,7.32,26.47,18.44,0.431,3.76,35.0,95.0,0.589,3.615,unknown
7,6,1,0,82.59,109.7,2.93,93.05,49.29,3.455,1.05,35.2,41.9,0.753,31.785,vehicular
22,5,4,0,168.71,232.35,86.3,19.9,14.41,0.765,3.0,22.0,41.2,0.726,0.231,industrial
19,3,1,0,77.05,161.77,-0.1,99.72,60.9,1.746,0.71,25.8,54.6,0.476,5.0,vehicular
2,1,5,1,194.78,251.83,87.55,54.57,29.76,0.908,3.83,37.2,73.1,0.773,0.623,industrial
22,7,5,1,170.02,179.45,73.02,27.9,18.74,0.833,3.45,29.6,65.7,0.947,0.382,industrial
5,7,3,0,197.69,239.87,89.84,46.66,26.7,1.375,1.02,19.8,57.1,0.824,0.519,industrial
14,12,5,1,181.9,291.36,5.04,13.58,2.33,2.565,3.63,30.1,42.5,0.624,2.696,agricultural_burning
6,1,5,1,136.11,194.07,95.04,43.13,33.6,0.484,3.98,28.1,63.6,0.701,0.454,industrial
8,2,1,0,97.78,153.94,12.03,22.88,15.18,0.67,0.86,22.4,69.8,0.635,1.901,seasonal_inversion
6,2,0,0,77.15,93.78,9.65,27.45,20.86,0.523,0.91,18.5,50.0,0.823,2.845,seasonal_inversion
18,10,1,0,148.04,301.14,9.53,56.54,34.88,3.178,0.8,30.7,66.5,0.492,5.93,vehicular
8,6,3,0,52.3,92.7,10.56,93.0,83.9,4.037,0.93,26.6,33.9,0.564,8.811,vehicular
8,9,0,0,104.74,162.53,5.99,83.17,36.17,3.454,2.47,26.3,42.7,0.644,13.88,vehicular
19,4,3,0,16.63,8.99,9.84,26.47,18.67,0.736,4.96,35.9,60.9,1.851,2.69,unknown
17,4,0,0,89.04,233.97,8.7,16.72,7.89,1.846,2.45,26.8,41.9,0.381,1.921,agricultural_burning
18,12,6,1,153.77,295.83,10.75,14.65,7.73,1.759,3.33,29.3,42.5,0.52,1.362,agricultural_burning
1,11,1,0,130.52,194.97,60.24,19.49,12.73,0.304,1.03,33.0,65.9,0.669,0.323,industrial
9,2,0,0,125.92,179.69,16.65,25.71,14.01,0.869,0.43,13.2,79.7,0.701,1.544,seasonal_inversion
22,7,0,0,24.36,7.55,6.76,9.5,4.35,0.755,5.58,31.5,65.0,3.228,1.404,unknown
10,3,1,0,71.22,95.0,11.49,32.0,20.4,0.88,3.84,32.3,70.2,0.75,2.786,unknown
9,2,2,0,97.68,137.7,17.28,32.16,14.45,1.123,0.59,27.1,73.4,0.709,1.861,seasonal_inversion
16,3,6,1,148.88,292.43,11.47,13.89,4.77,1.533,3.71,28.0,27.6,0.509,1.211,agricultural_burning
4,6,3,0,144.39,201.79,99.5,13.36,6.44,0.264,1.13,21.3,52.0,0.716,0.134,industrial
8,12,2,0,88.88,115.6,23.97,34.36,20.68,1.016,1.48,17.9,73.9,0.769,1.434,seasonal_inversion
6,12,0,0,127.47,187.88,15.76,57.12,35.92,0.626,0.41,9.6,72.2,0.678,3.624,seasonal_inversion
8,11,0,0,93.42,154.94,19.81,17.07,6.11,0.409,0.8,23.3,91.9,0.603,0.862,seasonal_inversion
18,4,5,1,133.75,263.68,7.9,27.53,15.42,1.341,1.01,20.3,46.7,0.507,3.485,agricultural_burning
23,11,3,0,34.46,62.34,8.84,14.57,10.86,0.383,1.31,36.9,67.7,0.553,1.648,unknown
5,6,6,1,167.61,225.91,85.15,54.5,28.0,0.248,1.78,24.6,96.1,0.742,0.64,industrial
20,4,4,0,19.34,19.49,6.39,7.04,-0.6,0.454,7.75,29.8,98.0,0.992,1.101,unknown
6,5,4,0,18.31,5.87,9.97,5.43,2.18,0.66,1.92,37.0,54.9,3.12,0.545,unknown
2,10,3,0,13.31,19.15,5.63,26.72,8.6,0.18,7.76,35.3,43.2,0.695,4.747,unknown
4,5,5,1,31.6,48.04,16.36,7.41,5.22,0.681,3.63,25.5,44.4,0.658,0.453,unknown
19,5,2,0,45.84,73.46,6.7,64.21,32.54,2.921,0.51,26.8,56.2,0.624,9.582,vehicular
1,8,5,1,12.13,18.07,12.05,19.63,7.67,0.531,4.49,25.1,68.0,0.671,1.628,unknown
10,1,3,0,57.56,82.36,2.51,14.2,4.5,0.414,5.26,29.1,32.3,0.699,5.656,unknown
6,11,3,0,125.07,194.74,23.76,24.11,13.75,0.805,0.57,19.9,95.9,0.642,1.015,seasonal_inversion
17,10,3,0,201.31,304.77,13.8,11.02,8.12,1.081,3.3,25.4,15.0,0.661,0.799,agricultural_burning
5,3,5,1,45.78,69.47,7.75,10.39,4.79,0.729,4.31,40.7,54.8,0.659,1.341,unknown
10,9,3,0,55.14,104.29,10.66,58.07,44.83,2.358,2.06,30.4,67.2,0.529,5.446,vehicular
4,10,2,0,196.1,235.96,62.73,48.65,23.74,0.769,1.61,26.1,57.0,0.831,0.776,industrial
18,5,1,0,101.26,154.8,7.53,95.16,57.22,1.746,1.57,31.4,64.4,0.654,12.632,vehicular
10,9,4,0,60.06,98.66,9.05,108.28,68.67,2.743,1.55,36.4,50.3,0.609,11.968,vehicular
13,3,3,0,148.1,319.54,3.83,31.1,16.32,3.056,4.97,35.3,46.7,0.463,8.128,agricultural_burning
5,11,1,0,59.32,98.65,9.99,28.67,15.79,0.953,0.91,21.0,62.7,0.601,2.869,seasonal_inversion
6,2,0,0,132.02,211.62,6.19,39.71,20.27,0.797,0.26,11.0,66.9,0.624,6.418,seasonal_inversion
9,1,4,0,111.83,136.43,14.78,4.99,5.14,1.009,0.08,18.7,63.2,0.82,0.338,seasonal_inversion
11,3,0,0,141.47,288.63,3.11,26.06,12.23,1.081,4.72,34.9,55.5,0.49,8.378,agricultural_burning
7,11,1,0,110.62,169.9,18.69,35.39,22.38,0.461,0.16,17.1,58.2,0.651,1.894,seasonal_inversion
17,3,1,0,178.89,375.02,8.13,0.78,-0.77,1.656,2.3,30.0,65.6,0.477,0.096,agricultural_burning
9,2,6,1,109.49,175.48,10.11,17.86,14.52,0.951,0.97,17.2,96.8,0.624,1.766,seasonal_inversion
8,1,5,1,132.75,152.92,16.84,32.42,19.98,0.531,0.85,22.4,71.8,0.868,1.925,seasonal_inversion
6,1,0,0,89.66,130.36,7.15,24.16,15.08,1.17,0.36,23.7,76.9,0.688,3.378,seasonal_inversion
17,6,2,0,34.89,37.27,6.39,22.24,17.64,0.493,6.49,34.9,48.4,0.936,3.478,unknown
6,3,6,1,57.63,79.07,10.94,2.45,0.75,0.528,2.18,33.4,57.5,0.729,0.224,unknown
23,11,5,1,48.99,62.23,9.09,15.71,11.79,0.3,3.85,23.0,54.3,0.787,1.729,unknown
20,9,0,0,67.2,109.94,1.04,99.53,64.37,2.763,2.79,33.9,40.0,0.611,95.588,vehicular
12,3,5,1,136.05,257.84,5.1,17.54,9.3,1.662,2.79,30.7,40.6,0.528,3.44,agricultural_burning
5,9,1,0,170.2,255.93,111.09,40.83,25.69,0.577,1.72,29.4,48.9,0.665,0.368,industrial
14,3,2,0,168.92,384.72,12.35,16.29,8.22,0.947,3.21,34.4,40.3,0.439,1.319,agricultural_burning
22,10,2,0,74.81,98.05,9.0,15.15,12.36,0.415,3.76,25.9,90.3,0.763,1.683,unknown
10,3,4,0,28.78,93.24,7.18,128.84,84.52,3.095,1.45,35.1,54.8,0.309,17.935,vehicular
13,4,0,0,232.05,389.98,6.56,21.25,10.7,0.494,1.67,34.2,43.6,0.595,3.238,agricultural_burning
22,6,1,0,-3.55,-2.31,9.98,31.36,19.36,0.5,3.16,34.1,63.9,0.5,3.143,unknown
9,10,6,1,183.04,315.05,0.63,22.99,18.14,2.752,2.84,29.5,48.0,0.581,36.575,agricultural_burning
1,1,4,0,159.55,207.99,59.31,76.4,47.89,0.661,2.88,25.5,32.4,0.767,1.288,industrial
10,6,0,0,62.64,111.59,1.51,112.58,67.57,1.67,2.11,26.5,54.1,0.561,74.71,vehicular
5,1,3,0,40.62,55.78,5.81,29.68,10.74,0.324,1.19,20.1,62.2,0.728,5.105,seasonal_inversion
6,1,2,0,79.27,132.54,7.64,15.22,12.68,1.133,0.25,18.2,89.7,0.598,1.992,seasonal_inversion
17,7,0,0,67.63,95.68,9.7,90.05,67.01,2.381,0.61,37.3,31.3,0.707,9.282,vehicular
1,3,5,1,33.67,39.06,15.85,23.51,9.54,0.591,6.0,30.2,28.7,0.862,1.483,unknown
10,10,1,0,65.01,100.96,0.61,62.35,39.73,2.558,2.81,21.4,57.4,0.644,102.877,vehicular
12,10,5,1,197.71,322.38,6.15,17.93,7.82,1.552,1.3,30.1,51.4,0.613,2.914,agricultural_burning
2,8,0,0,191.25,268.36,87.25,18.77,14.15,0.365,3.48,27.7,74.9,0.713,0.215,industrial
17,3,0,0,239.63,331.38,8.9,19.82,11.63,2.365,4.58,39.3,63.7,0.723,2.227,agricultural_burning
23,9,6,1,53.7,73.49,10.9,48.0,27.24,0.417,3.11,30.3,76.3,0.731,4.405,unknown
4,9,2,0,172.52,179.79,55.22,54.24,31.6,1.097,3.68,34.0,80.5,0.96,0.982,industrial
6,12,5,1,51.53,79.45,27.92,34.69,15.08,1.345,0.08,17.5,40.0,0.649,1.243,seasonal_inversion
8,11,6,1,61.77,62.83,11.86,28.08,22.07,0.787,2.14,29.5,76.7,0.983,2.366,unknown
8,11,1,0,61.92,88.09,8.13,52.59,44.57,1.345,0.81,32.6,47.4,0.703,6.466,vehicular
19,12,4,0,70.34,152.56,5.66,57.68,36.07,2.685,0.87,29.9,55.2,0.461,10.193,vehicular
23,6,1,0,43.06,48.81,14.73,15.42,10.76,0.537,5.81,31.1,85.3,0.882,1.047,unknown
22,12,0,0,72.23,126.9,75.47,40.11,21.43,1.384,3.26,28.5,63.7,0.569,0.532,industrial
22,4,4,0,35.03,44.85,10.26,23.15,10.49,0.376,1.68,14.9,65.3,0.781,2.256,unknown
12,10,2,0,83.15,192.86,14.77,28.1,16.29,1.811,4.3,35.7,52.3,0.431,1.902,agricultural_burning
20,5,1,0,29.93,37.68,6.53,124.24,83.33,2.947,2.16,33.9,69.0,0.794,19.014,vehicular
5,2,1,0,65.62,115.74,2.06,24.1,19.49,0.803,1.47,8.9,79.0,0.567,11.722,seasonal_inversion
5,1,0,0,69.47,109.29,2.27,29.97,19.04,0.546,5.06,29.8,61.2,0.636,13.195,unknown
16,1,6,1,38.42,48.26,10.67,26.84,21.02,0.603,4.03,23.2,65.6,0.796,2.515,unknown
5,8,1,0,182.48,145.4,100.9,27.84,26.55,0.607,1.44,24.2,63.4,1.255,0.276,industrial
7,7,0,0,36.83,33.02,10.21,30.18,18.99,0.74,6.11,33.9,41.9,1.115,2.957,unknown
16,9,6,1,20.41,27.73,10.61,9.31,8.09,0.556,6.03,43.9,77.6,0.736,0.878,unknown
7,2,1,0,91.85,102.68,16.61,20.66,6.4,0.706,0.19,16.6,83.6,0.895,1.244,seasonal_inversion
10,12,4,0,88.6,160.2,9.65,25.75,14.71,0.968,0.1,18.0,64.1,0.553,2.667,seasonal_inversion
8,3,1,0,99.96,194.21,3.88,139.35,97.17,3.412,2.91,32.7,65.5,0.515,35.872,vehicular
20,9,6,1,26.93,51.22,10.14,13.06,7.97,0.585,5.75,24.6,60.0,0.526,1.289,unknown
7,8,4,0,57.77,126.7,2.03,103.95,57.41,2.295,1.34,32.4,45.6,0.456,51.229,vehicular
1,11,6,1,132.01,147.47,64.73,17.3,8.57,0.635,3.75,28.2,45.0,0.895,0.267,industrial
5,12,4,0,155.11,225.85,95.49,44.8,30.98,0.872,2.35,29.1,51.8,0.687,0.469,industrial
8,11,5,1,102.14,123.13,14.21,13.78,11.42,0.054,0.55,30.4,66.4,0.83,0.97,seasonal_inversion
23,10,2,0,188.62,260.08,52.11,30.43,20.32,0.734,0.71,19.4,61.4,0.725,0.584,industrial
10,1,3,0,75.91,106.09,-1.54,30.16,19.39,0.784,0.84,17.9,51.9,0.716,5.0,seasonal_inversion
9,12,6,1,148.17,211.32,10.77,34.69,24.4,0.33,0.14,10.6,72.0,0.701,3.221,seasonal_inversion
10,6,0,0,77.37,143.52,8.92,134.14,73.09,3.482,1.84,33.7,32.5,0.539,15.042,vehicular
7,11,0,0,50.93,78.5,18.32,22.51,13.87,1.112,0.03,21.1,74.8,0.649,1.229,seasonal_inversion
17,1,2,0,81.25,119.96,4.41,117.5,64.21,3.475,0.88,25.3,72.5,0.677,26.634,vehicular
10,5,0,0,103.83,193.31,7.75,119.97,67.43,1.855,0.81,22.9,48.0,0.537,15.475,vehicular
12,3,4,0,25.2,44.75,6.89,8.94,5.99,0.664,3.52,21.1,70.0,0.563,1.298,unknown
0,8,6,1,62.96,86.58,2.94,38.05,29.62,0.194,7.95,13.7,84.0,0.727,12.93,unknown
22,11,0,0,103.08,115.88,55.06,26.04,18.23,0.499,0.63,22.7,72.2,0.89,0.473,industrial
19,6,4,0,119.16,230.46,2.91,108.14,75.75,3.781,1.02,30.3,71.0,0.517,37.221,vehicular
8,1,4,0,101.63,124.89,15.56,37.22,18.34,1.155,1.39,11.5,66.0,0.814,2.393,seasonal_inversion
1,9,2,0,8.02,17.38,11.07,21.1,18.05,0.077,7.19,31.5,60.2,0.461,1.906,unknown
19,8,3,0,74.34,131.89,10.22,85.97,51.58,2.261,2.3,25.3,58.6,0.564,8.409,vehicular
15,11,0,0,133.2,266.05,5.85,29.31,17.46,0.251,1.08,31.3,66.6,0.501,5.01,agricultural_burning
23,12,4,0,60.45,80.14,37.85,33.69,26.98,0.308,3.01,25.1,58.0,0.754,0.89,industrial
13,12,2,0,226.12,325.41,12.17,13.66,7.89,1.298,4.71,33.3,46.4,0.695,1.123,agricultural_burning
19,6,3,0,48.13,78.65,9.74,117.88,82.37,2.946,2.31,37.3,53.0,0.612,12.1,vehicular
18,6,3,0,52.23,96.18,0.03,72.62,40.45,3.343,2.6,26.3,59.3,0.543,2097.054,vehicular
23,5,4,0,77.86,143.6,6.18,9.06,6.58,0.879,7.6,36.4,65.3,0.542,1.467,unknown
9,4,1,0,77.6,79.12,6.21,106.97,75.45,1.725,1.79,41.2,54.3,0.981,17.211,vehicular
9,12,0,0,90.94,171.2,8.63,46.86,20.77,2.043,1.26,28.2,25.1,0.531,5.429,vehicular
3,6,4,0,143.15,200.25,51.67,50.04,23.12,0.844,3.3,31.1,53.9,0.715,0.969,industrial
10,5,2,0,21.67,58.51,3.68,42.25,24.19,3.015,1.36,28.2,71.5,0.37,11.494,vehicular
10,12,6,1,79.86,102.08,6.95,15.17,9.0,0.756,1.47,16.1,77.3,0.782,2.183,seasonal_inversion
9,11,4,0,109.63,147.1,10.5,45.83,31.07,1.103,0.32,19.7,87.2,0.745,4.366,seasonal_inversion
1,7,1,0,179.18,211.41,87.85,30.37,15.53,0.959,3.56,31.9,61.6,0.848,0.346,industrial
15,12,2,0,242.96,360.86,2.19,20.51,13.26,2.474,3.36,39.0,30.5,0.673,9.386,agricultural_burning
10,11,4,0,209.47,344.25,8.28,11.6,4.18,2.132,3.54,40.1,70.1,0.608,1.4,agricultural_burning
17,10,5,1,83.97,185.98,3.91,21.63,8.94,2.137,2.85,39.2,20.5,0.451,5.532,agricultural_burning
19,11,0,0,38.15,60.13,10.49,64.74,40.6,1.747,2.62,40.6,56.8,0.634,6.17,vehicular
3,7,3,0,96.53,133.56,93.79,31.24,24.47,1.021,0.56,26.3,67.6,0.723,0.333,industrial
16,9,3,0,35.39,41.31,10.49,29.36,15.19,0.802,7.52,27.4,63.8,0.857,2.799,unknown
8,4,3,0,83.4,113.68,14.32,84.85,51.35,3.895,2.39,21.2,56.2,0.734,5.926,vehicular
14,4,0,0,206.38,385.62,3.05,33.48,17.56,1.424,2.35,33.5,51.7,0.535,10.984,agricultural_burning
16,4,4,0,138.73,313.64,17.6,28.01,22.27,0.926,2.12,33.0,39.8,0.442,1.591,agricultural_burning
0,12,4,0,131.56,155.27,65.87,56.78,51.23,1.034,2.33,24.3,63.9,0.847,0.862,industrial
15,3,5,1,183.42,438.68,12.69,32.61,19.64,2.002,2.26,32.6,42.0,0.418,2.569,agricultural_burning
1,3,0,0,165.92,235.7,84.16,40.81,32.86,0.892,2.89,27.3,73.1,0.704,0.485,industrial
8,7,1,0,79.92,174.2,6.04,95.23,51.76,1.692,2.97,27.5,55.8,0.459,15.774,vehicular
17,11,6,1,198.12,316.29,11.54,5.27,4.83,1.901,1.2,23.3,33.5,0.626,0.457,agricultural_burning
6,12,1,0,118.37,140.15,72.96,49.08,24.02,0.639,2.99,28.4,70.1,0.845,0.673,industrial
10,2,2,0,57.18,91.04,6.55,33.64,22.45,1.02,0.25,12.0,68.2,0.628,5.133,seasonal_inversion
20,6,4,0,69.63,111.82,4.21,97.89,57.06,3.628,0.91,28.8,47.5,0.623,23.271,vehicular
6,1,5,1,160.75,156.13,84.14,35.17,17.79,0.291,1.58,30.8,58.0,1.03,0.418,industrial
7,1,2,0,144.6,189.18,1.49,30.62,11.81,0.997,0.48,7.6,77.0,0.764,20.609,seasonal_inversion
16,12,2,0,157.46,387.05,8.03,11.5,4.85,1.903,2.7,43.4,25.1,0.407,1.431,agricultural_burning
0,5,0,0,157.04,183.76,61.57,31.25,15.69,0.884,2.83,27.4,71.7,0.855,0.508,industrial
1,10,0,0,184.3,253.08,62.4,80.68,50.29,0.853,0.54,27.9,56.5,0.728,1.293,industrial
19,10,6,1,8.46,19.16,9.89,28.04,22.04,0.767,7.65,26.0,72.3,0.441,2.835,unknown
7,1,2,0,81.5,164.23,4.09,86.09,53.42,3.003,1.63,21.0,72.5,0.496,21.031,vehicular
9,4,0,0,97.5,162.19,13.4,31.92,18.52,2.898,3.72,42.6,66.8,0.601,2.383,agricultural_burning
19,8,4,0,72.76,155.17,8.04,65.52,37.46,2.62,2.83,38.7,32.8,0.469,8.152,vehicular
18,4,6,1,12.08,17.13,12.44,27.31,19.63,0.987,5.86,34.5,44.8,0.705,2.195,unknown
23,8,3,0,41.13,39.41,7.16,14.72,12.34,0.687,5.96,18.4,68.9,1.044,2.055,unknown
5,11,1,0,64.55,100.22,16.89,20.08,11.13,0.677,0.65,18.1,73.4,0.644,1.189,seasonal_inversion
6,2,5,1,65.96,60.43,22.82,29.94,19.62,0.947,0.69,17.9,69.5,1.092,1.312,seasonal_inversion
6,3,5,1,24.27,32.25,6.23,11.47,9.12,0.28,2.56,32.7,67.0,0.753,1.842,unknown
22,11,3,0,36.0,56.2,6.76,51.96,20.49,0.266,7.38,43.4,51.8,0.641,7.681,unknown
19,7,1,0,110.78,204.3,8.69,122.26,91.27,1.149,1.81,34.4,49.4,0.542,14.071,vehicular
12,11,2,0,117.14,189.35,7.2,19.62,9.41,1.539,4.02,42.1,17.4,0.619,2.723,agricultural_burning
8,5,3,0,46.25,96.88,7.91,87.48,58.74,3.664,1.9,30.4,36.6,0.477,11.062,vehicular
3,7,0,0,82.63,70.08,75.52,30.79,24.24,1.431,2.49,29.4,43.7,1.179,0.408,industrial
16,9,4,0,27.7,40.68,3.8,11.18,9.31,0.706,4.44,49.2,48.3,0.681,2.943,unknown
7,1,1,0,112.17,182.04,10.39,12.23,9.81,0.777,1.48,18.1,73.4,0.616,1.177,seasonal_inversion
9,1,2,0,62.53,94.77,24.62,37.11,22.49,0.671,0.25,9.1,98.0,0.66,1.507,seasonal_inversion
10,12,6,1,189.76,343.06,9.05,26.39,13.49,1.689,3.56,40.2,39.3,0.553,2.916,agricultural_burning
8,11,1,0,107.31,141.08,3.74,43.19,29.69,0.908,0.19,19.9,73.5,0.761,11.558,seasonal_inversion
16,3,2,0,153.83,322.61,7.23,11.24,3.66,0.89,2.88,30.5,28.5,0.477,1.554,agricultural_burning
6,7,2,0,212.49,276.87,67.09,22.97,14.2,0.891,1.35,29.1,51.5,0.767,0.342,industrial
3,7,3,0,98.35,136.92,34.31,35.96,21.53,0.562,2.19,29.4,62.3,0.718,1.048,industrial
20,5,2,0,82.62,146.2,6.44,90.57,50.67,0.636,0.59,28.6,42.4,0.565,14.07,vehicular
11,10,0,0,233.24,381.68,9.73,22.81,14.14,1.287,1.23,28.4,67.6,0.611,2.344,agricultural_burning
16,3,5,1,89.28,200.54,11.16,32.31,10.07,2.672,1.91,29.3,57.4,0.445,2.895,agricultural_burning
22,1,6,1,166.13,176.04,52.02,38.58,30.15,0.959,3.27,39.9,77.8,0.944,0.742,industrial
17,11,2,0,85.44,177.86,10.1,120.44,62.55,3.022,0.94,34.2,40.1,0.48,11.929,vehicular
22,6,4,0,135.6,164.27,99.65,12.39,11.07,0.986,0.89,28.8,50.2,0.825,0.124,industrial
4,10,5,1,18.95,22.43,1.11,15.09,8.03,0.495,1.95,23.9,64.9,0.845,13.591,unknown
19,3,0,0,61.42,80.09,10.32,79.34,44.22,3.106,0.85,30.6,63.5,0.767,7.687,vehicular
12,11,5,1,21.76,40.52,4.05,21.33,12.88,0.204,4.87,26.1,66.2,0.537,5.261,unknown
13,4,6,1,101.64,220.1,5.25,12.1,7.34,2.132,1.78,35.0,49.9,0.462,2.304,agricultural_burning
6,1,3,0,105.58,120.79,1.37,21.44,12.79,1.227,0.29,10.3,77.2,0.874,15.653,seasonal_inversion
4,8,0,0,72.21,113.27,12.72,8.11,3.6,0.303,7.21,26.7,91.1,0.637,0.637,unknown
17,4,5,1,145.52,295.57,2.1,5.75,4.23,1.586,3.1,35.7,53.1,0.492,2.737,agricultural_burning
22,10,5,1,129.67,176.87,82.65,21.72,12.37,1.163,2.62,24.3,55.9,0.733,0.263,industrial
10,6,4,0,19.55,32.62,9.54,7.17,4.29,0.416,1.14,33.1,54.8,0.599,0.751,unknown
4,2,2,0,122.4,165.16,98.26,25.41,16.68,0.409,1.37,32.3,51.2,0.741,0.259,industrial
23,6,5,1,179.34,148.59,60.43,2.89,4.84,0.875,2.25,24.5,61.3,1.207,0.048,industrial
18,7,0,0,87.69,166.4,6.66,112.33,58.93,2.841,1.87,29.8,71.2,0.527,16.857,vehicular
22,5,1,0,204.12,244.99,83.34,51.58,27.42,0.358,1.29,23.3,59.5,0.833,0.619,industrial
12,2,4,0,51.95,72.23,8.08,31.63,15.05,0.233,3.47,18.6,60.0,0.719,3.916,unknown
17,9,4,0,80.99,137.46,8.75,56.63,42.1,1.803,2.17,24.5,64.1,0.589,6.474,vehicular
7,5,5,1,40.14,56.14,7.66,10.62,1.83,0.534,5.78,27.1,43.6,0.715,1.386,unknown
17,2,2,0,77.73,115.48,7.57,108.28,56.75,3.468,2.81,35.5,90.0,0.673,14.305,vehicular
9,12,0,0,150.42,241.48,5.13,13.9,10.15,1.284,2.32,29.1,15.0,0.623,2.711,agricultural_burning
20,3,6,1,46.75,46.74,15.83,26.98,17.58,0.638,5.5,20.9,66.0,1.0,1.704,unknown
13,8,3,0,63.68,97.28,5.91,18.41,8.4,0.054,4.58,25.4,87.1,0.655,3.114,unknown
8,2,5,1,48.52,48.67,7.94,34.05,29.62,1.15,0.12,17.4,68.9,0.997,4.287,seasonal_inversion
5,5,2,0,166.34,236.6,90.69,42.4,25.56,0.757,3.41,26.5,85.2,0.703,0.468,industrial
12,11,4,0,150.72,232.82,6.92,23.09,13.37,1.625,4.85,30.7,35.7,0.647,3.337,agricultural_burning
14,5,4,0,32.33,60.85,16.64,24.66,19.53,0.526,7.52,21.8,59.8,0.531,1.482,unknown
10,12,3,0,80.4,144.18,3.61,145.7,74.75,2.258,2.0,30.1,73.0,0.558,40.348,vehicular
15,4,6,1,215.65,443.35,7.04,19.55,10.6,2.859,3.84,39.3,62.3,0.486,2.778,agricultural_burning
10,12,4,0,79.6,111.53,7.2,115.61,82.94,2.582,1.78,23.6,48.1,0.714,16.052,vehicular
7,8,2,0,80.32,180.71,7.69,90.47,49.87,2.759,1.32,34.8,81.2,0.444,11.768,vehicular
9,4,0,0,68.53,122.93,2.13,112.12,85.25,2.609,0.94,21.7,45.1,0.558,52.613,vehicular
5,12,3,0,77.76,130.58,3.66,37.82,20.2,0.792,0.4,20.0,71.5,0.595,10.332,seasonal_inversion
4,6,1,0,31.04,49.28,1.99,33.12,21.82,0.205,7.56,19.9,83.5,0.63,16.651,unknown
12,12,1,0,52.18,83.69,2.34,3.75,4.16,0.666,4.49,22.8,97.2,0.624,1.607,unknown
1,11,2,0,193.6,281.61,78.79,20.09,12.22,0.643,0.58,30.8,55.5,0.687,0.255,industrial
9,1,6,1,109.18,127.49,14.79,20.78,13.24,1.606,0.39,16.5,66.1,0.856,1.405,seasonal_inversion
23,4,2,0,101.4,110.71,99.12,30.85,19.32,0.717,0.68,27.2,50.2,0.916,0.311,industrial
14,10,1,0,118.1,288.9,6.08,34.05,16.47,1.56,3.36,31.2,15.4,0.409,5.598,agricultural_burning
16,12,6,1,212.74,389.55,11.11,21.88,10.4,1.646,3.17,35.5,47.8,0.546,1.971,agricultural_burning
8,12,1,0,78.81,106.06,-0.32,24.6,12.27,1.38,1.04,23.7,92.9,0.743,5.0,seasonal_inversion
19,12,1,0,32.17,20.11,9.78,17.43,15.04,0.625,5.23,24.0,17.7,1.6,1.782,unknown
20,12,4,0,47.53,55.46,4.79,61.14,32.18,2.71,0.76,28.3,70.2,0.857,12.758,vehicular
18,1,1,0,118.59,202.67,7.77,108.08,84.69,3.22,1.22,24.9,39.4,0.585,13.912,vehicular
9,1,0,0,64.46,97.94,6.54,55.12,44.45,2.308,1.52,28.2,38.7,0.658,8.425,vehicular
9,1,4,0,101.03,126.11,11.07,19.62,12.58,0.91,1.42,18.1,80.3,0.801,1.773,seasonal_inversion
9,2,3,0,110.1,168.99,14.18,20.04,9.91,1.019,0.22,18.3,79.0,0.652,1.413,seasonal_inversion
16,4,3,0,219.02,340.37,7.96,25.14,11.83,1.616,1.97,31.5,74.3,0.643,3.16,agricultural_burning
9,1,5,1,65.61,120.93,14.13,39.83,26.17,1.287,0.73,21.5,89.1,0.543,2.819,seasonal_inversion
16,12,5,1,162.38,258.88,1.42,28.62,7.47,1.736,3.79,31.7,33.9,0.627,20.214,agricultural_burning
6,2,4,0,79.96,133.43,8.69,23.49,9.63,0.757,0.45,26.5,68.1,0.599,2.703,seasonal_inversion
1,5,1,0,47.61,74.12,6.84,20.62,13.0,0.865,2.97,25.1,53.6,0.642,3.017,unknown
12,4,6,1,235.04,364.2,3.14,38.81,22.48,1.201,1.6,31.6,31.7,0.645,12.368,agricultural_burning
6,4,2,0,46.97,60.34,-0.55,33.14,17.56,0.697,1.14,34.8,50.4,0.778,5.0,unknown
14,10,4,0,211.23,318.96,7.93,26.85,13.49,1.523,3.53,23.1,53.2,0.662,3.386,agricultural_burning
9,3,3,0,26.03,17.11,4.44,45.72,37.78,2.375,2.85,28.7,50.3,1.521,10.3,vehicular
0,8,5,1,20.68,33.62,9.23,15.6,8.43,0.559,6.41,22.2,42.1,0.615,1.689,unknown
6,9,2,0,48.97,70.87,1.97,31.74,20.69,0.291,4.12,28.2,52.5,0.691,16.141,unknown
5,7,3,0,112.47,171.29,86.19,25.66,20.29,0.385,1.41,27.1,72.8,0.657,0.298,industrial
2,10,0,0,21.49,25.97,4.57,31.1,15.48,0.703,3.31,34.3,52.6,0.828,6.802,unknown
5,12,1,0,113.36,145.92,16.08,36.0,24.95,0.922,0.34,15.1,55.8,0.777,2.239,seasonal_inversion
6,10,4,0,25.18,44.91,6.7,11.89,9.93,0.535,6.66,29.9,64.6,0.561,1.774,unknown
9,8,0,0,31.71,40.3,6.58,25.87,18.76,0.648,7.44,37.3,73.1,0.787,3.933,unknown
17,4,1,0,85.83,183.23,5.54,60.77,32.38,1.062,1.8,31.3,60.8,0.468,10.96,vehicular
10,5,3,0,52.9,84.5,7.86,109.85,79.32,3.41,1.12,28.6,52.5,0.626,13.977,vehicular
19,8,4,0,71.74,125.17,12.72,43.71,25.71,2.284,1.09,22.0,49.0,0.573,3.437,vehicular
5,12,2,0,114.94,190.61,4.6,28.07,15.86,0.714,1.17,13.3,82.9,0.603,6.103,seasonal_inversion
10,4,4,0,134.53,225.93,2.31,14.67,10.2,3.536,4.96,30.3,73.4,0.595,6.34,agricultural_burning
16,3,5,1,132.64,202.84,15.66,12.31,4.65,2.556,2.94,46.2,68.9,0.654,0.786,agricultural_burning
9,6,0,0,60.25,96.22,3.99,116.53,64.44,3.029,2.46,31.3,54.9,0.626,29.223,vehicular
10,3,1,0,181.1,261.27,6.27,1.69,2.54,1.742,3.45,37.5,51.0,0.693,0.269,agricultural_burning
19,1,1,0,102.07,196.58,4.65,103.38,53.75,3.21,1.16,38.0,54.6,0.519,22.216,vehicular
5,12,5,1,74.99,116.05,9.2,32.11,17.97,0.516,1.03,11.5,91.7,0.646,3.49,seasonal_inversion
12,7,4,0,51.39,61.31,9.56,14.74,7.89,0.555,7.37,31.7,56.9,0.838,1.542,unknown
7,1,0,0,93.29,142.38,2.43,34.21,18.1,1.09,1.27,15.5,82.7,0.655,14.101,seasonal_inversion
0,9,0,0,54.64,64.86,4.86,19.06,5.65,0.521,3.32,30.1,45.9,0.843,3.924,unknown
20,11,0,0,98.95,181.86,9.78,70.81,47.68,3.319,2.37,24.7,48.2,0.544,7.242,vehicular
2,3,4,0,81.53,126.54,121.35,49.52,28.19,0.965,3.84,30.6,56.3,0.644,0.408,industrial
13,10,4,0,66.83,117.18,19.11,25.21,13.6,0.67,1.48,32.7,47.0,0.57,1.319,unknown
16,7,2,0,62.33,102.01,17.64,5.1,2.91,0.397,1.25,15.0,46.1,0.611,0.289,unknown
6,2,3,0,113.83,145.26,8.49,17.61,13.74,0.582,0.06,13.4,75.0,0.784,2.074,seasonal_inversion
15,11,2,0,35.88,61.94,6.41,13.13,4.12,0.46,4.29,26.1,53.9,0.579,2.047,unknown
10,12,0,0,69.58,98.63,5.79,53.16,25.0,4.354,1.1,34.7,62.3,0.705,9.173,vehicular
8,12,0,0,52.02,95.25,25.41,20.34,8.75,1.459,1.47,18.1,56.2,0.546,0.8,seasonal_inversion
3,10,3,0,112.32,97.29,81.54,27.26,22.52,1.118,3.0,16.7,84.9,1.154,0.334,industrial
0,10,3,0,122.69,167.91,60.66,17.29,5.98,1.133,2.24,34.5,72.3,0.731,0.285,industrial
0,11,1,0,121.66,169.98,80.03,47.82,35.77,0.101,0.75,15.0,72.6,0.716,0.598,industrial
5,2,0,0,110.37,110.2,87.89,34.31,24.07,1.321,1.27,32.3,65.2,1.002,0.39,industrial
6,6,6,1,53.2,91.98,4.85,28.82,18.68,1.021,2.98,26.8,15.8,0.578,5.938,unknown
13,11,0,0,108.66,210.12,10.71,11.47,8.15,1.813,2.8,32.6,79.4,0.517,1.071,agricultural_burning
10,1,5,1,86.19,100.09,6.6,18.61,4.21,0.864,0.02,21.3,80.3,0.861,2.822,seasonal_inversion
8,2,2,0,71.43,93.12,3.86,93.14,50.19,3.195,1.55,23.3,55.7,0.767,24.108,vehicular
18,11,4,0,82.67,116.81,1.78,95.94,53.34,2.649,1.27,26.3,62.1,0.708,53.892,vehicular
12,10,5,1,137.43,289.0,16.29,25.48,13.86,2.774,4.77,39.0,33.5,0.476,1.565,agricultural_burning
8,12,3,0,76.84,102.91,13.15,51.03,24.61,0.543,1.18,9.0,61.2,0.747,3.879,seasonal_inversion
6,12,6,1,171.8,241.23,119.95,23.89,19.2,1.112,2.53,21.9,67.1,0.712,0.199,industrial
17,8,4,0,84.52,138.98,6.49,76.5,42.7,1.118,1.35,18.5,80.3,0.608,11.792,vehicular
6,2,5,1,129.02,192.09,17.59,48.04,33.58,1.185,0.58,20.8,65.6,0.672,2.731,seasonal_inversion
23,11,6,1,216.61,294.03,71.8,47.67,31.96,1.104,2.6,26.1,74.3,0.737,0.664,industrial
12,4,2,0,116.96,177.43,6.87,22.51,6.32,1.565,4.54,40.3,71.4,0.659,3.275,agricultural_burning
9,2,3,0,84.16,109.4,17.08,10.38,7.94,1.6,0.39,11.9,70.3,0.769,0.608,seasonal_inversion
10,2,6,1,56.13,74.1,9.07,16.96,13.11,0.667,0.55,20.2,48.5,0.757,1.869,seasonal_inversion
4,7,1,0,178.29,236.31,64.61,39.85,29.21,0.471,1.1,24.7,84.4,0.754,0.617,industrial
16,12,1,0,78.01,201.35,3.75,46.36,21.55,1.285,4.95,38.1,39.7,0.387,12.354,agricultural_burning
13,12,0,0,35.49,27.65,9.35,40.19,22.36,0.182,8.0,20.2,71.2,1.284,4.298,unknown
20,7,0,0,27.3,40.91,7.13,10.92,10.77,0.714,7.42,34.6,49.4,0.667,1.531,unknown
8,1,1,0,74.4,110.97,6.19,28.54,21.0,1.029,1.38,-0.4,95.2,0.67,4.612,seasonal_inversion
9,8,3,0,110.44,165.95,2.26,66.24,45.0,2.786,1.52,33.9,50.3,0.666,29.251,vehicular
17,4,2,0,88.42,283.52,9.77,29.23,12.08,2.303,2.13,33.0,49.6,0.312,2.99,agricultural_burning
4,6,0,0,135.3,155.93,105.29,44.52,26.43,0.842,1.93,19.3,57.6,0.868,0.423,industrial
18,4,3,0,123.61,229.4,3.62,19.82,9.81,1.754,3.05,30.2,41.6,0.539,5.479,agricultural_burning
7,12,1,0,101.3,140.55,9.31,25.04,14.87,1.138,0.26,17.7,66.5,0.721,2.689,seasonal_inversion
22,1,4,0,102.74,96.35,85.04,18.0,15.66,0.872,3.22,26.1,77.1,1.066,0.212,industrial
10,4,6,1,195.88,356.35,6.77,19.78,12.06,1.254,2.29,33.3,41.0,0.55,2.922,agricultural_burning
4,7,5,1,1.33,-3.72,5.89,10.53,9.29,0.706,2.78,19.6,30.8,0.5,1.788,unknown
10,8,3,0,89.58,161.32,5.54,89.91,48.34,2.469,1.87,29.5,50.8,0.555,16.229,vehicular
22,1,4,0,111.85,174.47,52.51,7.65,4.48,0.921,1.58,25.6,58.6,0.641,0.146,industrial
9,2,2,0,68.0,115.87,20.24,17.69,10.41,1.031,0.63,12.3,72.0,0.587,0.874,seasonal_inversion
7,4,0,0,52.13,68.68,8.11,14.7,12.09,0.531,5.1,30.4,57.7,0.759,1.814,unknown
6,7,1,0,196.77,268.54,43.12,8.63,3.39,0.702,3.22,31.2,90.1,0.733,0.2,industrial
16,12,6,1,173.6,290.36,5.05,15.59,9.04,2.155,3.98,26.7,37.5,0.598,3.085,agricultural_burning
3,7,5,1,151.44,176.58,70.52,31.96,19.2,0.907,1.59,28.1,42.3,0.858,0.453,industrial
6,11,2,0,99.53,151.88,8.95,24.59,9.14,1.078,0.14,25.6,91.1,0.655,2.747,seasonal_inversion
19,9,2,0,80.16,121.43,6.47,76.09,32.34,3.113,2.46,46.2,42.3,0.66,11.763,vehicular
5,2,1,0,75.23,108.75,5.07,28.71,15.7,0.484,1.37,9.6,79.4,0.692,5.667,seasonal_inversion
20,4,3,0,27.73,37.19,6.49,94.32,65.94,2.614,0.72,29.7,35.7,0.746,14.544,vehicular
20,4,2,0,75.04,98.38,3.33,92.41,46.25,3.31,1.7,26.3,57.5,0.763,27.724,vehicular
8,12,3,0,119.55,186.62,10.09,22.87,15.08,1.154,1.28,17.2,87.4,0.641,2.266,seasonal_inversion
0,1,2,0,160.89,197.83,52.52,60.3,44.31,0.705,2.54,22.4,41.7,0.813,1.148,industrial
7,1,3,0,140.49,182.7,7.35,14.88,6.27,1.262,0.4,28.2,65.8,0.769,2.024,seasonal_inversion
5,2,0,0,192.16,266.8,63.51,56.64,38.36,1.639,1.15,32.8,43.4,0.72,0.892,industrial
10,3,3,0,183.95,324.16,3.94,19.2,9.3,1.574,3.36,31.4,48.5,0.567,4.869,agricultural_burning
6,11,6,1,147.44,257.11,54.15,20.05,8.36,0.429,2.33,32.1,80.3,0.573,0.37,industrial
23,12,6,1,47.51,52.6,8.59,24.35,14.73,0.721,1.88,29.8,63.6,0.903,2.833,unknown
13,10,0,0,86.48,206.8,7.16,8.24,5.58,2.122,1.93,34.9,38.1,0.418,1.151,agricultural_burning
10,1,3,0,55.18,86.6,5.1,22.17,13.53,0.448,2.99,27.3,47.4,0.637,4.35,unknown
5,12,4,0,38.99,36.06,5.7,44.11,23.24,1.236,0.59,18.5,90.8,1.081,7.736,seasonal_inversion
9,2,1,0,92.62,116.5,8.38,46.07,30.84,1.152,0.66,11.7,76.9,0.795,5.495,seasonal_inversion
10,11,5,1,38.81,37.05,4.79,26.59,21.78,0.669,4.82,21.8,57.4,1.048,5.546,unknown
5,12,2,0,62.76,122.13,15.56,26.09,20.69,0.99,1.01,9.0,88.6,0.514,1.676,seasonal_inversion
9,10,1,0,122.79,202.75,9.99,28.65,15.51,1.671,4.2,31.0,49.0,0.606,2.868,agricultural_burning
3,2,4,0,110.37,164.25,76.17,44.56,32.82,0.213,3.35,19.4,89.8,0.672,0.585,industrial
4,6,6,1,236.27,304.7,52.57,36.0,22.07,1.049,2.3,22.4,60.5,0.775,0.685,industrial
3,6,1,0,143.08,169.55,95.09,27.42,14.45,1.064,3.04,28.8,61.5,0.844,0.288,industrial
13,12,6,1,177.76,358.64,10.49,21.74,13.59,1.775,3.31,23.0,33.5,0.496,2.073,agricultural_burning
13,3,1,0,12.75,4.57,4.36,14.56,8.69,0.63,4.91,29.2,98.0,2.79,3.338,unknown
20,9,3,0,119.22,161.0,4.94,81.56,47.48,2.043,2.91,32.9,63.7,0.741,16.525,vehicular
23,6,3,0,117.1,152.79,42.5,8.94,7.31,0.37,1.1,23.9,78.8,0.766,0.21,industrial
10,1,3,0,78.82,95.07,5.01,35.78,18.15,0.722,1.42,14.5,65.4,0.829,7.141,seasonal_inversion
7,1,3,0,60.2,93.17,21.7,23.27,16.72,1.312,0.7,25.8,68.7,0.646,1.072,seasonal_inversion
14,10,1,0,160.09,211.0,7.37,20.4,6.85,2.339,1.5,24.5,66.0,0.759,2.768,agricultural_burning
23,5,0,0,123.77,171.55,50.57,44.35,23.18,0.822,1.93,30.3,74.9,0.721,0.877,industrial
17,1,1,0,72.33,151.38,0.3,116.36,103.93,1.465,1.63,34.5,56.8,0.478,387.582,vehicular
2,3,0,0,216.52,245.17,91.14,48.46,26.01,0.586,1.96,31.5,85.6,0.883,0.532,industrial
11,11,3,0,158.59,229.58,-0.52,39.69,26.25,1.408,1.19,28.3,37.0,0.691,5.0,agricultural_burning
6,1,4,0,110.28,141.53,9.84,34.46,27.77,0.685,1.47,14.3,56.9,0.779,3.5,seasonal_inversion
8,11,4,0,73.71,100.4,6.0,12.98,9.57,0.718,0.18,16.7,91.8,0.734,2.164,seasonal_inversion
5,6,0,0,53.04,51.94,13.33,24.44,19.52,0.253,4.21,44.2,32.1,1.021,1.834,unknown
5,11,1,0,64.82,88.01,2.9,6.23,3.59,0.77,1.14,22.1,83.4,0.736,2.149,seasonal_inversion
3,7,2,0,161.19,221.08,54.01,21.53,18.75,1.438,0.5,23.1,70.8,0.729,0.399,industrial
16,12,5,1,124.17,268.53,1.05,9.3,5.47,1.781,1.02,26.3,46.9,0.462,8.845,agricultural_burning
12,10,4,0,168.95,309.46,0.71,19.03,6.2,1.056,3.26,20.2,20.0,0.546,26.772,agricultural_burning
7,1,1,0,74.92,95.03,7.97,29.94,21.35,0.673,0.17,21.9,60.7,0.788,3.757,seasonal_inversion
0,5,3,0,59.03,74.47,6.07,27.13,18.4,0.63,5.31,38.7,85.2,0.793,4.469,unknown
7,2,6,1,108.64,148.21,16.01,32.62,26.16,0.662,1.27,15.5,80.4,0.733,2.037,seasonal_inversion
12,4,4,0,40.02,55.21,12.01,24.14,16.63,0.363,2.43,39.4,69.0,0.725,2.01,unknown
18,11,1,0,48.26,101.5,10.29,73.94,51.1,2.546,1.75,32.3,73.9,0.475,7.187,vehicular
7,12,0,0,98.42,154.61,10.65,18.38,11.53,0.707,0.03,18.9,84.4,0.637,1.726,seasonal_inversion
20,8,3,0,108.42,159.81,2.89,35.86,25.47,2.339,0.58,34.1,44.5,0.678,12.416,vehicular
23,3,3,0,8.97,34.35,8.02,10.8,4.24,0.436,1.77,24.4,32.6,0.261,1.348,unknown
5,4,3,0,150.62,228.57,98.74,18.02,15.21,0.756,1.19,30.3,59.6,0.659,0.182,industrial
1,4,5,1,107.68,154.55,42.62,50.99,34.23,0.51,3.73,24.6,71.3,0.697,1.197,industrial
2,2,5,1,18.89,21.81,15.76,18.46,11.58,0.601,4.69,25.1,61.0,0.866,1.172,unknown
8,8,6,1,57.19,61.36,7.86,19.59,14.23,0.709,1.29,25.1,56.9,0.932,2.493,unknown
1,7,4,0,44.3,35.3,1.94,15.16,11.61,0.686,4.5,25.1,42.9,1.255,7.824,unknown
22,6,5,1,17.22,25.47,2.6,-0.23,1.39,0.759,7.21,33.5,57.2,0.676,-0.09,unknown
17,3,4,0,214.98,317.85,9.73,10.87,3.56,2.241,4.18,37.5,48.9,0.676,1.117,agricultural_burning
5,11,2,0,69.86,106.29,18.2,9.5,7.94,0.705,0.38,20.5,98.0,0.657,0.522,seasonal_inversion
13,4,6,1,213.07,352.11,8.57,18.02,9.28,1.913,1.91,32.9,43.4,0.605,2.103,agricultural_burning
17,8,6,1,47.58,48.94,5.04,29.85,15.38,0.305,1.14,31.9,63.1,0.972,5.921,unknown
3,8,0,0,173.42,259.81,102.69,19.22,12.22,0.947,0.57,33.2,59.7,0.667,0.187,industrial
4,1,4,0,212.59,273.59,42.11,36.53,21.08,0.876,1.72,32.7,50.8,0.777,0.868,industrial
18,10,1,0,38.25,55.61,-0.39,116.13,80.98,1.782,2.1,34.8,31.3,0.688,5.0,vehicular
22,4,2,0,148.36,193.39,43.83,49.56,26.72,0.521,1.81,27.8,54.3,0.767,1.131,industrial
5,12,4,0,56.06,103.32,2.93,25.89,15.54,0.613,2.24,23.5,65.0,0.543,8.828,unknown
7,1,4,0,58.4,84.47,4.33,99.99,45.8,2.3,1.02,35.9,55.0,0.691,23.094,vehicular
8,11,3,0,95.86,110.77,7.86,31.75,22.67,0.699,0.52,20.1,70.3,0.865,4.04,seasonal_inversion
7,6,5,1,51.82,55.09,3.01,20.75,11.2,0.319,6.2,31.4,51.8,0.941,6.885,unknown
19,4,2,0,26.74,19.55,1.77,11.08,9.94,0.305,5.74,30.5,45.0,1.368,6.254,unknown
3,8,1,0,42.2,96.85,3.42,23.57,12.91,0.837,4.57,40.2,68.8,0.436,6.886,unknown
8,9,4,0,75.26,85.1,8.87,125.43,77.21,3.345,2.18,18.1,58.9,0.884,14.137,vehicular
8,2,3,0,111.17,206.56,16.72,42.45,34.31,0.834,1.11,14.2,82.1,0.538,2.539,seasonal_inversion
6,12,3,0,16.75,28.37,7.83,10.33,5.86,0.627,2.04,26.2,44.2,0.59,1.318,unknown
17,8,1,0,59.78,94.58,4.04,46.54,28.54,3.79,2.92,31.3,74.4,0.632,11.521,vehicular
2,7,5,1,47.82,61.24,12.8,31.26,17.73,0.552,1.16,41.5,72.1,0.781,2.443,unknown
12,10,3,0,62.6,92.19,6.33,2.35,-0.1,0.518,3.95,30.3,76.0,0.679,0.371,unknown
7,3,4,0,99.78,143.55,3.73,62.64,44.24,2.532,0.89,17.1,53.4,0.695,16.79,vehicular
17,12,4,0,179.34,251.48,7.16,23.62,10.72,2.416,1.44,27.5,36.8,0.713,3.301,agricultural_burning
3,10,0,0,192.28,236.5,78.8,21.21,11.33,1.231,1.93,30.0,67.3,0.813,0.269,industrial
6,2,4,0,136.23,173.87,100.36,15.56,4.44,0.502,2.21,33.3,54.7,0.784,0.155,industrial
16,4,6,1,221.16,342.92,8.62,34.68,25.17,0.903,2.15,30.3,60.5,0.645,4.021,agricultural_burning
5,2,0,0,75.72,96.39,9.64,42.67,29.53,1.151,0.97,19.4,73.3,0.786,4.426,seasonal_inversion
5,12,0,0,115.45,131.78,4.49,27.9,15.22,1.587,1.0,31.4,67.3,0.876,6.218,seasonal_inversion
6,2,1,0,78.16,115.3,11.67,35.28,24.12,0.853,0.28,26.1,65.5,0.678,3.022,seasonal_inversion
10,3,3,0,160.65,246.84,8.68,18.08,13.8,1.555,2.17,40.1,50.6,0.651,2.082,agricultural_burning
8,3,0,0,92.95,118.1,1.85,102.88,67.11,2.823,2.31,28.2,23.8,0.787,55.754,vehicular
1,7,6,1,37.88,69.53,0.39,25.1,11.41,0.428,1.64,19.8,15.0,0.545,65.167,unknown
9,3,6,1,131.8,237.79,4.4,22.24,14.74,1.931,3.51,22.0,55.2,0.554,5.049,agricultural_burning
13,12,6,1,47.32,58.84,14.98,35.1,29.45,0.38,7.06,31.8,46.4,0.804,2.343,unknown
18,12,3,0,148.7,314.97,0.72,23.23,11.63,2.343,1.36,31.3,50.3,0.472,32.13,agricultural_burning
8,12,4,0,74.5,110.24,12.18,28.03,22.68,0.526,0.5,22.2,70.7,0.676,2.301,seasonal_inversion
10,3,3,0,69.1,121.04,6.56,30.48,23.24,0.379,3.88,24.0,90.9,0.571,4.645,unknown
18,11,3,0,120.5,223.99,0.49,21.56,11.33,0.974,4.69,33.0,50.0,0.538,44.308,agricultural_burning
4,7,1,0,161.41,235.21,70.62,52.86,27.83,0.731,2.31,29.9,64.2,0.686,0.749,industrial
4,3,5,1,171.3,217.47,59.47,21.83,15.56,0.569,1.91,28.8,68.1,0.788,0.367,industrial
20,12,0,0,51.27,46.74,5.72,37.96,28.26,0.658,3.19,34.0,21.2,1.097,6.641,unknown
6,2,0,0,188.45,220.8,90.01,39.72,32.06,0.627,2.18,27.2,67.3,0.853,0.441,industrial
21,6,2,0,28.39,34.68,-3.03,34.81,23.79,0.744,3.75,38.6,60.8,0.819,5.0,unknown
23,7,4,0,137.22,151.57,40.24,28.22,22.18,0.978,1.52,36.6,66.5,0.905,0.701,industrial
5,2,3,0,72.81,80.72,4.84,28.45,12.22,1.072,0.73,6.3,72.5,0.902,5.882,seasonal_inversion
8,2,1,0,47.84,92.56,3.71,72.9,50.13,3.624,0.75,29.0,75.9,0.517,19.652,vehicular
23,12,2,0,127.81,189.43,80.71,24.68,11.1,0.516,2.49,34.6,62.0,0.675,0.306,industrial
13,4,5,1,101.37,239.43,7.27,31.96,14.25,1.245,4.79,33.6,45.8,0.423,4.396,agricultural_burning
18,8,3,0,86.24,158.5,6.25,50.85,37.61,1.991,1.48,20.5,43.5,0.544,8.131,vehicular
22,3,1,0,124.93,155.68,58.22,54.33,31.14,0.722,2.1,22.1,57.0,0.802,0.933,industrial
5,5,6,1,28.57,36.64,9.69,8.67,5.12,1.044,1.78,25.8,90.4,0.78,0.895,unknown
9,5,1,0,93.54,163.92,6.17,83.27,60.9,2.849,0.84,25.1,64.2,0.571,13.494,vehicular
5,1,6,1,132.45,214.22,-1.31,34.27,22.27,0.749,1.06,12.7,82.2,0.618,5.0,seasonal_inversion
18,11,2,0,246.54,435.74,8.67,11.77,6.0,1.322,3.87,29.9,57.6,0.566,1.357,agricultural_burning
5,12,5,1,142.18,194.88,13.09,29.05,21.38,1.343,0.7,20.6,62.3,0.73,2.22,seasonal_inversion
10,2,6,1,81.08,110.59,18.93,22.49,9.79,0.771,0.88,14.2,74.2,0.733,1.188,seasonal_inversion
17,1,4,0,93.04,143.1,5.88,72.59,36.68,1.667,1.35,26.9,67.2,0.65,12.345,vehicular
14,11,6,1,146.47,284.95,12.53,19.71,10.82,1.62,4.1,27.6,30.5,0.514,1.573,agricultural_burning
14,12,1,0,139.78,280.0,14.1,7.91,2.84,2.366,1.57,30.6,22.0,0.499,0.561,agricultural_burning
8,9,0,0,71.64,103.61,6.24,102.68,67.13,2.165,1.99,32.8,31.0,0.691,16.463,vehicular
1,3,1,0,127.62,168.99,91.38,40.15,23.63,0.938,0.54,26.5,56.6,0.755,0.439,industrial
9,11,0,0,91.45,112.64,11.44,34.4,15.73,1.024,0.35,24.3,70.2,0.812,3.007,seasonal_inversion
9,10,4,0,128.37,332.07,12.54,16.73,4.79,2.35,2.06,32.0,26.6,0.387,1.335,agricultural_burning
5,1,0,0,92.32,124.73,4.37,29.76,21.68,1.43,0.84,13.1,90.0,0.74,6.812,seasonal_inversion
18,4,6,1,187.16,302.4,1.1,9.01,6.13,0.931,4.43,29.4,58.4,0.619,8.223,agricultural_burning
8,2,3,0,101.78,139.83,5.64,27.13,12.4,0.999,0.16,16.7,82.1,0.728,4.807,seasonal_inversion
10,11,2,0,235.38,336.52,7.14,9.31,5.6,1.609,4.34,38.2,41.6,0.699,1.303,agricultural_burning
3,7,2,0,207.87,322.94,34.38,32.39,23.59,0.608,1.37,26.3,87.5,0.644,0.942,industrial
8,2,0,0,63.82,68.21,12.14,41.64,17.32,0.864,0.89,14.8,98.0,0.936,3.43,seasonal_inversion
7,12,5,1,96.59,171.3,14.6,23.82,9.84,0.422,1.27,22.4,80.1,0.564,1.631,seasonal_inversion
5,3,5,1,165.58,164.75,96.49,50.5,33.61,1.494,1.0,27.4,50.6,1.005,0.523,industrial
10,1,1,0,111.89,153.16,9.62,7.25,7.05,0.967,0.97,19.4,77.9,0.731,0.753,seasonal_inversion
12,8,1,0,28.69,2.97,7.55,7.4,5.0,0.486,6.78,17.4,93.5,9.668,0.98,unknown
16,11,6,1,241.34,403.07,3.85,18.99,12.74,2.121,3.1,29.3,41.2,0.599,4.932,agricultural_burning
9,12,1,0,105.96,268.3,5.21,18.95,9.69,2.157,3.57,27.8,15.0,0.395,3.639,agricultural_burning
19,12,4,0,47.66,75.11,11.23,16.39,9.29,0.519,6.58,42.9,63.2,0.635,1.459,unknown
7,2,4,0,138.15,189.53,22.44,26.48,16.51,0.941,0.13,10.3,81.4,0.729,1.18,seasonal_inversion
9,9,3,0,103.34,138.04,1.24,97.99,59.43,2.741,2.66,32.5,35.1,0.749,78.962,vehicular
4,4,4,0,104.67,125.7,46.53,42.69,27.56,0.651,3.61,25.0,72.1,0.833,0.917,industrial
14,2,4,0,56.61,83.88,11.23,17.48,12.67,0.609,1.31,26.2,49.6,0.675,1.557,unknown
11,3,6,1,38.24,59.56,14.29,24.02,9.67,0.652,5.59,28.0,48.4,0.642,1.681,unknown
23,1,4,0,143.02,243.18,61.61,38.38,26.47,0.564,2.62,26.0,65.0,0.588,0.623,industrial
18,10,2,0,71.77,209.12,5.98,8.16,5.69,2.625,1.72,32.8,42.5,0.343,1.363,agricultural_burning
19,2,5,1,38.04,44.24,3.91,31.53,17.47,0.373,6.11,27.3,58.6,0.86,8.054,unknown
9,9,0,0,59.86,64.47,11.71,84.22,55.11,1.066,1.94,27.7,69.0,0.929,7.196,vehicular
13,12,3,0,115.66,255.82,9.38,1.7,0.29,2.215,4.56,31.5,81.2,0.452,0.181,agricultural_burning
8,1,6,1,71.16,81.76,11.74,32.49,27.14,1.23,1.22,25.8,61.9,0.87,2.768,seasonal_inversion
11,11,3,0,186.62,358.71,3.32,19.99,10.51,1.183,2.34,30.3,41.4,0.52,6.026,agricultural_burning
14,12,4,0,186.06,319.26,8.58,18.51,9.1,2.766,4.05,32.4,47.8,0.583,2.159,agricultural_burning
18,12,4,0,34.78,56.46,-0.16,84.49,59.79,1.406,0.66,36.5,35.1,0.616,5.0,vehicular
13,9,5,1,35.29,63.25,8.33,24.02,20.21,0.739,4.12,28.9,80.2,0.558,2.884,unknown
5,11,2,0,106.72,111.57,9.5,31.38,21.36,0.67,1.15,17.8,73.1,0.956,3.303,seasonal_inversion
8,12,2,0,44.96,88.21,10.17,78.77,47.97,1.39,1.97,29.8,48.1,0.51,7.747,vehicular
17,4,3,0,78.61,128.79,7.52,136.78,95.24,2.039,1.86,34.4,44.5,0.61,18.186,vehicular
13,3,3,0,205.8,321.89,10.0,22.89,15.95,1.098,3.4,35.1,27.5,0.639,2.288,agricultural_burning
6,1,3,0,61.63,97.92,11.06,11.95,11.57,1.065,0.56,14.8,66.9,0.629,1.081,seasonal_inversion
7,6,0,0,74.17,130.04,5.65,81.5,44.1,1.8,1.6,25.5,65.0,0.57,14.418,vehicular
7,6,0,0,85.33,130.59,6.13,98.1,61.97,3.645,0.79,17.8,39.9,0.653,15.998,vehicular
5,2,4,0,80.72,114.19,21.77,28.04,15.54,0.916,0.91,24.8,74.0,0.707,1.288,seasonal_inversion
14,12,1,0,35.48,43.92,9.69,31.57,16.85,0.755,6.18,42.8,22.9,0.808,3.256,unknown
2,5,3,0,202.71,275.12,76.81,32.82,22.34,0.763,3.65,24.1,72.3,0.737,0.427,industrial
9,11,4,0,106.71,194.76,4.87,13.12,2.89,1.866,2.37,28.0,54.7,0.548,2.694,agricultural_burning
9,2,4,0,43.0,55.1,3.92,125.17,83.26,1.63,2.75,28.8,55.1,0.78,31.939,vehicular
5,1,1,0,106.72,146.97,15.56,18.5,6.61,1.315,0.77,21.8,77.6,0.726,1.189,seasonal_inversion
13,3,1,0,106.73,215.8,13.79,10.31,9.24,2.151,1.44,29.5,49.5,0.495,0.748,agricultural_burning
4,2,4,0,214.84,315.61,103.01,42.48,35.19,0.664,2.14,30.4,60.4,0.681,0.412,industrial
14,4,4,0,175.72,257.6,5.64,41.67,17.36,2.007,2.34,36.6,33.6,0.682,7.382,agricultural_burning
5,2,4,0,125.96,184.4,11.33,15.61,12.37,0.96,0.6,18.5,66.5,0.683,1.379,seasonal_inversion
9,2,1,0,31.62,44.16,9.51,10.59,6.85,0.446,3.69,23.5,38.2,0.716,1.114,unknown
19,6,4,0,78.75,129.53,8.8,129.68,76.62,1.957,2.61,31.1,22.4,0.608,14.738,vehicular
9,1,4,0,75.61,121.73,9.37,79.7,45.14,3.526,2.02,24.8,82.3,0.621,8.504,vehicular
2,3,4,0,38.82,34.09,11.48,22.39,13.78,0.54,3.71,40.4,15.0,1.139,1.951,unknown
10,4,1,0,123.33,181.0,3.58,134.34,100.11,1.594,1.66,30.5,32.5,0.681,37.531,vehicular
9,2,3,0,15.03,37.57,2.81,116.37,66.44,2.129,0.9,32.7,61.2,0.4,41.487,vehicular
17,11,4,0,183.59,352.22,8.26,24.58,9.73,1.79,4.89,31.0,52.4,0.521,2.974,agricultural_burning
7,11,6,1,94.09,132.94,17.27,28.84,14.74,0.965,0.04,30.5,73.6,0.708,1.67,seasonal_inversion
5,5,4,0,133.0,176.59,103.74,41.17,22.41,1.019,1.76,28.4,65.9,0.753,0.397,industrial
7,2,0,0,87.96,107.37,3.69,33.82,25.9,1.325,0.01,15.4,70.5,0.819,9.165,seasonal_inversion
14,4,2,0,47.24,58.34,12.87,19.61,11.16,0.401,7.06,29.9,56.7,0.81,1.524,unknown
10,11,2,0,133.36,254.5,1.6,11.63,9.77,2.71,3.67,25.5,74.3,0.524,7.25,agricultural_burning
5,7,0,0,215.48,279.16,48.58,41.27,25.77,1.007,3.98,21.3,58.5,0.772,0.85,industrial
5,11,6,1,142.35,144.73,61.21,55.03,35.93,0.979,0.93,29.7,44.9,0.984,0.899,industrial
10,12,6,1,65.73,101.75,12.34,33.42,21.72,1.266,0.94,13.2,59.0,0.646,2.709,seasonal_inversion
3,9,0,0,170.97,237.62,77.62,26.36,15.54,0.45,1.51,26.2,68.9,0.72,0.34,industrial
1,10,3,0,117.09,145.54,102.81,45.08,22.53,0.735,2.75,31.7,58.5,0.805,0.439,industrial
9,10,3,0,156.84,287.13,5.05,24.05,8.51,2.084,2.94,41.3,70.8,0.546,4.764,agricultural_burning
19,9,1,0,59.51,58.99,10.51,29.22,18.37,0.509,6.26,17.9,52.6,1.009,2.781,unknown
19,11,1,0,74.97,110.38,12.14,82.67,42.1,2.998,0.89,30.6,76.8,0.679,6.81,vehicular
14,2,3,0,49.34,50.36,7.54,10.9,8.35,0.763,6.26,24.2,34.8,0.98,1.445,unknown
7,12,0,0,60.18,92.77,6.23,92.14,45.48,2.611,2.57,22.5,59.2,0.649,14.802,vehicular
3,2,1,0,56.29,72.13,1.2,17.04,10.15,0.811,2.65,19.9,61.5,0.78,14.178,unknown
5,12,2,0,93.94,117.68,16.63,27.8,16.69,0.694,0.67,17.8,69.3,0.798,1.672,seasonal_inversion
15,4,2,0,278.29,422.87,13.07,-2.12,1.76,2.443,4.37,31.7,62.7,0.658,-0.162,agricultural_burning
18,6,3,0,71.31,126.35,4.91,26.61,16.35,0.384,5.68,30.5,45.9,0.564,5.42,unknown
7,12,4,0,42.9,70.59,2.45,16.3,11.63,1.068,1.42,19.5,84.8,0.608,6.649,seasonal_inversion
13,3,4,0,163.3,290.76,9.83,4.82,2.58,3.221,3.07,37.2,38.6,0.562,0.491,agricultural_burning
3,12,4,0,113.92,163.47,91.13,38.61,29.4,0.77,1.43,22.5,45.8,0.697,0.424,industrial
9,12,5,1,89.74,130.06,11.11,21.01,12.84,0.453,0.9,20.0,85.7,0.69,1.892,seasonal_inversion
18,4,1,0,151.89,255.12,16.06,22.85,12.37,2.359,2.06,33.5,70.3,0.595,1.423,agricultural_burning
4,11,0,0,120.54,143.85,68.62,21.72,12.3,0.608,0.84,19.4,48.8,0.838,0.317,industrial
6,1,2,0,117.26,159.03,8.48,32.58,25.46,0.873,0.18,13.0,61.7,0.737,3.84,seasonal_inversion
9,11,6,1,82.37,105.97,8.2,12.07,7.87,1.186,0.18,13.9,84.2,0.777,1.472,seasonal_inversion
14,3,3,0,106.33,178.5,3.91,23.46,11.08,1.565,3.8,39.2,44.3,0.596,5.999,agricultural_burning
8,1,1,0,90.44,135.46,10.66,47.52,29.33,0.528,0.22,30.1,70.5,0.668,4.459,seasonal_inversion
20,7,0,0,74.09,79.59,0.63,61.78,39.7,4.079,1.45,33.9,76.2,0.931,98.287,vehicular
5,2,5,1,151.44,211.01,9.91,26.02,21.43,1.176,0.74,14.0,63.3,0.718,2.625,seasonal_inversion
20,2,0,0,91.57,123.68,2.11,108.74,83.88,1.922,1.83,37.4,46.6,0.74,51.44,vehicular
6,1,4,0,116.72,125.67,17.85,49.61,25.53,0.45,1.23,31.4,84.4,0.929,2.779,seasonal_inversion
2,5,2,0,113.33,177.63,78.45,18.1,13.26,1.072,3.14,26.8,73.9,0.638,0.231,industrial
6,12,6,1,91.95,151.99,3.54,42.56,34.65,0.656,0.93,24.4,50.1,0.605,12.008,seasonal_inversion
20,11,0,0,63.85,73.18,5.73,23.22,14.75,0.708,2.7,37.2,63.0,0.872,4.055,unknown
9,11,2,0,38.85,90.4,8.43,85.01,64.45,2.524,2.2,22.4,44.5,0.43,10.083,vehicular
11,10,5,1,158.86,303.18,13.81,27.3,13.6,1.868,2.38,32.2,65.6,0.524,1.977,agricultural_burning
8,12,2,0,109.62,155.81,12.34,43.29,26.18,0.572,0.99,20.6,97.5,0.704,3.509,seasonal_inversion
13,3,0,0,11.21,26.67,12.22,40.55,32.71,0.452,2.37,14.5,40.1,0.42,3.318,unknown
19,9,0,0,74.45,138.72,0.84,68.19,47.35,3.859,2.47,35.3,49.1,0.537,81.36,vehicular
15,12,2,0,159.66,212.57,7.48,25.34,17.3,1.679,2.26,30.6,61.1,0.751,3.387,agricultural_burning
13,11,5,1,22.46,31.59,7.14,12.4,11.11,-0.011,2.66,20.6,25.2,0.711,1.736,unknown
18,3,2,0,64.03,202.82,1.97,19.12,6.65,0.897,1.92,30.2,18.0,0.316,9.69,agricultural_burning
3,7,0,0,140.82,215.41,79.96,22.08,14.29,0.521,1.49,29.1,64.2,0.654,0.276,industrial
5,12,0,0,154.08,203.7,96.85,37.92,16.68,0.843,2.66,31.9,42.0,0.756,0.392,industrial
18,4,0,0,72.1,138.46,8.63,87.76,56.62,3.535,2.47,20.3,62.3,0.521,10.172,vehicular
2,4,5,1,63.67,75.98,10.96,21.86,14.26,0.616,2.19,31.9,77.7,0.838,1.994,unknown
8,4,0,0,83.48,115.16,1.31,136.55,72.86,3.48,1.25,29.7,55.1,0.725,103.949,vehicular
2,9,1,0,190.68,218.18,68.95,53.3,41.05,1.069,2.43,17.0,56.3,0.874,0.773,industrial
17,10,2,0,79.49,155.46,10.81,83.23,48.7,1.699,1.51,36.5,64.6,0.511,7.699,vehicular
6,10,0,0,40.45,54.25,4.12,16.36,6.54,0.777,3.29,27.7,29.1,0.746,3.967,unknown
15,11,4,0,163.3,257.13,1.29,32.7,20.17,2.249,3.75,37.5,75.6,0.635,25.435,agricultural_burning
11,3,6,1,62.63,90.04,6.97,14.9,11.7,0.427,7.36,42.7,23.4,0.696,2.137,unknown
12,7,2,0,23.91,21.54,-0.35,16.67,11.43,0.676,7.13,24.0,54.9,1.11,5.0,unknown
18,2,4,0,43.07,73.41,6.94,61.37,39.47,2.128,1.7,27.0,90.0,0.587,8.848,vehicular
17,3,0,0,133.31,275.81,8.81,18.19,8.93,1.345,3.77,33.0,48.9,0.483,2.065,agricultural_burning
4,11,1,0,174.43,161.87,101.76,38.31,23.28,0.736,2.91,26.0,68.9,1.078,0.376,industrial
9,12,4,0,86.13,131.27,9.7,15.51,10.61,1.036,0.84,15.1,76.4,0.656,1.6,seasonal_inversion
6,11,5,1,85.57,104.57,8.06,18.05,11.87,0.805,0.96,18.1,91.9,0.818,2.241,seasonal_inversion
9,10,0,0,91.36,125.13,3.56,105.88,57.02,3.408,0.91,23.3,49.2,0.73,29.738,vehicular
7,11,3,0,96.45,156.42,9.02,36.51,19.02,0.852,0.37,16.8,89.3,0.617,4.047,seasonal_inversion
9,1,2,0,44.78,98.95,5.76,15.17,7.11,1.343,0.89,16.3,72.2,0.453,2.633,seasonal_inversion
22,2,5,1,179.61,199.24,90.76,31.17,23.98,0.841,2.47,30.7,58.3,0.901,0.343,industrial
14,4,5,1,142.5,329.03,6.9,29.46,16.56,1.507,1.36,35.4,15.2,0.433,4.27,agricultural_burning
22,5,6,1,14.23,11.5,11.7,21.5,13.12,0.581,1.62,39.6,39.0,1.238,1.837,unknown
9,1,3,0,73.4,129.81,21.44,13.02,12.45,1.693,0.78,9.7,95.4,0.565,0.607,seasonal_inversion
10,3,6,1,145.34,324.03,9.41,24.77,13.96,3.371,4.23,34.9,56.5,0.449,2.632,agricultural_burning
12,12,0,0,261.34,377.65,7.85,33.01,20.3,2.329,3.54,35.3,31.8,0.692,4.205,agricultural_burning
21,3,1,0,61.12,58.01,6.2,23.73,16.62,0.594,3.86,19.7,85.4,1.054,3.825,unknown
22,11,4,0,148.95,183.44,69.55,36.11,20.52,1.301,1.64,32.7,54.7,0.812,0.519,industrial
7,1,1,0,102.79,203.77,6.36,103.05,46.58,2.008,2.44,28.6,74.0,0.504,16.21,vehicular
0,11,1,0,51.84,85.26,4.32,7.2,-0.54,0.616,7.46,26.6,65.0,0.608,1.669,unknown
10,8,2,0,78.0,136.67,6.29,114.92,55.3,1.248,1.56,22.4,44.1,0.571,18.265,vehicular
8,2,4,0,88.55,184.58,4.64,41.03,24.97,4.157,2.24,24.3,39.9,0.48,8.847,vehicular
10,4,2,0,111.87,248.38,-0.62,20.57,11.28,1.888,2.91,45.0,30.5,0.45,5.0,agricultural_burning
5,1,3,0,102.6,148.49,10.48,20.98,7.62,1.119,1.33,24.4,75.1,0.691,2.001,seasonal_inversion
19,11,1,0,69.87,146.21,2.53,86.27,64.97,2.536,0.68,30.4,40.7,0.478,34.132,vehicular
12,4,2,0,176.37,307.91,-0.18,32.69,20.32,1.133,1.8,28.7,52.7,0.573,5.0,agricultural_burning
10,2,6,1,79.98,136.58,13.84,30.89,18.36,0.722,0.95,12.8,89.8,0.586,2.232,seasonal_inversion
5,11,2,0,122.26,168.68,11.54,7.3,3.3,1.23,1.2,21.9,88.7,0.725,0.633,seasonal_inversion
0,9,3,0,195.26,229.3,104.45,44.92,31.44,0.562,3.75,27.8,57.9,0.852,0.43,industrial
3,12,6,1,68.63,102.2,10.79,21.22,14.89,0.434,7.92,43.3,48.2,0.672,1.967,unknown
18,3,2,0,100.17,185.56,8.26,51.18,33.62,2.737,0.88,27.2,34.5,0.54,6.199,vehicular
7,3,3,0,47.39,69.09,11.3,-0.7,-1.28,0.471,4.33,23.8,90.0,0.686,-0.062,unknown
12,12,4,0,142.14,337.61,9.55,32.14,20.37,2.227,4.65,34.5,41.1,0.421,3.367,agricultural_burning
17,2,0,0,43.44,56.14,10.86,-0.18,-0.76,0.393,1.03,13.8,58.6,0.774,-0.017,unknown
5,11,5,1,101.61,141.55,12.92,32.7,20.25,0.799,1.08,17.2,66.2,0.718,2.53,seasonal_inversion
9,11,0,0,92.3,133.69,13.91,47.83,42.19,0.455,0.7,15.8,93.9,0.69,3.438,seasonal_inversion
5,11,6,1,106.04,138.88,18.05,32.65,21.66,1.125,1.12,18.5,70.2,0.764,1.809,seasonal_inversion
6,3,2,0,38.19,85.29,9.92,36.25,17.27,0.803,6.06,26.2,65.8,0.448,3.654,unknown
9,11,3,0,84.82,120.29,10.3,0.06,3.77,0.781,1.09,4.2,74.4,0.705,0.006,seasonal_inversion
5,1,4,0,84.19,106.44,14.61,45.88,37.12,1.559,1.25,12.2,64.1,0.791,3.141,seasonal_inversion
8,2,2,0,94.16,124.25,9.6,21.3,9.26,1.121,0.67,9.7,58.3,0.758,2.22,seasonal_inversion
5,11,3,0,129.11,154.14,17.14,34.4,28.54,0.807,1.12,23.4,66.6,0.838,2.007,seasonal_inversion
9,12,3,0,44.62,45.85,12.76,-1.23,-0.59,0.192,4.74,30.8,70.7,0.973,-0.096,unknown
9,10,1,0,33.08,47.63,14.93,20.3,5.72,0.528,6.77,30.1,65.9,0.695,1.359,unknown
8,1,1,0,79.27,162.57,6.33,92.26,42.15,2.253,0.71,30.5,29.3,0.488,14.586,vehicular
10,11,2,0,89.18,112.8,5.92,54.35,20.76,2.141,1.89,31.3,20.4,0.791,9.182,vehicular
17,12,4,0,97.2,151.91,10.21,51.47,32.28,2.966,0.75,30.0,59.8,0.64,5.044,vehicular
1,1,3,0,207.15,268.76,91.78,28.33,17.41,0.856,2.62,30.3,82.0,0.771,0.309,industrial
6,9,6,1,182.79,289.42,71.11,41.72,31.17,0.7,1.3,34.2,70.1,0.632,0.587,industrial
10,11,4,0,281.48,412.39,9.81,11.51,8.13,1.891,2.81,30.4,43.8,0.683,1.173,agricultural_burning
5,2,3,0,80.72,117.67,5.8,15.61,16.39,1.656,0.76,22.0,78.5,0.686,2.693,seasonal_inversion
1,4,1,0,133.8,171.58,67.49,50.01,29.51,1.1,0.84,29.8,72.0,0.78,0.741,industrial
15,12,6,1,113.01,277.53,11.41,14.92,7.46,2.182,1.15,32.8,34.3,0.407,1.307,agricultural_burning
6,1,3,0,100.97,122.63,19.79,27.14,16.22,1.146,0.32,20.4,86.9,0.823,1.371,seasonal_inversion
16,4,3,0,195.08,258.92,16.3,10.59,3.01,1.968,3.69,24.7,64.2,0.753,0.649,agricultural_burning
18,3,0,0,114.58,203.56,5.69,135.42,95.16,3.529,0.57,28.7,82.1,0.563,23.808,vehicular
10,12,6,1,99.57,154.58,15.1,1.21,1.07,0.88,1.04,20.4,66.8,0.644,0.08,seasonal_inversion
17,10,5,1,151.26,277.04,10.43,23.36,14.52,1.636,1.98,32.2,39.9,0.546,2.239,agricultural_burning
8,4,0,0,95.65,144.24,4.69,122.3,83.81,1.616,2.59,26.9,72.2,0.663,26.07,vehicular
19,3,2,0,29.13,42.92,5.93,100.09,55.34,1.432,2.42,34.2,36.3,0.679,16.89,vehicular
7,11,2,0,84.73,109.05,5.05,25.84,17.02,0.756,0.64,23.0,67.8,0.777,5.118,seasonal_inversion
17,8,1,0,74.65,105.11,12.91,72.79,46.73,2.384,2.05,24.8,58.6,0.71,5.637,vehicular
9,2,1,0,109.03,181.43,18.99,28.59,23.62,0.574,1.22,16.6,77.4,0.601,1.506,seasonal_inversion
6,9,2,0,27.48,25.41,6.01,10.19,2.45,0.207,6.29,23.9,98.0,1.082,1.697,unknown
11,10,5,1,159.34,283.12,5.7,8.12,1.58,2.946,3.76,29.2,70.6,0.563,1.426,agricultural_burning
8,2,1,0,112.57,139.22,10.85,48.39,34.76,0.655,0.1,24.4,47.7,0.809,4.46,seasonal_inversion
11,1,0,0,17.96,44.18,11.25,25.11,13.64,0.301,2.27,20.9,68.1,0.406,2.232,unknown
4,3,5,1,50.69,87.07,8.73,29.79,19.43,0.735,7.56,23.4,52.7,0.582,3.411,unknown
1,4,5,1,48.6,55.03,5.95,22.45,13.34,0.83,4.06,21.9,61.9,0.883,3.776,unknown
18,2,2,0,69.33,112.3,6.04,90.39,65.49,2.214,2.5,44.2,42.4,0.617,14.975,vehicular
3,12,3,0,154.06,221.0,82.06,34.56,21.77,1.135,1.51,21.1,43.1,0.697,0.421,industrial
5,2,6,1,97.96,119.4,12.24,50.23,40.67,0.487,0.44,11.7,67.4,0.82,4.102,seasonal_inversion
5,2,6,1,110.5,167.26,16.86,45.45,30.28,1.084,0.19,14.6,72.1,0.661,2.695,seasonal_inversion
3,5,0,0,52.69,58.56,7.77,51.73,37.11,0.623,6.97,30.7,80.4,0.9,6.655,unknown
3,8,0,0,134.65,151.75,110.59,36.53,19.12,0.769,3.43,32.2,92.4,0.887,0.33,industrial
7,12,0,0,148.13,189.28,20.08,30.02,26.62,0.828,0.29,19.1,68.4,0.783,1.495,seasonal_inversion
19,4,3,0,17.23,38.59,15.45,33.24,25.89,0.449,2.91,29.5,53.0,0.447,2.151,unknown
14,9,0,0,5.37,-1.6,10.33,3.39,2.12,0.629,5.3,33.2,48.2,0.5,0.328,unknown
4,7,6,1,35.81,54.3,8.06,21.38,15.83,0.693,2.17,34.6,69.0,0.66,2.654,unknown
21,11,3,0,41.57,66.18,7.58,7.94,7.33,0.15,5.02,25.0,57.0,0.628,1.047,unknown
6,11,4,0,44.23,46.46,15.12,20.09,11.46,1.755,0.88,16.2,68.5,0.952,1.329,seasonal_inversion
2,6,0,0,47.41,61.77,5.96,16.64,9.47,0.935,2.2,24.7,86.6,0.767,2.791,unknown
4,5,1,0,162.52,239.15,74.47,26.99,15.29,0.531,2.29,37.4,41.8,0.68,0.362,industrial
10,3,0,0,176.55,209.08,9.0,17.64,11.16,1.57,3.36,34.9,62.6,0.844,1.959,agricultural_burning
12,11,2,0,111.52,304.2,12.51,18.13,7.61,2.693,3.03,33.4,64.8,0.367,1.449,agricultural_burning
7,12,3,0,77.02,121.56,16.68,22.02,13.55,0.494,0.09,13.9,86.4,0.634,1.32,seasonal_inversion
2,4,3,0,160.25,268.13,67.87,47.37,36.08,0.494,0.63,28.1,75.9,0.598,0.698,industrial
7,6,3,0,76.55,135.16,7.36,89.25,65.19,2.889,1.73,32.8,56.1,0.566,12.12,vehicular
18,10,4,0,74.58,119.11,3.05,70.36,45.04,2.089,1.61,29.0,42.6,0.626,23.096,vehicular
0,6,5,1,193.04,282.32,97.38,40.86,27.69,0.723,0.74,28.8,77.5,0.684,0.42,industrial
1,12,0,0,69.89,76.7,4.1,2.15,2.46,0.427,7.15,34.6,58.5,0.911,0.523,unknown
5,6,6,1,164.59,203.66,91.26,23.95,13.89,1.512,2.75,29.5,56.8,0.808,0.262,industrial
2,6,2,0,198.89,246.73,75.64,50.72,41.13,1.203,3.86,29.6,84.8,0.806,0.67,industrial
22,12,2,0,184.46,238.34,88.84,24.69,11.76,1.04,2.67,26.7,56.9,0.774,0.278,industrial
11,3,6,1,164.74,275.05,5.59,3.22,0.04,2.934,3.18,31.6,46.4,0.599,0.575,agricultural_burning
17,4,5,1,148.33,244.67,-2.59,15.45,3.43,3.083,4.77,37.8,74.8,0.606,5.0,agricultural_burning
9,1,4,0,59.04,88.04,20.68,11.46,2.87,0.74,0.45,9.3,96.7,0.671,0.554,seasonal_inversion
4,11,4,0,149.92,186.33,87.0,13.89,7.72,0.527,2.97,22.9,62.8,0.805,0.16,industrial
0,9,2,0,189.84,248.25,85.89,36.6,26.16,1.697,1.8,24.0,65.0,0.765,0.426,industrial
3,9,6,1,40.14,65.57,8.2,25.01,14.58,0.285,5.75,24.5,48.1,0.612,3.05,unknown
5,2,4,0,77.33,118.59,17.05,27.36,15.66,1.266,1.47,17.8,84.0,0.652,1.605,seasonal_inversion
3,2,6,1,131.73,162.97,70.64,26.79,14.67,1.003,3.98,36.9,63.9,0.808,0.379,industrial
1,5,3,0,122.2,161.0,80.57,49.29,23.65,0.969,1.58,24.2,39.4,0.759,0.612,industrial
17,8,0,0,19.19,43.85,5.08,93.32,49.06,0.76,2.57,29.9,74.2,0.438,18.355,vehicular
2,7,6,1,160.78,193.6,30.1,24.63,17.67,0.421,1.31,35.0,57.2,0.83,0.818,industrial
5,4,4,0,54.22,82.72,2.29,31.73,14.01,0.651,2.18,25.3,83.0,0.655,13.847,unknown
6,11,6,1,84.99,115.61,2.28,23.07,15.11,1.305,0.7,13.3,62.7,0.735,10.13,seasonal_inversion
8,9,1,0,93.83,185.65,5.46,43.39,25.43,1.492,0.84,36.3,53.2,0.505,7.947,vehicular
2,7,4,0,148.6,171.12,51.82,26.61,13.13,0.851,1.85,30.8,44.9,0.868,0.514,industrial
23,10,1,0,86.56,112.09,102.8,54.36,32.12,1.13,0.65,20.1,78.5,0.772,0.529,industrial
0,1,0,0,34.59,28.22,8.74,12.52,7.32,0.345,1.62,20.8,77.8,1.226,1.433,unknown
6,11,5,1,102.92,129.46,16.1,25.82,14.54,1.035,1.29,17.7,79.7,0.795,1.604,seasonal_inversion
9,9,4,0,88.95,96.87,7.27,49.25,31.66,2.518,0.55,34.9,66.0,0.918,6.771,vehicular
8,6,2,0,122.14,239.62,6.16,82.6,43.44,2.778,2.64,25.6,63.0,0.51,13.4,vehicular
17,11,3,0,42.37,56.6,4.81,103.39,64.35,2.183,0.54,25.2,55.5,0.749,21.506,vehicular
21,10,4,0,48.18,89.48,9.8,15.63,12.1,0.668,7.98,28.8,70.5,0.538,1.595,unknown
10,1,2,0,97.96,130.45,7.46,19.35,17.88,0.919,0.32,13.3,66.5,0.751,2.596,seasonal_inversion
17,9,2,0,50.74,47.45,18.33,27.23,13.59,0.62,7.93,22.1,58.0,1.069,1.486,unknown
8,11,1,0,89.78,114.7,13.88,17.1,11.23,0.956,0.87,21.1,53.3,0.783,1.232,seasonal_inversion
8,12,3,0,55.14,83.4,15.96,25.63,9.74,0.866,4.29,30.0,60.7,0.661,1.606,unknown
13,4,2,0,128.81,226.69,12.93,10.69,4.23,0.739,3.09,37.9,73.1,0.568,0.827,agricultural_burning
0,8,4,0,195.22,256.27,91.56,36.93,22.06,0.836,1.25,33.8,62.4,0.762,0.403,industrial
9,3,3,0,117.53,247.21,2.76,10.66,3.48,1.916,2.6,34.2,57.7,0.475,3.861,agricultural_burning
11,12,1,0,98.55,245.89,4.65,21.21,12.28,1.862,3.29,34.7,47.8,0.401,4.562,agricultural_burning
10,11,6,1,15.25,4.3,0.37,30.99,22.8,0.478,3.61,30.4,73.6,3.546,83.975,unknown
15,3,5,1,29.24,40.94,5.75,16.37,8.58,0.433,4.88,31.1,23.3,0.714,2.847,unknown
14,9,4,0,27.41,10.24,6.85,8.92,5.19,0.423,6.05,20.1,15.1,2.676,1.301,unknown
8,1,1,0,47.33,49.52,8.02,9.06,4.84,0.29,6.73,40.8,36.1,0.956,1.129,unknown
10,12,0,0,121.61,132.16,13.78,28.88,20.66,0.518,1.42,7.6,76.4,0.92,2.096,seasonal_inversion
7,11,3,0,77.75,78.0,11.41,48.76,36.35,1.454,0.3,16.7,65.0,0.997,4.272,seasonal_inversion
18,5,1,0,69.02,131.55,10.0,116.23,80.24,1.776,1.79,26.4,54.3,0.525,11.618,vehicular
13,10,3,0,207.78,360.08,5.34,22.39,10.01,1.708,4.32,25.0,15.9,0.577,4.193,agricultural_burning
1,9,5,1,29.04,31.22,16.21,39.03,18.95,0.549,6.68,19.6,75.3,0.93,2.408,unknown
3,6,1,0,41.14,73.88,8.83,4.81,1.46,0.42,4.02,44.7,27.3,0.557,0.544,unknown
7,12,4,0,97.61,126.08,12.25,22.44,20.93,0.762,0.53,13.6,57.2,0.774,1.832,seasonal_inversion
8,5,6,1,67.23,105.21,11.33,16.01,10.8,0.139,4.15,29.2,74.1,0.639,1.414,unknown
7,12,2,0,62.51,106.96,2.86,20.19,15.2,0.568,7.36,35.3,15.1,0.584,7.072,unknown
7,2,2,0,72.41,98.17,14.27,21.06,7.56,0.817,0.88,13.7,84.3,0.738,1.476,seasonal_inversion
16,11,5,1,214.81,339.36,15.62,8.78,1.77,2.478,2.68,30.3,29.1,0.633,0.562,agricultural_burning
18,12,1,0,145.42,284.35,-0.37,28.3,11.99,1.055,1.41,44.0,39.0,0.511,5.0,agricultural_burning
4,9,6,1,38.09,41.97,3.47,33.82,18.75,0.219,6.89,30.2,45.6,0.908,9.739,unknown
21,8,2,0,43.36,74.16,4.59,1.44,1.53,0.853,6.23,28.8,27.9,0.585,0.313,unknown
20,11,1,0,41.44,31.32,4.4,73.28,43.3,2.573,0.99,36.5,42.5,1.323,16.673,vehicular
20,8,1,0,78.29,163.92,1.65,98.62,64.39,2.259,0.95,36.2,50.2,0.478,59.621,vehicular
10,2,4,0,70.62,102.11,-0.64,34.65,23.7,0.657,1.13,14.4,68.7,0.692,5.0,seasonal_inversion
1,10,4,0,145.77,217.22,101.8,23.3,12.72,0.823,1.89,26.4,67.8,0.671,0.229,industrial
22,6,1,0,185.16,303.86,73.51,40.48,21.7,0.416,0.76,21.4,67.5,0.609,0.551,industrial
16,3,0,0,239.33,393.58,10.39,22.54,11.9,2.407,2.44,36.7,54.4,0.608,2.169,agricultural_burning
10,12,6,1,106.01,148.58,16.58,25.87,13.98,0.26,1.14,15.6,69.9,0.714,1.56,seasonal_inversion
14,4,1,0,127.09,300.83,12.1,26.28,15.7,2.385,2.77,36.3,63.8,0.422,2.171,agricultural_burning
2,7,6,1,118.58,174.27,124.78,46.5,30.07,0.759,3.1,30.2,52.5,0.68,0.373,industrial
11,3,0,0,190.44,270.21,3.79,14.19,7.5,1.679,4.47,29.9,46.9,0.705,3.74,agricultural_burning
13,4,0,0,164.19,311.01,5.75,13.2,7.46,2.445,2.39,28.4,34.7,0.528,2.295,agricultural_burning
6,11,2,0,57.56,61.18,7.69,43.68,26.57,0.608,0.45,15.4,81.8,0.941,5.679,seasonal_inversion
9,12,4,0,67.06,57.55,12.99,31.23,22.07,1.141,1.01,6.8,67.3,1.165,2.404,seasonal_inversion
23,5,5,1,179.43,284.81,52.67,32.08,22.8,0.842,2.18,39.3,41.3,0.63,0.609,industrial
3,10,4,0,29.04,44.02,7.56,33.26,24.62,0.832,3.42,28.2,41.6,0.66,4.398,unknown
8,6,1,0,110.29,181.06,7.93,61.63,38.09,2.285,2.75,33.1,20.3,0.609,7.767,vehicular
21,7,2,0,46.54,54.18,8.73,20.49,10.05,0.824,2.81,33.7,67.7,0.859,2.347,unknown
9,5,1,0,65.81,121.35,8.01,87.47,67.01,2.829,2.04,19.3,57.5,0.542,10.915,vehicular
17,3,5,1,113.56,301.24,1.28,22.32,11.31,2.09,1.16,31.0,48.0,0.377,17.436,agricultural_burning
13,1,3,0,54.25,78.91,4.59,30.69,13.61,0.435,1.87,30.7,54.6,0.687,6.689,unknown
18,1,0,0,66.49,164.65,6.63,93.31,46.34,3.381,2.97,29.3,64.2,0.404,14.072,vehicular
1,12,2,0,133.48,180.21,36.51,41.46,30.42,1.485,1.29,25.4,64.8,0.741,1.136,industrial
7,7,1,0,71.17,116.82,13.37,112.85,81.2,0.81,0.86,28.8,41.8,0.609,8.44,vehicular
5,12,0,0,184.75,242.37,126.52,33.17,20.64,0.737,2.51,25.7,95.1,0.762,0.262,industrial
15,3,0,0,162.36,276.99,15.19,11.18,4.86,2.388,1.31,33.9,53.1,0.586,0.736,agricultural_burning
18,5,3,0,65.0,97.79,4.99,45.12,34.51,2.179,1.06,21.0,57.1,0.665,9.046,vehicular
5,2,3,0,75.08,95.32,15.08,31.38,26.74,1.064,1.03,7.3,81.6,0.788,2.081,seasonal_inversion
1,11,2,0,72.68,93.66,5.96,16.55,12.38,0.334,1.95,44.5,46.4,0.776,2.78,unknown
13,4,6,1,194.67,312.39,9.99,23.79,11.38,2.176,3.94,28.6,32.7,0.623,2.381,agricultural_burning
10,1,3,0,49.18,86.82,11.17,20.55,8.96,0.819,4.73,29.5,59.3,0.566,1.84,unknown
19,9,3,0,75.77,110.54,8.04,91.82,39.31,1.557,1.82,20.6,62.2,0.685,11.419,vehicular
6,3,3,0,37.77,68.37,15.34,25.82,8.06,0.247,1.84,34.7,45.4,0.552,1.683,unknown
0,4,0,0,164.94,243.42,39.6,34.89,21.73,0.318,1.13,12.4,59.5,0.678,0.881,industrial
16,12,5,1,173.21,353.58,6.37,29.77,18.61,0.992,1.87,29.2,61.4,0.49,4.674,agricultural_burning
19,10,4,0,75.76,114.42,16.7,79.81,38.52,2.111,3.0,30.1,40.9,0.662,4.778,vehicular
9,6,4,0,45.63,70.1,7.11,114.78,78.53,3.571,2.65,32.4,44.1,0.651,16.155,vehicular
4,1,6,1,26.78,20.61,2.2,23.55,16.85,0.041,4.46,33.9,28.9,1.299,10.684,unknown
5,2,5,1,196.16,292.21,89.58,24.2,16.04,0.921,3.02,23.1,81.3,0.671,0.27,industrial
7,9,5,1,44.22,58.34,5.15,8.89,6.45,0.291,3.61,38.1,67.7,0.758,1.726,unknown
16,12,3,0,138.79,272.37,0.99,19.02,9.3,2.837,4.37,26.4,57.6,0.51,19.167,agricultural_burning
19,12,3,0,59.69,61.63,7.56,104.88,61.88,2.176,1.42,24.2,72.6,0.968,13.877,vehicular
6,3,6,1,187.05,190.18,35.8,58.65,31.49,0.903,1.51,20.9,25.8,0.984,1.638,industrial
20,10,4,0,46.99,54.98,12.21,11.35,7.44,0.412,3.66,33.2,70.9,0.855,0.93,unknown
23,9,4,0,130.89,156.91,67.34,55.28,42.11,1.249,1.57,32.2,61.3,0.834,0.821,industrial
7,8,2,0,101.96,166.06,3.18,84.41,66.79,2.327,2.82,34.4,65.5,0.614,26.517,vehicular
4,2,3,0,134.16,178.84,64.36,36.51,31.02,0.359,2.26,33.7,58.0,0.75,0.567,industrial
20,11,3,0,54.4,100.75,8.8,18.14,8.82,0.422,7.63,23.4,67.0,0.54,2.06,unknown
5,6,2,0,158.52,215.86,80.13,60.39,36.19,1.102,1.08,34.4,71.9,0.734,0.754,industrial
18,4,3,0,280.71,425.14,11.25,21.61,12.51,1.165,4.5,27.1,42.5,0.66,1.921,agricultural_burning
10,6,4,0,18.94,31.11,2.02,3.86,2.11,0.272,5.33,26.9,45.2,0.609,1.909,unknown
22,1,5,1,149.02,150.94,56.43,40.57,22.85,0.084,3.54,24.0,90.5,0.987,0.719,industrial
10,1,3,0,67.85,94.6,8.2,21.75,17.8,0.251,6.93,17.8,59.5,0.717,2.652,unknown
6,8,0,0,128.26,160.64,46.5,39.85,22.56,0.975,1.21,30.2,64.6,0.798,0.857,industrial
14,4,5,1,142.35,353.56,11.58,21.08,12.14,1.348,3.63,29.1,43.2,0.403,1.821,agricultural_burning
2,12,4,0,190.88,242.0,68.66,49.09,30.95,0.979,2.46,27.7,68.9,0.789,0.715,industrial
10,12,6,1,100.6,148.3,12.04,27.57,28.17,0.827,0.49,13.6,58.7,0.678,2.289,seasonal_inversion
10,11,2,0,94.55,116.28,16.44,22.9,14.88,0.765,0.63,16.2,73.2,0.813,1.393,seasonal_inversion
18,5,3,0,106.75,157.77,6.52,88.86,49.9,0.967,0.55,25.5,75.4,0.677,13.639,vehicular
10,5,0,0,7.73,-6.17,6.38,17.0,10.38,0.134,5.93,26.1,63.3,0.5,2.663,unknown
4,7,0,0,178.95,213.31,90.21,44.69,24.27,0.842,2.26,30.6,60.3,0.839,0.495,industrial
10,1,4,0,98.73,146.6,10.45,19.09,8.1,0.765,1.43,26.8,88.1,0.673,1.827,seasonal_inversion
5,2,2,0,143.38,206.8,77.17,19.19,16.45,0.92,3.88,32.1,73.0,0.693,0.249,industrial
9,10,3,0,156.54,394.15,8.55,27.82,18.46,1.577,3.81,32.5,28.5,0.397,3.253,agricultural_burning
8,2,3,0,72.64,146.61,5.62,121.26,82.02,1.464,1.44,32.0,78.8,0.495,21.582,vehicular
8,3,3,0,77.65,136.41,2.74,133.7,80.53,3.206,2.76,29.4,52.3,0.569,48.838,vehicular
20,5,3,0,79.14,152.64,3.53,82.63,56.35,2.997,1.66,25.0,36.2,0.518,23.414,vehicular
22,12,4,0,124.76,146.35,99.4,15.83,13.03,0.618,2.89,33.9,74.6,0.853,0.159,industrial
10,1,3,0,99.45,173.13,2.23,107.11,63.43,1.787,2.0,21.6,68.6,0.574,47.958,vehicular
5,10,3,0,177.76,278.25,86.56,24.06,13.31,0.938,3.09,39.6,69.8,0.639,0.278,industrial
6,11,6,1,26.38,28.94,5.25,5.13,2.83,0.558,4.98,35.8,60.4,0.912,0.977,unknown
17,5,2,0,83.0,143.13,8.03,119.25,91.22,1.169,1.63,31.7,31.4,0.58,14.843,vehicular
5,11,3,0,94.18,149.58,7.28,35.98,21.15,1.227,1.17,18.0,71.0,0.63,4.944,seasonal_inversion
12,10,4,0,46.01,87.43,10.53,18.87,11.49,0.752,3.84,14.9,76.1,0.526,1.792,unknown
10,4,6,1,157.63,259.02,3.85,20.19,16.49,2.086,2.55,26.4,60.0,0.609,5.245,agricultural_burning
10,3,3,0,149.31,315.25,-0.27,2.1,1.38,2.269,2.21,31.2,49.2,0.474,5.0,agricultural_burning
15,12,4,0,151.21,342.84,0.14,16.35,8.48,2.279,2.84,36.8,56.5,0.441,117.561,agricultural_burning
20,6,3,0,93.24,157.76,3.72,38.75,23.32,3.693,2.8,32.4,58.1,0.591,10.407,vehicular
11,3,5,1,91.73,257.0,12.64,35.71,18.44,2.558,3.06,32.9,15.0,0.357,2.825,agricultural_burning
5,12,1,0,140.11,169.75,10.13,39.81,27.74,0.198,0.42,19.8,82.9,0.825,3.93,seasonal_inversion
6,11,4,0,157.05,249.68,16.3,22.77,15.34,0.551,0.26,20.5,91.2,0.629,1.397,seasonal_inversion
10,1,0,0,78.32,97.08,12.94,43.76,34.74,0.668,1.36,21.9,69.4,0.807,3.381,seasonal_inversion
14,11,6,1,48.64,43.26,2.05,20.76,10.8,0.35,1.8,40.1,38.0,1.124,10.126,unknown
10,4,0,0,131.3,317.29,9.31,18.75,6.11,1.745,4.89,33.0,61.8,0.414,2.014,agricultural_burning
10,11,2,0,104.37,293.45,4.61,29.41,13.24,3.182,3.99,29.2,56.5,0.356,6.374,agricultural_burning
18,10,1,0,127.66,214.92,2.55,24.41,14.85,2.632,3.36,30.3,40.5,0.594,9.588,agricultural_burning
17,11,4,0,129.02,289.28,3.44,22.09,7.51,1.803,3.73,28.3,46.7,0.446,6.426,agricultural_burning
6,12,3,0,65.36,87.09,15.73,25.36,14.9,0.747,1.29,24.8,80.0,0.75,1.612,seasonal_inversion
18,12,2,0,59.25,97.7,5.46,142.03,83.13,2.131,0.91,29.3,68.5,0.606,25.991,vehicular
6,12,0,0,100.27,132.07,10.64,34.2,27.15,1.625,0.27,16.0,98.0,0.759,3.214,seasonal_inversion
5,10,0,0,22.53,34.96,12.82,18.4,14.4,0.493,1.43,37.8,48.6,0.644,1.435,unknown
10,10,1,0,223.79,354.42,7.99,10.94,2.62,2.051,4.19,28.6,22.3,0.631,1.368,agricultural_burning
5,9,2,0,37.29,34.58,3.09,25.23,13.32,0.575,1.17,35.0,71.7,1.079,8.154,unknown
7,1,1,0,102.4,154.3,12.93,46.23,41.6,1.195,0.36,23.6,75.7,0.664,3.576,seasonal_inversion
9,10,2,0,84.99,213.76,11.88,36.27,23.48,1.855,1.17,31.8,52.7,0.398,3.053,agricultural_burning
17,12,4,0,193.59,388.14,2.44,23.04,9.1,2.481,4.87,28.1,69.3,0.499,9.427,agricultural_burning
13,10,5,1,155.77,243.22,1.54,16.74,12.36,2.601,2.88,36.8,15.0,0.64,10.844,agricultural_burning
7,12,6,1,103.75,131.06,17.4,35.72,16.8,0.471,0.21,12.3,83.8,0.792,2.053,seasonal_inversion
9,1,6,1,91.71,130.35,17.91,35.77,25.59,1.067,1.36,18.0,82.4,0.704,1.998,seasonal_inversion
17,9,3,0,41.6,13.87,1.4,128.57,64.28,2.815,2.84,30.9,47.0,2.999,91.619,vehicular
6,6,2,0,212.39,269.63,22.28,41.76,24.28,1.589,0.93,30.3,78.6,0.788,1.874,industrial
20,6,4,0,43.38,47.7,1.39,104.48,54.52,1.373,2.11,32.3,52.4,0.909,75.429,vehicular
5,4,5,1,33.82,41.75,5.87,30.46,25.11,0.409,7.06,39.6,48.8,0.81,5.193,unknown
10,1,2,0,112.94,164.73,7.28,27.08,14.47,0.166,0.21,17.3,75.6,0.686,3.722,seasonal_inversion
9,12,5,1,73.99,202.83,2.92,17.59,7.43,1.599,3.39,37.6,51.9,0.365,6.024,agricultural_burning
8,12,5,1,125.97,189.01,4.06,41.63,22.2,0.994,1.48,11.9,68.4,0.666,10.251,seasonal_inversion
17,11,2,0,56.64,213.45,6.94,14.39,7.37,1.863,2.95,25.8,29.4,0.265,2.075,agricultural_burning
20,5,1,0,65.8,123.83,10.53,104.93,68.59,3.197,1.29,27.6,72.3,0.531,9.969,vehicular
16,4,6,1,129.08,200.99,8.32,10.24,6.6,1.74,2.17,40.3,50.9,0.642,1.23,agricultural_burning
12,5,6,1,45.41,65.24,4.65,22.57,20.02,0.81,7.04,33.8,85.0,0.696,4.854,unknown
3,5,0,0,41.41,44.72,8.38,2.38,2.9,0.496,5.15,28.2,67.0,0.926,0.284,unknown
20,9,3,0,52.74,102.0,12.98,2.29,5.03,0.362,5.11,31.1,79.9,0.517,0.176,unknown
10,1,1,0,121.54,140.54,3.35,39.75,29.89,0.347,0.41,17.7,40.0,0.865,11.88,seasonal_inversion
5,11,3,0,107.29,153.78,84.33,45.77,26.07,0.977,1.77,30.8,84.3,0.698,0.543,industrial
0,9,6,1,211.89,254.59,40.55,29.86,19.95,0.878,1.63,34.8,66.6,0.832,0.736,industrial
8,1,5,1,43.22,64.41,4.68,23.23,15.03,1.131,1.24,10.7,78.8,0.671,4.962,seasonal_inversion
6,9,1,0,203.19,253.91,107.81,11.71,4.39,0.188,2.54,21.9,82.4,0.8,0.109,industrial
1,7,3,0,163.46,211.22,101.16,56.29,39.76,0.725,0.72,41.1,87.0,0.774,0.556,industrial
18,5,0,0,101.61,124.78,8.0,104.62,56.73,2.238,1.8,28.9,59.6,0.814,13.073,vehicular
23,5,0,0,125.44,145.81,89.18,28.72,18.4,1.125,2.66,25.8,95.9,0.86,0.322,industrial
12,10,2,0,204.22,319.7,9.36,16.01,7.17,1.652,1.86,35.0,64.4,0.639,1.711,agricultural_burning
3,6,0,0,151.87,219.56,46.77,34.16,20.48,0.509,1.99,27.5,80.8,0.692,0.73,industrial
5,6,0,0,165.62,230.48,95.43,53.98,36.76,0.484,2.16,28.8,42.0,0.719,0.566,industrial
7,1,2,0,68.06,75.18,22.22,16.59,8.35,1.204,1.44,13.7,66.0,0.905,0.747,seasonal_inversion
15,10,0,0,151.37,222.39,8.29,10.53,9.03,0.346,1.66,37.8,36.4,0.681,1.27,agricultural_burning
11,6,5,1,53.87,55.92,7.16,23.93,19.17,0.507,1.84,42.0,79.4,0.963,3.339,unknown
7,8,1,0,85.55,146.32,6.31,90.56,67.17,2.43,2.4,33.1,43.7,0.585,14.359,vehicular
0,12,4,0,137.1,202.2,42.89,29.24,21.39,0.8,2.21,28.2,67.2,0.678,0.682,industrial
6,2,4,0,72.8,103.59,17.97,24.23,17.1,0.681,0.22,13.4,87.2,0.703,1.349,seasonal_inversion
10,10,6,1,94.22,158.72,9.84,24.24,13.56,2.187,1.24,39.2,26.4,0.594,2.463,agricultural_burning
9,2,4,0,102.77,139.14,4.95,27.24,21.63,0.929,0.16,20.6,67.4,0.739,5.503,seasonal_inversion
8,2,3,0,127.0,152.08,20.66,24.48,14.77,1.265,1.09,14.2,62.5,0.835,1.185,seasonal_inversion
8,2,1,0,78.84,96.1,3.57,20.28,13.68,0.942,0.85,17.6,72.3,0.82,5.683,seasonal_inversion
15,4,6,1,182.63,340.05,8.95,32.65,17.38,2.234,4.95,26.8,29.5,0.537,3.647,agricultural_burning
7,10,4,0,27.52,46.42,2.57,26.9,12.1,0.475,1.68,21.3,53.9,0.593,10.446,unknown
22,2,3,0,119.65,140.58,74.66,43.58,27.33,0.391,0.74,28.0,71.3,0.851,0.584,industrial
9,12,6,1,113.08,190.24,12.11,33.66,15.51,1.2,0.99,11.5,77.8,0.594,2.779,seasonal_inversion
17,12,2,0,159.21,303.93,11.64,15.35,6.92,1.6,4.26,31.1,68.0,0.524,1.318,agricultural_burning
0,10,0,0,57.77,53.9,5.64,19.14,12.87,0.541,2.83,36.1,68.6,1.072,3.395,unknown
16,4,3,0,178.73,343.7,6.02,28.4,15.66,2.359,3.38,27.5,20.7,0.52,4.715,agricultural_burning
0,1,0,0,183.3,255.3,127.31,25.91,22.88,0.786,1.71,25.7,68.5,0.718,0.204,industrial
11,12,1,0,150.17,333.54,0.82,29.66,16.53,1.252,2.46,24.6,41.0,0.45,36.374,agricultural_burning
16,11,0,0,147.9,291.06,9.23,14.67,11.17,1.928,1.76,24.2,26.0,0.508,1.589,agricultural_burning
6,11,1,0,139.7,174.01,9.03,31.78,20.13,1.317,1.14,9.2,80.8,0.803,3.52,seasonal_inversion
11,3,6,1,99.21,186.96,14.81,18.18,10.3,2.039,1.94,37.9,59.0,0.531,1.227,agricultural_burning
17,3,5,1,113.1,301.86,-0.27,41.29,28.43,2.658,4.33,36.9,27.6,0.375,5.0,agricultural_burning
9,3,3,0,84.5,85.89,9.01,94.36,52.42,3.705,1.43,41.7,65.5,0.984,10.47,vehicular
19,3,0,0,98.49,150.02,2.35,100.75,57.07,2.038,0.76,27.2,20.0,0.656,42.792,vehicular
17,3,0,0,164.31,339.77,-1.02,21.23,11.22,0.666,4.63,38.8,52.1,0.484,5.0,agricultural_burning
5,2,0,0,53.28,72.45,7.51,41.11,29.35,1.066,1.29,21.0,62.3,0.735,5.478,seasonal_inversion
11,10,4,0,162.55,240.53,15.06,22.58,11.45,0.965,3.28,35.2,46.5,0.676,1.5,agricultural_burning
9,2,1,0,55.53,52.12,4.94,53.21,38.48,0.768,4.15,21.0,87.0,1.065,10.777,unknown
10,11,4,0,74.36,134.99,8.29,96.42,59.3,3.002,2.01,38.0,47.3,0.551,11.637,vehicular
19,8,2,0,33.5,50.78,5.83,36.54,14.82,0.734,3.12,28.0,67.0,0.66,6.268,unknown
8,11,5,1,98.33,130.56,4.49,31.78,18.88,1.026,1.44,11.2,61.7,0.753,7.078,seasonal_inversion
12,12,4,0,122.45,232.9,16.79,24.4,14.89,1.254,4.67,33.6,32.3,0.526,1.453,agricultural_burning
0,10,0,0,197.87,219.37,106.55,38.92,33.04,1.159,1.84,23.3,74.7,0.902,0.365,industrial
14,2,5,1,29.13,33.95,7.84,39.16,24.39,0.408,3.42,24.2,43.8,0.858,4.994,unknown
12,11,6,1,207.84,320.85,2.85,19.35,12.22,2.054,4.29,25.0,35.8,0.648,6.788,agricultural_burning
8,1,4,0,120.23,184.56,16.26,3.32,2.42,0.694,0.01,14.5,48.0,0.651,0.204,seasonal_inversion
17,3,2,0,90.38,133.48,8.34,71.15,52.72,2.549,1.25,36.2,39.6,0.677,8.528,vehicular
5,9,4,0,197.62,263.82,47.24,41.89,32.4,1.189,3.02,27.9,85.5,0.749,0.887,industrial
15,8,6,1,42.87,57.67,8.32,28.86,17.95,0.525,6.74,35.5,53.0,0.743,3.469,unknown
19,2,3,0,64.4,126.85,5.05,114.23,73.39,1.634,2.85,31.7,82.0,0.508,22.632,vehicular
22,1,5,1,50.46,81.81,9.53,17.34,7.12,0.355,7.99,34.9,29.3,0.617,1.82,unknown
20,3,5,1,57.61,90.61,2.89,14.79,7.25,0.669,1.27,41.8,75.3,0.636,5.117,unknown
2,10,3,0,159.74,230.44,67.91,22.6,8.08,0.974,1.54,27.1,29.5,0.693,0.333,industrial
10,1,4,0,94.43,83.55,13.56,-4.74,1.4,0.955,0.75,25.2,50.2,1.13,-0.35,seasonal_inversion
1,5,6,1,164.4,191.48,72.73,59.1,35.63,0.963,0.64,28.0,82.3,0.859,0.813,industrial
9,11,0,0,99.58,183.72,8.61,32.23,24.8,2.556,2.65,30.5,60.3,0.542,3.745,vehicular
9,12,0,0,80.63,107.43,7.37,32.93,27.92,0.871,0.64,19.7,72.1,0.751,4.467,seasonal_inversion
14,10,6,1,142.78,276.22,6.08,27.46,15.72,1.247,4.2,33.9,53.4,0.517,4.517,agricultural_burning
10,11,4,0,68.31,69.8,7.76,20.69,15.53,1.648,0.09,16.1,79.8,0.979,2.667,seasonal_inversion
6,10,5,1,144.05,216.8,53.56,41.25,27.31,0.13,3.5,28.7,49.4,0.664,0.77,industrial
10,1,6,1,130.45,156.49,15.98,16.35,7.53,0.754,0.51,24.1,74.1,0.834,1.024,seasonal_inversion
10,7,3,0,48.55,95.36,1.46,99.87,78.66,2.191,0.56,29.6,53.4,0.509,68.547,vehicular
15,4,1,0,34.61,64.48,13.07,2.98,2.88,0.437,1.9,37.3,72.9,0.537,0.228,unknown
8,11,4,0,106.67,165.47,7.8,17.08,7.21,1.447,0.63,17.8,78.9,0.645,2.19,seasonal_inversion
5,1,1,0,24.99,49.75,9.82,2.66,0.52,0.623,2.91,23.1,98.0,0.502,0.271,unknown
6,1,2,0,78.8,90.78,19.59,25.65,16.92,1.25,0.15,16.7,63.4,0.868,1.309,seasonal_inversion
9,1,6,1,86.14,96.57,11.35,22.19,15.12,0.912,0.7,15.6,95.5,0.892,1.955,seasonal_inversion
17,2,1,0,43.55,96.21,5.6,76.28,45.08,2.904,2.56,29.5,74.4,0.453,13.62,vehicular
17,11,2,0,98.57,178.87,6.6,45.5,30.12,1.703,1.79,27.9,37.8,0.551,6.894,vehicular
14,12,1,0,152.22,250.86,9.98,15.14,8.24,1.302,2.33,40.7,53.6,0.607,1.516,agricultural_burning
23,8,3,0,160.43,197.11,50.21,32.24,25.89,0.527,0.97,30.2,52.3,0.814,0.642,industrial
18,3,2,0,158.12,325.94,15.39,14.66,9.3,1.559,4.18,34.8,31.4,0.485,0.953,agricultural_burning
3,7,3,0,187.85,262.15,86.6,52.69,39.68,0.163,3.58,26.0,65.8,0.717,0.608,industrial
23,3,3,0,86.03,131.9,85.7,33.69,18.11,0.951,3.79,33.6,56.6,0.652,0.393,industrial
15,3,4,0,9.92,6.5,10.21,13.8,9.96,0.428,5.17,28.3,89.4,1.526,1.351,unknown
14,10,2,0,148.95,289.77,9.04,26.0,17.27,2.798,1.7,25.7,55.8,0.514,2.874,agricultural_burning
6,7,1,0,66.95,126.33,84.5,11.09,10.75,0.533,0.91,20.7,49.9,0.53,0.131,industrial
2,1,1,0,158.88,218.25,48.33,45.03,29.45,0.811,1.23,35.8,53.9,0.728,0.932,industrial
17,12,4,0,182.09,299.15,14.16,0.6,-2.94,0.619,4.2,29.7,51.2,0.609,0.043,agricultural_burning
16,4,2,0,166.36,340.43,1.38,19.58,6.71,1.612,4.7,32.6,63.6,0.489,14.211,agricultural_burning
10,4,6,1,128.73,278.65,10.69,17.74,10.6,1.755,4.9,42.2,55.5,0.462,1.66,agricultural_burning
4,5,0,0,116.16,147.87,37.54,14.74,7.53,1.581,3.17,27.8,49.0,0.786,0.393,industrial
19,10,1,0,74.83,138.43,7.83,75.02,47.34,1.641,1.2,34.2,49.4,0.541,9.58,vehicular
10,7,2,0,89.29,101.53,5.39,68.66,50.95,2.68,0.79,39.4,70.3,0.879,12.727,vehicular
18,8,1,0,94.49,148.29,3.72,107.65,70.32,2.373,0.75,35.1,58.5,0.637,28.944,vehicular
10,9,2,0,75.0,112.2,5.79,116.44,82.83,0.742,0.82,22.4,47.5,0.668,20.112,vehicular
23,5,1,0,199.32,258.39,86.1,10.58,3.32,0.675,1.82,34.2,68.8,0.771,0.123,industrial
12,3,1,0,131.51,233.54,2.88,8.86,6.01,1.263,1.63,26.2,52.7,0.563,3.076,agricultural_burning
4,4,1,0,163.28,184.65,52.08,46.77,42.91,0.657,3.34,24.7,53.9,0.884,0.898,industrial
6,1,4,0,146.5,190.13,12.94,25.21,14.83,1.213,0.58,17.0,49.5,0.771,1.948,seasonal_inversion
18,5,2,0,31.41,73.81,3.99,81.27,58.4,1.695,1.38,32.8,66.9,0.426,20.358,vehicular
20,6,2,0,85.86,176.02,5.93,114.66,69.58,1.887,2.84,37.3,61.5,0.488,19.332,vehicular
6,12,6,1,133.86,192.09,12.11,34.74,26.92,0.778,0.27,13.6,98.0,0.697,2.868,seasonal_inversion
9,7,4,0,79.33,138.07,5.33,69.85,42.07,3.505,2.92,43.1,74.9,0.575,13.117,vehicular
18,3,6,1,128.18,266.04,13.04,25.44,16.39,1.85,2.27,36.9,33.2,0.482,1.95,agricultural_burning
14,12,3,0,82.08,154.44,11.64,9.4,7.81,1.705,1.05,36.6,48.6,0.531,0.808,agricultural_burning
9,2,5,1,82.38,119.92,8.47,9.51,3.04,1.177,0.24,15.1,89.7,0.687,1.123,seasonal_inversion
9,10,6,1,205.82,316.68,3.96,26.22,12.06,1.758,3.37,31.2,55.1,0.65,6.628,agricultural_burning
6,6,4,0,182.12,229.59,42.32,53.81,41.82,0.875,1.25,36.1,53.1,0.793,1.272,industrial
14,2,4,0,16.81,22.07,4.5,16.07,8.28,0.79,1.71,24.3,72.6,0.762,3.568,unknown
14,6,5,1,34.54,61.32,9.24,16.82,11.52,0.416,1.9,31.2,63.8,0.563,1.82,unknown
5,9,0,0,196.05,246.99,79.01,41.62,21.75,0.457,2.9,29.7,59.6,0.794,0.527,industrial
20,6,1,0,92.65,181.81,4.3,60.27,36.06,2.789,2.56,20.4,88.4,0.51,14.016,vehicular
6,12,0,0,99.36,120.7,10.9,27.56,22.29,1.16,0.6,24.4,98.0,0.823,2.53,seasonal_inversion
10,8,3,0,31.61,52.04,8.5,20.53,7.84,0.633,4.25,38.0,61.7,0.607,2.415,unknown
6,2,1,0,92.58,128.49,11.48,30.86,11.58,1.533,0.15,17.7,85.8,0.721,2.689,seasonal_inversion
19,12,4,0,92.55,174.16,6.84,97.21,56.77,3.579,1.18,29.7,52.8,0.531,14.217,vehicular
2,7,5,1,135.27,175.02,80.94,24.19,16.3,1.329,1.66,26.5,60.6,0.773,0.299,industrial
5,2,6,1,88.56,129.26,14.93,30.37,23.05,0.532,0.3,18.9,70.2,0.685,2.034,seasonal_inversion
8,1,1,0,109.77,155.91,20.73,24.15,17.12,0.863,0.72,19.8,89.1,0.704,1.165,seasonal_inversion
0,7,0,0,11.84,21.51,4.3,20.71,16.42,0.636,1.24,23.6,86.2,0.551,4.815,unknown
5,12,6,1,64.95,85.04,8.34,17.56,10.58,0.755,0.37,14.6,73.4,0.764,2.105,seasonal_inversion
10,11,4,0,74.41,136.2,20.95,21.0,9.62,1.082,0.34,12.4,83.6,0.546,1.003,seasonal_inversion
10,1,3,0,97.45,126.05,2.34,27.75,24.47,0.992,0.4,10.4,79.2,0.773,11.88,seasonal_inversion
13,4,1,0,224.58,351.15,5.54,11.85,4.85,2.727,3.55,31.0,51.6,0.64,2.137,agricultural_burning
5,1,1,0,84.68,117.65,6.89,35.46,21.39,0.442,0.41,13.1,74.6,0.72,5.144,seasonal_inversion
8,11,4,0,94.69,107.78,10.3,30.97,16.7,0.905,0.19,24.1,56.0,0.879,3.008,seasonal_inversion
13,4,0,0,108.96,249.62,4.11,15.35,8.29,2.779,3.98,31.9,64.6,0.436,3.73,agricultural_burning
2,6,1,0,30.98,50.06,11.07,17.09,15.02,0.326,4.3,26.1,64.3,0.619,1.544,unknown
18,12,2,0,91.61,184.44,6.0,93.12,73.69,2.896,2.03,32.1,53.6,0.497,15.519,vehicular
16,11,6,1,134.33,383.44,13.59,19.97,10.33,2.157,2.47,37.4,45.0,0.35,1.469,agricultural_burning
6,3,3,0,26.83,39.08,4.69,18.46,14.41,0.107,4.16,23.7,77.3,0.687,3.935,unknown
18,5,1,0,55.06,89.01,3.85,75.38,47.15,3.532,1.15,28.1,57.0,0.619,19.557,vehicular
3,2,2,0,134.12,197.56,58.32,28.92,21.22,0.914,1.83,32.6,54.9,0.679,0.496,industrial
18,8,1,0,10.4,12.91,8.02,13.15,13.14,0.226,1.27,24.6,32.8,0.805,1.639,unknown
18,2,3,0,51.77,61.34,3.77,101.83,81.29,2.012,2.98,27.6,20.0,0.844,27.009,vehicular
12,10,4,0,67.76,155.57,6.33,25.41,11.23,1.192,2.76,36.7,55.2,0.436,4.012,agricultural_burning
5,1,1,0,111.04,188.61,10.91,13.91,8.99,0.304,0.5,22.5,80.4,0.589,1.274,seasonal_inversion
13,11,0,0,141.47,301.11,10.68,13.56,3.71,2.526,2.64,34.5,50.2,0.47,1.27,agricultural_burning
5,6,5,1,170.92,249.74,71.81,34.9,21.7,0.718,2.33,27.6,52.5,0.684,0.486,industrial
8,12,3,0,84.89,128.99,13.66,42.98,27.06,1.508,0.07,11.1,67.2,0.658,3.145,seasonal_inversion
7,12,2,0,84.43,128.36,9.45,47.16,21.88,0.824,0.54,18.3,69.6,0.658,4.989,seasonal_inversion
14,10,0,0,187.69,314.95,5.53,17.61,7.05,2.209,2.68,31.7,15.0,0.596,3.186,agricultural_burning
18,12,0,0,54.82,67.63,12.6,132.22,83.23,2.385,2.2,35.9,50.7,0.811,10.494,vehicular
10,8,0,0,29.45,31.77,11.43,14.1,10.24,0.327,2.38,18.4,23.3,0.927,1.234,unknown
16,11,3,0,100.62,271.87,10.81,27.67,12.46,1.075,1.82,30.3,22.6,0.37,2.559,agricultural_burning
18,6,2,0,95.87,185.84,8.06,127.82,61.11,2.582,1.27,42.5,56.6,0.516,15.85,vehicular
9,4,4,0,198.67,371.95,4.49,38.63,21.03,1.279,3.13,24.4,46.7,0.534,8.602,agricultural_burning
16,4,1,0,112.4,265.8,13.99,17.98,11.82,1.102,1.98,31.1,32.4,0.423,1.285,agricultural_burning
7,12,5,1,95.04,140.27,3.14,36.02,21.24,0.505,1.16,11.4,65.2,0.678,11.487,seasonal_inversion
6,1,1,0,107.62,137.55,16.53,16.34,12.65,0.501,0.65,18.3,80.1,0.782,0.989,seasonal_inversion
17,4,2,0,92.08,108.85,3.21,53.8,32.29,3.032,2.21,29.9,75.3,0.846,16.742,vehicular
20,6,4,0,106.89,154.93,7.05,91.35,57.93,2.372,0.79,28.8,67.6,0.69,12.959,vehicular
7,5,2,0,52.88,80.64,6.37,107.43,56.45,3.166,1.58,32.7,45.4,0.656,16.862,vehicular
17,12,0,0,121.63,155.78,7.63,86.93,61.35,0.767,2.42,30.4,61.1,0.781,11.394,vehicular
20,8,0,0,58.28,87.87,9.05,111.82,59.87,3.492,2.7,23.0,51.9,0.663,12.35,vehicular
12,3,4,0,161.4,335.51,5.59,3.45,4.5,1.292,1.85,33.0,59.4,0.481,0.617,agricultural_burning
8,12,1,0,130.06,151.59,12.81,6.85,4.31,1.251,0.44,5.4,69.9,0.858,0.535,seasonal_inversion
6,3,4,0,176.36,200.16,89.52,43.78,29.19,0.948,0.93,27.0,72.3,0.881,0.489,industrial
10,4,6,1,150.99,274.91,11.3,34.69,15.09,1.614,4.33,37.1,58.5,0.549,3.071,agricultural_burning
18,7,1,0,88.26,149.84,9.33,63.72,33.13,1.59,1.2,30.2,55.9,0.589,6.826,vehicular
23,1,4,0,192.97,249.92,86.05,49.24,24.63,0.865,2.79,35.0,55.0,0.772,0.572,industrial
23,3,3,0,143.17,201.76,44.96,24.18,10.94,0.346,3.68,27.8,74.9,0.71,0.538,industrial
8,11,3,0,79.72,127.02,7.22,49.98,34.05,3.155,2.96,24.4,59.4,0.628,6.923,vehicular
18,6,1,0,56.54,78.15,9.45,22.05,9.8,0.886,6.05,19.0,27.7,0.724,2.333,unknown
9,11,5,1,115.95,246.97,13.18,18.79,4.06,2.582,3.53,35.2,53.9,0.469,1.425,agricultural_burning
1,5,6,1,189.93,248.39,41.82,30.56,20.7,0.489,3.65,32.9,71.0,0.765,0.731,industrial
9,3,2,0,126.95,250.29,5.78,13.75,12.58,2.058,2.04,34.8,47.8,0.507,2.38,agricultural_burning
7,12,5,1,62.07,83.86,9.49,18.32,12.48,0.566,0.46,26.1,68.6,0.74,1.931,seasonal_inversion
5,5,2,0,37.05,36.18,5.88,32.43,22.85,0.531,7.25,28.5,81.1,1.024,5.52,unknown
3,5,1,0,128.0,191.31,69.08,43.15,24.06,0.924,2.29,20.7,88.1,0.669,0.625,industrial
5,4,5,1,200.97,291.51,92.08,29.91,11.52,0.837,0.92,28.6,45.9,0.689,0.325,industrial
2,6,0,0,46.61,73.14,8.63,19.69,13.3,0.563,4.32,37.0,74.4,0.637,2.282,unknown
1,12,0,0,33.47,36.19,5.48,2.57,2.43,0.53,7.98,30.1,58.4,0.925,0.469,unknown
18,2,4,0,64.93,102.22,6.24,38.85,19.34,1.067,2.64,25.3,56.7,0.635,6.227,vehicular
18,2,4,0,85.94,132.96,6.9,89.67,66.14,2.409,1.83,34.3,71.8,0.646,12.996,vehicular
3,11,6,1,160.99,249.74,99.53,34.32,22.18,1.04,0.6,29.8,65.7,0.645,0.345,industrial
9,11,6,1,220.65,387.7,7.08,36.42,20.43,2.525,4.41,29.6,57.6,0.569,5.146,agricultural_burning
17,3,1,0,107.9,285.78,8.05,27.37,12.15,2.127,2.05,36.2,30.2,0.378,3.402,agricultural_burning
12,4,4,0,14.41,17.88,6.03,28.69,20.67,0.192,5.19,26.9,57.1,0.806,4.754,unknown
4,3,3,0,203.01,274.38,42.86,43.56,32.26,1.082,3.63,21.4,57.3,0.74,1.016,industrial
12,11,3,0,51.51,33.18,0.52,41.48,23.23,0.63,2.16,51.3,54.2,1.553,80.275,unknown
1,9,6,1,52.66,101.27,7.32,41.07,22.67,0.718,2.46,27.7,77.3,0.52,5.606,unknown
9,6,0,0,80.4,100.27,4.52,111.51,61.71,1.462,1.16,17.7,67.3,0.802,24.653,vehicular
4,2,1,0,130.08,140.5,103.64,5.53,4.02,0.93,1.74,28.2,85.9,0.926,0.053,industrial
9,1,1,0,32.35,59.95,14.63,21.34,7.77,0.555,2.05,28.2,36.2,0.54,1.458,unknown
9,10,5,1,237.62,327.1,11.75,5.69,-0.96,1.983,1.17,31.0,15.0,0.726,0.484,agricultural_burning
0,11,0,0,68.48,77.4,3.04,27.6,15.9,0.036,5.11,23.9,44.0,0.885,9.087,unknown
4,1,2,0,79.54,121.37,51.9,35.31,19.94,1.271,3.42,30.9,50.3,0.655,0.68,industrial
10,12,0,0,116.47,175.37,13.63,11.66,6.62,1.067,1.41,10.7,79.1,0.664,0.855,seasonal_inversion
9,12,1,0,127.44,214.34,18.87,19.22,7.7,0.959,1.48,12.5,72.8,0.595,1.019,seasonal_inversion
6,7,4,0,178.63,201.56,118.38,34.21,22.38,0.861,1.34,28.1,52.6,0.886,0.289,industrial
14,12,0,0,94.15,177.48,9.75,14.75,6.79,2.511,4.93,32.2,46.8,0.53,1.513,agricultural_burning
5,12,6,1,108.79,91.78,88.85,53.53,24.33,0.962,2.43,21.2,71.0,1.185,0.602,industrial
16,12,5,1,249.95,401.18,1.64,42.95,23.74,2.233,2.79,35.2,54.1,0.623,26.213,agricultural_burning
8,1,1,0,92.91,153.7,5.65,30.76,18.65,0.8,0.6,17.1,86.8,0.604,5.44,seasonal_inversion
0,6,3,0,45.77,50.18,8.69,19.32,15.12,0.442,7.27,17.1,22.3,0.912,2.224,unknown
11,4,6,1,106.22,243.24,12.97,9.01,6.91,1.074,2.45,20.0,30.5,0.437,0.695,agricultural_burning
0,2,6,1,47.23,45.96,6.37,12.19,8.03,1.015,4.42,34.7,60.4,1.028,1.914,unknown
4,3,6,1,150.24,168.97,83.54,35.33,19.56,0.426,2.72,32.8,70.1,0.889,0.423,industrial
18,11,4,0,130.96,285.41,11.1,21.58,13.46,2.084,2.7,34.4,55.3,0.459,1.944,agricultural_burning
22,7,2,0,24.71,46.06,7.61,19.85,8.53,0.586,3.01,40.9,61.1,0.537,2.609,unknown
5,10,4,0,120.16,152.67,92.51,15.78,9.84,1.122,1.95,25.6,64.5,0.787,0.171,industrial
6,12,0,0,90.69,140.12,5.75,20.96,10.75,1.357,0.34,20.9,65.7,0.647,3.646,seasonal_inversion
18,8,1,0,49.73,88.24,16.42,15.27,7.66,0.031,6.67,38.1,28.4,0.564,0.93,unknown
5,2,1,0,88.22,127.24,8.6,23.9,19.36,1.055,1.04,14.9,60.6,0.693,2.78,seasonal_inversion
18,2,2,0,45.23,76.44,5.2,72.71,56.36,2.886,1.33,23.2,80.3,0.592,13.975,vehicular
15,3,3,0,145.59,301.42,-0.98,19.11,9.56,2.362,2.47,38.3,15.0,0.483,5.0,agricultural_burning
5,4,4,0,174.1,274.87,73.33,41.13,32.53,0.709,2.62,25.0,82.6,0.633,0.561,industrial
8,1,3,0,109.01,128.91,2.44,31.57,21.04,0.079,0.88,11.0,51.6,0.846,12.929,seasonal_inversion
7,1,3,0,88.22,98.55,3.01,45.32,31.54,2.078,1.57,35.3,52.8,0.895,15.066,vehicular
12,11,2,0,152.12,324.44,8.51,16.45,10.2,1.415,2.31,34.2,61.2,0.469,1.933,agricultural_burning
14,10,1,0,58.74,179.99,8.74,7.94,5.2,1.391,1.97,32.4,35.6,0.326,0.909,agricultural_burning
10,4,4,0,166.5,387.74,3.7,22.04,13.74,2.068,1.82,22.0,31.9,0.429,5.965,agricultural_burning
7,5,6,1,2.88,9.46,10.44,21.83,11.25,0.821,1.99,27.0,39.0,0.304,2.091,unknown
22,3,1,0,156.44,158.71,96.66,40.48,20.42,0.718,3.41,23.5,66.0,0.986,0.419,industrial
19,2,0,0,78.87,148.3,4.37,119.43,78.81,3.385,1.76,33.3,31.5,0.532,27.338,vehicular
4,12,6,1,13.15,34.02,6.06,32.1,11.77,0.558,7.55,34.9,59.0,0.386,5.298,unknown
12,12,2,0,134.77,216.53,6.32,13.16,9.93,1.546,1.91,37.5,51.6,0.622,2.083,agricultural_burning
2,9,0,0,164.03,247.05,109.06,54.39,38.75,1.204,1.01,27.2,58.6,0.664,0.499,industrial
5,2,0,0,102.68,114.21,18.2,32.2,16.03,1.419,0.85,14.7,62.3,0.899,1.769,seasonal_inversion
16,3,5,1,189.1,385.85,4.91,22.66,13.18,0.276,2.69,29.8,48.3,0.49,4.616,agricultural_burning
10,11,3,0,78.13,123.46,-0.29,98.08,63.98,1.194,2.56,22.7,42.1,0.633,5.0,vehicular
17,7,0,0,81.19,78.4,7.44,100.72,61.44,3.295,2.55,28.3,69.7,1.036,13.54,vehicular
15,8,6,1,20.87,27.17,2.88,-5.94,-5.4,0.458,7.83,23.1,87.2,0.768,-2.058,unknown
19,6,4,0,127.49,221.71,5.38,100.77,63.61,3.327,1.61,24.2,45.3,0.575,18.737,vehicular
4,8,3,0,198.04,278.24,38.32,33.62,21.39,0.722,1.46,20.3,70.8,0.712,0.877,industrial
6,12,4,0,110.24,150.72,13.42,28.02,13.75,1.181,1.01,12.4,91.1,0.731,2.088,seasonal_inversion
2,2,5,1,156.05,251.25,70.29,39.15,28.91,0.802,1.49,24.6,75.9,0.621,0.557,industrial
2,6,0,0,18.32,36.16,-0.25,32.12,15.85,0.537,7.91,34.3,73.9,0.507,5.0,unknown
20,10,5,1,67.22,77.93,12.8,19.41,5.63,0.772,6.75,38.3,75.5,0.863,1.517,unknown
17,5,2,0,88.0,161.53,9.64,87.96,65.8,2.142,0.93,33.1,66.2,0.545,9.121,vehicular
11,6,3,0,41.65,63.63,6.98,22.94,14.55,0.397,6.69,18.9,58.5,0.655,3.285,unknown
0,12,5,1,131.25,209.12,89.84,27.08,14.03,0.946,0.91,26.9,45.2,0.628,0.301,industrial
2,6,5,1,156.74,261.58,82.34,20.99,10.23,0.61,1.11,23.8,48.3,0.599,0.255,industrial
12,11,1,0,114.18,300.23,8.22,15.04,10.26,1.397,3.78,22.5,54.8,0.38,1.828,agricultural_burning
6,2,5,1,59.08,111.61,4.63,42.37,21.6,0.653,1.69,24.9,75.1,0.529,9.15,unknown
8,1,4,0,60.77,67.73,24.26,4.62,5.79,1.48,0.44,29.3,69.2,0.897,0.19,seasonal_inversion
23,9,1,0,152.38,206.01,75.32,24.2,10.35,1.104,3.79,27.4,86.5,0.74,0.321,industrial
19,2,6,1,22.36,26.58,13.82,34.24,25.38,0.436,1.63,39.2,85.7,0.842,2.478,unknown
9,2,6,1,109.25,173.85,6.61,20.77,11.16,0.97,1.25,14.2,81.8,0.628,3.142,seasonal_inversion
15,11,1,0,207.36,330.95,7.12,29.29,17.06,2.473,2.9,31.5,53.1,0.627,4.116,agricultural_burning
10,2,1,0,88.67,163.86,11.95,36.98,21.62,0.747,0.6,14.7,80.2,0.541,3.095,seasonal_inversion
10,7,4,0,84.64,130.42,7.09,89.43,59.82,0.742,1.35,28.5,62.1,0.649,12.622,vehicular
18,3,0,0,194.69,323.32,5.83,18.95,8.6,0.959,1.45,29.2,53.0,0.602,3.252,agricultural_burning
17,10,2,0,131.49,239.32,10.41,6.86,3.67,1.783,3.75,41.7,35.6,0.549,0.659,agricultural_burning
17,11,1,0,101.54,181.24,1.55,80.1,63.12,2.51,1.77,33.7,67.4,0.56,51.606,vehicular
23,4,5,1,181.43,187.63,93.66,68.99,50.2,0.908,0.74,28.6,47.7,0.967,0.737,industrial
8,2,2,0,26.72,34.94,6.55,10.02,4.59,0.115,1.06,38.5,65.8,0.765,1.529,unknown
5,11,4,0,58.35,111.84,19.44,29.14,21.18,0.796,1.02,9.4,48.5,0.522,1.499,seasonal_inversion
10,2,0,0,110.14,162.78,13.53,40.11,13.51,0.769,0.95,12.9,96.1,0.677,2.965,seasonal_inversion
0,4,4,0,49.09,74.17,4.46,22.63,12.71,0.74,1.75,24.3,53.5,0.662,5.077,unknown
13,10,0,0,32.42,21.83,7.16,3.49,4.33,0.79,7.84,27.7,49.0,1.485,0.487,unknown
6,12,4,0,107.58,135.55,3.93,28.97,12.71,1.022,0.58,11.6,84.0,0.794,7.379,seasonal_inversion
4,1,4,0,57.6,54.46,11.22,27.23,15.97,0.539,2.49,24.8,34.3,1.058,2.427,unknown
11,8,1,0,39.34,59.54,12.1,27.57,11.83,0.695,6.87,28.5,42.4,0.661,2.278,unknown
5,1,4,0,202.52,264.13,104.99,25.2,18.79,0.623,2.41,39.3,79.6,0.767,0.24,industrial
17,12,4,0,199.55,308.46,7.43,22.68,16.33,0.41,1.95,24.4,28.1,0.647,3.054,agricultural_burning
23,9,3,0,24.24,38.41,8.71,2.99,-0.18,0.572,3.7,25.7,37.9,0.631,0.343,unknown
3,4,1,0,130.34,156.02,72.52,25.37,14.26,0.916,0.73,24.1,71.0,0.835,0.35,industrial
7,1,1,0,80.16,114.9,2.83,22.11,15.85,1.025,0.8,24.6,81.1,0.698,7.825,seasonal_inversion
17,3,3,0,222.47,309.49,3.77,2.44,0.63,2.083,1.16,32.7,74.6,0.719,0.648,agricultural_burning
4,5,6,1,51.32,48.52,4.05,16.07,10.93,0.495,6.87,27.5,77.3,1.058,3.967,unknown
18,11,1,0,73.7,105.91,7.74,68.07,38.78,1.696,1.94,33.3,58.0,0.696,8.791,vehicular
13,3,3,0,40.02,24.24,15.6,35.2,21.71,0.891,6.93,33.4,52.1,1.651,2.256,unknown
14,12,3,0,29.64,51.73,0.64,22.92,8.4,0.407,5.49,32.8,76.6,0.573,36.036,unknown
11,2,1,0,31.52,57.62,4.96,23.23,19.22,0.677,1.08,20.0,74.2,0.547,4.686,unknown
6,7,0,0,135.52,234.02,51.44,47.76,19.16,0.994,0.57,37.3,49.7,0.579,0.928,industrial
10,12,5,1,95.09,105.32,14.92,5.81,2.6,0.924,0.07,21.6,79.3,0.903,0.39,seasonal_inversion
2,1,2,0,192.85,245.2,92.73,60.42,42.32,1.0,0.71,20.8,71.1,0.787,0.652,industrial
16,11,4,0,140.1,242.75,6.23,21.31,9.3,1.333,4.09,32.6,23.9,0.577,3.423,agricultural_burning
17,8,1,0,64.33,92.73,5.97,42.46,30.49,2.661,2.77,30.8,80.4,0.694,7.11,vehicular
10,11,5,1,232.3,455.06,11.95,2.64,3.42,1.653,2.62,39.9,47.8,0.51,0.221,agricultural_burning
10,2,1,0,121.91,166.29,13.25,39.56,35.08,0.925,0.02,17.6,66.0,0.733,2.985,seasonal_inversion
8,1,0,0,139.86,167.33,11.1,27.35,17.25,1.332,0.99,14.9,89.1,0.836,2.464,seasonal_inversion
12,6,1,0,44.52,66.24,2.83,18.3,14.48,0.499,1.04,31.1,64.7,0.672,6.463,unknown
15,9,4,0,-1.35,-14.1,7.2,14.03,11.26,0.685,5.19,18.0,42.3,0.5,1.949,unknown
15,12,5,1,103.11,216.06,11.97,11.06,4.32,1.127,3.58,26.1,36.6,0.477,0.924,agricultural_burning
9,9,1,0,39.36,40.88,10.5,24.06,16.62,0.578,6.08,25.1,56.5,0.963,2.29,unknown
6,2,6,1,79.13,116.73,17.67,23.25,13.22,0.89,0.16,18.9,98.0,0.678,1.315,seasonal_inversion
7,11,3,0,90.88,133.42,6.98,31.2,18.66,0.598,0.5,17.3,63.1,0.681,4.472,seasonal_inversion
1,5,2,0,143.4,166.6,120.75,50.3,38.78,0.306,2.47,20.0,70.0,0.861,0.417,industrial
1,8,0,0,192.93,230.75,31.21,23.58,13.48,0.684,0.66,34.3,68.5,0.836,0.756,industrial
15,12,5,1,191.06,324.4,3.07,26.3,14.96,1.597,2.87,25.3,44.1,0.589,8.554,agricultural_burning
2,5,1,0,207.74,251.69,27.14,39.03,23.15,0.55,2.05,32.5,49.8,0.825,1.438,industrial
6,1,3,0,71.44,107.55,9.75,31.4,24.89,1.706,0.4,19.9,70.6,0.664,3.222,seasonal_inversion
8,10,4,0,133.26,165.69,0.1,80.35,52.77,2.253,0.73,35.9,38.2,0.804,821.855,vehicular
16,10,0,0,125.82,208.28,5.87,8.12,4.35,2.838,3.58,29.5,34.6,0.604,1.382,agricultural_burning
11,4,0,0,99.15,208.32,9.71,11.96,6.3,1.758,3.2,35.3,79.8,0.476,1.233,agricultural_burning
10,12,2,0,73.53,110.81,14.52,28.11,16.16,1.111,0.24,26.4,73.0,0.664,1.936,seasonal_inversion
7,11,0,0,59.28,91.5,19.44,35.24,22.09,0.699,0.86,18.1,76.0,0.648,1.812,seasonal_inversion
10,11,0,0,224.35,357.64,4.03,25.94,9.95,2.001,1.98,36.7,48.4,0.627,6.435,agricultural_burning
18,4,1,0,116.42,209.48,3.65,20.66,10.71,2.399,4.74,28.3,32.9,0.556,5.653,agricultural_burning
10,11,1,0,57.21,93.08,14.24,29.18,24.07,0.518,0.58,27.1,70.1,0.615,2.049,seasonal_inversion
2,5,6,1,133.52,209.83,92.58,53.89,38.54,0.709,0.73,28.8,66.2,0.636,0.582,industrial
11,4,4,0,115.7,222.09,2.7,8.74,4.92,2.958,1.59,30.7,39.8,0.521,3.237,agricultural_burning
19,10,2,0,23.11,34.62,2.64,18.69,11.66,0.433,7.45,31.2,94.7,0.667,7.092,unknown
10,11,2,0,158.86,247.92,17.5,29.0,20.43,0.285,0.4,24.3,89.7,0.641,1.658,seasonal_inversion
18,10,1,0,52.49,125.54,2.18,73.68,41.59,1.487,2.97,27.1,57.6,0.418,33.802,vehicular
2,11,1,0,42.22,70.59,8.59,30.6,14.8,0.431,6.87,22.4,69.1,0.598,3.56,unknown
11,11,1,0,120.69,259.01,3.16,31.02,22.36,1.376,4.83,20.9,43.4,0.466,9.822,agricultural_burning
0,8,5,1,44.18,44.6,11.04,23.91,15.0,0.663,4.52,15.3,64.9,0.991,2.166,unknown
8,1,3,0,97.41,169.19,1.51,76.47,49.36,4.41,2.97,24.4,20.2,0.576,50.766,vehicular
10,1,1,0,11.8,18.07,2.75,5.41,4.26,0.47,4.96,22.8,69.6,0.653,1.967,unknown
9,7,1,0,80.11,122.72,4.59,122.84,75.3,2.009,2.0,22.7,31.5,0.653,26.739,vehicular
6,6,5,1,54.82,68.26,13.41,9.1,4.55,0.368,3.4,35.0,98.0,0.803,0.679,unknown
17,8,0,0,55.91,70.44,4.98,100.42,63.36,1.918,1.47,29.6,31.3,0.794,20.182,vehicular
23,1,2,0,67.57,127.85,2.29,26.1,22.24,0.883,1.15,25.0,53.5,0.528,11.4,unknown
8,8,3,0,55.53,109.18,4.02,82.47,50.43,4.489,0.63,26.4,66.1,0.509,20.491,vehicular
11,10,2,0,122.21,238.87,7.44,16.33,7.67,0.415,4.27,34.6,40.6,0.512,2.195,agricultural_burning
10,12,6,1,79.39,105.48,23.93,29.95,26.88,0.867,1.07,15.7,74.7,0.753,1.252,seasonal_inversion
7,3,0,0,55.1,70.66,10.81,74.65,54.92,1.918,1.11,29.1,57.5,0.78,6.906,vehicular
10,4,6,1,207.19,380.68,8.22,9.19,6.79,2.602,3.11,23.6,51.5,0.544,1.118,agricultural_burning
5,8,3,0,37.61,66.88,-1.56,28.58,19.99,0.692,5.72,32.8,46.5,0.562,5.0,unknown
10,4,0,0,70.53,113.03,8.88,131.1,95.85,3.274,1.16,29.8,71.2,0.624,14.764,vehicular
13,6,0,0,46.78,41.05,2.5,15.86,5.96,0.369,4.17,38.5,15.0,1.139,6.338,unknown
22,6,3,0,169.83,174.15,78.68,53.98,35.74,1.048,0.79,27.9,54.7,0.975,0.686,industrial
1,11,1,0,215.99,266.84,133.53,21.33,21.0,1.173,1.18,28.2,57.1,0.809,0.16,industrial
23,8,3,0,27.43,32.37,4.85,18.19,15.58,0.508,2.07,18.5,69.8,0.848,3.748,unknown
15,3,0,0,15.36,48.76,5.87,29.91,13.58,0.571,7.75,31.6,53.9,0.315,5.099,unknown
11,9,0,0,29.14,39.21,5.58,23.46,12.86,0.558,4.49,32.3,58.7,0.743,4.206,unknown
20,2,2,0,65.95,91.29,10.39,21.11,12.86,0.706,6.89,44.8,67.1,0.722,2.031,unknown
13,11,0,0,42.2,58.14,18.07,33.96,16.99,0.228,5.31,22.4,60.1,0.726,1.879,unknown
7,12,4,0,105.04,142.57,1.42,31.28,15.74,1.213,0.85,23.8,78.0,0.737,22.06,seasonal_inversion
6,1,3,0,96.36,123.97,13.83,24.25,13.13,1.243,0.7,15.9,68.7,0.777,1.753,seasonal_inversion
3,8,1,0,214.2,259.54,55.0,27.1,20.31,0.943,2.66,22.9,70.6,0.825,0.493,industrial
16,3,6,1,172.1,353.33,8.86,10.37,8.52,1.442,3.27,41.9,15.0,0.487,1.17,agricultural_burning
6,12,0,0,88.61,109.01,6.62,7.74,3.72,1.352,1.44,17.2,83.8,0.813,1.168,seasonal_inversion
17,3,4,0,156.81,379.89,3.49,17.36,14.88,2.398,1.13,25.9,31.9,0.413,4.981,agricultural_burning
6,2,2,0,123.42,177.97,15.58,50.45,43.58,1.042,0.67,17.3,64.4,0.693,3.239,seasonal_inversion
22,7,2,0,124.59,160.27,66.12,29.96,20.29,0.645,1.91,33.8,61.2,0.777,0.453,industrial
9,3,1,0,103.03,137.5,11.7,58.49,28.03,2.342,0.65,30.7,60.4,0.749,5.001,vehicular
8,1,5,1,100.72,130.17,20.58,28.97,22.26,0.795,0.36,27.2,94.3,0.774,1.408,seasonal_inversion
6,1,4,0,104.67,130.06,13.12,18.95,14.96,0.929,0.28,22.3,90.7,0.805,1.444,seasonal_inversion
7,2,5,1,58.47,90.65,13.81,33.0,26.2,1.136,0.11,14.7,87.0,0.645,2.39,seasonal_inversion
11,12,0,0,66.12,100.55,8.61,12.0,3.29,0.649,7.13,26.7,80.7,0.658,1.393,unknown
9,12,1,0,121.67,197.92,26.39,25.52,17.6,0.454,0.77,21.5,67.4,0.615,0.967,seasonal_inversion
8,11,4,0,52.37,120.48,3.77,117.66,68.67,1.19,2.93,19.0,51.2,0.435,31.178,vehicular
11,12,2,0,166.36,283.26,8.84,7.04,3.96,1.181,1.23,32.2,57.6,0.587,0.796,agricultural_burning
9,1,1,0,96.62,116.12,5.01,27.89,19.58,2.031,0.92,10.7,59.7,0.832,5.569,seasonal_inversion
8,1,5,1,108.87,166.52,14.07,13.88,7.4,0.82,0.45,21.8,48.7,0.654,0.987,seasonal_inversion
7,11,6,1,89.05,132.13,15.27,19.85,16.3,1.485,0.86,12.9,77.0,0.674,1.3,seasonal_inversion
19,6,0,0,76.05,153.85,6.91,134.16,91.08,2.609,2.33,26.6,70.5,0.494,19.409,vehicular
20,8,4,0,20.53,54.29,7.8,44.05,19.62,1.381,2.07,35.3,65.0,0.378,5.65,vehicular
7,3,3,0,60.74,100.53,1.87,72.24,45.7,2.188,1.02,29.9,28.5,0.604,38.568,vehicular
18,12,6,1,119.57,236.41,3.4,11.15,8.48,2.629,4.82,39.5,32.3,0.506,3.275,agricultural_burning
10,11,0,0,16.36,4.91,6.07,10.52,5.79,0.563,4.29,36.5,76.8,3.332,1.733,unknown
6,12,3,0,99.9,132.02,14.66,19.49,12.36,1.006,0.55,20.0,76.8,0.757,1.329,seasonal_inversion
3,5,2,0,150.2,117.67,96.41,45.74,26.37,0.594,3.85,19.0,79.0,1.276,0.474,industrial
5,1,4,0,54.72,90.79,12.23,31.76,28.1,1.121,0.16,18.7,67.9,0.603,2.596,seasonal_inversion
22,8,5,1,167.81,227.5,93.63,52.28,40.83,0.507,3.29,26.5,63.5,0.738,0.558,industrial
18,10,6,1,127.58,229.78,6.95,23.84,11.77,1.543,3.05,31.8,52.4,0.555,3.431,agricultural_burning
6,12,1,0,28.59,47.24,9.84,25.71,12.41,0.545,7.36,24.6,68.9,0.605,2.612,unknown
6,12,5,1,82.74,118.39,11.01,15.93,13.49,1.048,1.1,12.1,82.0,0.699,1.447,seasonal_inversion
10,1,0,0,73.41,94.25,14.35,38.97,30.13,0.59,0.7,24.2,87.8,0.779,2.716,seasonal_inversion
10,11,3,0,86.97,132.2,11.44,37.32,25.35,0.963,0.31,17.5,70.1,0.658,3.263,seasonal_inversion
12,11,5,1,126.01,221.37,4.6,26.05,10.95,1.571,4.99,33.8,15.0,0.569,5.662,agricultural_burning
2,12,0,0,154.31,202.22,73.13,51.61,37.69,0.921,1.95,34.7,89.5,0.763,0.706,industrial
18,2,4,0,74.69,85.57,5.79,111.33,62.29,2.358,1.0,31.6,54.8,0.873,19.228,vehicular
10,11,4,0,107.32,150.98,12.68,36.02,27.09,0.92,0.83,13.1,74.7,0.711,2.839,seasonal_inversion
6,1,1,0,71.73,106.44,19.21,7.03,2.54,1.415,0.51,11.2,93.2,0.674,0.366,seasonal_inversion
5,1,3,0,97.77,117.36,86.0,26.28,21.92,0.045,1.58,30.7,54.1,0.833,0.306,industrial
10,1,3,0,50.58,77.93,18.93,41.77,24.74,1.167,0.94,18.2,71.9,0.649,2.206,seasonal_inversion
6,1,4,0,46.27,33.95,8.5,28.62,15.61,0.738,1.16,14.8,67.7,1.363,3.366,seasonal_inversion
14,3,1,0,79.58,238.21,5.0,31.45,20.13,2.041,2.31,35.4,66.7,0.334,6.293,agricultural_burning
20,7,2,0,70.93,105.62,3.63,64.08,39.55,3.693,2.15,30.1,28.4,0.672,17.672,vehicular
7,7,1,0,49.18,93.84,9.22,145.34,88.71,1.681,1.43,29.7,69.9,0.524,15.766,vehicular
22,1,2,0,40.07,51.25,4.19,-2.1,-2.43,0.305,4.14,25.6,64.0,0.782,-0.501,unknown
7,12,6,1,36.43,46.4,2.01,33.09,24.0,0.61,1.63,16.0,49.2,0.785,16.422,unknown
17,10,3,0,193.01,260.55,10.87,19.38,12.97,2.853,3.26,23.6,39.5,0.741,1.783,agricultural_burning
6,9,6,1,171.42,245.26,46.8,39.61,30.96,0.449,2.21,33.0,70.8,0.699,0.846,industrial
0,12,3,0,170.24,225.51,74.31,4.38,1.69,0.745,3.62,27.0,58.3,0.755,0.059,industrial
1,12,2,0,187.65,219.43,88.29,27.88,14.96,0.584,1.32,27.9,82.8,0.855,0.316,industrial
17,10,3,0,191.87,298.99,10.25,36.86,19.79,2.602,4.0,36.0,45.5,0.642,3.596,agricultural_burning
9,11,1,0,131.72,163.04,16.29,48.71,28.75,0.735,0.11,25.3,60.8,0.808,2.99,seasonal_inversion
9,8,3,0,107.68,131.22,6.84,90.51,59.33,2.388,2.57,31.9,23.7,0.821,13.236,vehicular
23,1,0,0,228.05,318.7,85.73,13.56,9.99,0.9,1.58,33.1,80.8,0.716,0.158,industrial
9,5,1,0,42.46,54.93,9.23,92.89,59.8,1.7,1.88,24.9,47.7,0.773,10.063,vehicular
5,2,0,0,90.44,149.61,19.59,24.03,20.15,1.216,1.08,16.5,68.1,0.604,1.227,seasonal_inversion
6,7,6,1,176.12,244.33,87.54,34.1,29.38,0.338,3.94,30.3,78.0,0.721,0.389,industrial
7,12,1,0,160.72,226.67,19.56,41.0,26.26,0.56,1.04,9.7,98.0,0.709,2.096,seasonal_inversion
0,9,4,0,107.99,125.6,56.12,14.81,7.34,0.747,3.15,23.2,82.2,0.86,0.264,industrial
7,12,1,0,94.22,125.34,8.87,31.23,15.81,1.076,0.79,23.7,63.3,0.752,3.522,seasonal_inversion
10,1,0,0,62.43,96.86,19.7,20.43,14.81,0.968,0.19,20.4,70.0,0.645,1.037,seasonal_inversion
2,7,3,0,131.84,145.76,34.14,37.57,16.58,0.826,3.11,33.4,66.4,0.905,1.101,industrial
18,10,5,1,160.55,306.06,7.56,29.39,14.66,1.236,4.2,33.3,40.2,0.525,3.888,agricultural_burning
18,1,0,0,62.01,129.05,9.42,66.48,47.82,2.785,2.09,29.9,54.8,0.481,7.055,vehicular
22,3,2,0,142.9,179.33,36.12,37.49,23.89,1.107,3.02,36.2,79.1,0.797,1.038,industrial
18,10,3,0,84.82,137.77,9.45,79.3,52.22,2.261,2.94,28.9,54.8,0.616,8.396,vehicular
8,7,4,0,145.44,280.38,7.85,84.28,47.99,2.34,2.59,37.2,45.5,0.519,10.734,vehicular
10,5,0,0,92.81,120.54,7.88,84.41,55.88,2.677,1.86,25.2,24.9,0.77,10.706,vehicular
10,10,0,0,91.77,158.16,10.64,28.28,15.14,2.078,1.13,36.0,60.2,0.58,2.659,agricultural_burning
18,12,2,0,54.37,275.96,6.3,33.31,21.36,2.435,2.43,32.0,47.3,0.197,5.292,agricultural_burning
7,2,4,0,43.11,84.46,13.31,123.76,89.69,2.823,0.89,25.1,37.0,0.51,9.302,vehicular
23,11,4,0,140.66,148.05,78.48,34.86,26.74,0.64,0.7,22.7,71.3,0.95,0.444,industrial
7,7,2,0,89.1,181.32,6.25,110.7,70.33,1.864,2.77,29.5,82.8,0.491,17.725,vehicular
17,9,0,0,87.98,154.99,4.47,122.01,91.46,1.178,2.75,31.6,48.4,0.568,27.265,vehicular
6,5,2,0,145.97,236.27,98.27,57.53,46.0,0.954,3.28,37.6,70.2,0.618,0.585,industrial
8,9,4,0,70.38,88.32,12.91,89.58,62.94,2.873,0.76,22.5,72.4,0.797,6.937,vehicular
5,12,5,1,143.44,174.46,95.0,23.56,13.81,0.919,2.41,28.5,52.3,0.822,0.248,industrial
9,9,1,0,66.1,114.61,2.39,17.67,3.92,0.445,5.48,23.5,72.3,0.577,7.409,unknown
8,1,3,0,50.22,42.1,12.26,29.86,19.16,0.745,0.42,12.3,51.5,1.193,2.435,seasonal_inversion
5,6,0,0,52.02,54.93,9.0,20.29,15.07,0.62,7.84,24.4,50.2,0.947,2.254,unknown
8,12,1,0,119.4,148.76,12.83,35.14,27.84,1.065,0.49,19.2,71.8,0.803,2.74,seasonal_inversion
6,2,1,0,50.07,76.21,10.59,47.37,25.77,0.986,1.44,16.8,87.3,0.657,4.473,seasonal_inversion
2,6,4,0,164.89,231.86,79.73,38.5,23.62,0.83,2.72,31.5,81.7,0.711,0.483,industrial
8,2,6,1,112.04,139.31,16.11,34.79,28.82,1.053,0.76,18.3,89.0,0.804,2.16,seasonal_inversion
9,2,4,0,79.86,138.83,5.29,96.54,58.08,3.149,0.98,38.9,49.6,0.575,18.247,vehicular
8,12,1,0,122.5,157.3,4.85,44.03,28.56,0.622,0.98,20.5,45.0,0.779,9.077,seasonal_inversion
2,5,3,0,18.81,10.09,14.23,15.9,10.54,0.753,6.33,23.8,89.7,1.865,1.117,unknown
9,1,6,1,78.19,137.32,8.3,23.8,17.44,0.822,1.25,20.4,84.5,0.569,2.868,seasonal_inversion
17,10,5,1,170.65,280.33,6.26,31.79,17.5,0.682,1.71,30.3,52.4,0.609,5.082,agricultural_burning
15,12,3,0,56.86,64.48,4.4,-3.33,-1.0,0.69,4.28,31.1,44.6,0.882,-0.757,unknown
10,11,4,0,236.35,367.27,2.38,36.88,18.75,0.927,3.87,28.4,70.5,0.644,15.495,agricultural_burning
17,3,3,0,104.92,150.86,9.0,88.88,53.45,0.898,2.26,43.1,60.3,0.696,9.876,vehicular
19,8,4,0,46.94,76.59,2.19,42.6,25.66,2.622,2.03,24.6,32.3,0.613,19.42,vehicular
3,2,0,0,154.76,164.14,60.21,13.57,9.41,1.194,2.96,28.3,71.9,0.943,0.225,industrial
22,6,6,1,29.69,50.79,10.34,31.61,15.75,0.442,3.2,28.3,82.8,0.585,3.057,unknown
8,6,3,0,95.17,169.32,6.85,72.14,33.69,2.82,1.08,35.6,62.1,0.562,10.531,vehicular
11,3,4,0,184.29,291.04,3.68,14.05,9.08,1.525,1.77,33.8,63.4,0.633,3.815,agricultural_burning
17,6,1,0,56.13,104.53,2.5,131.77,82.68,1.97,0.8,24.6,72.8,0.537,52.797,vehicular
18,3,4,0,190.11,318.28,9.6,22.63,12.58,2.051,3.06,35.3,47.5,0.597,2.358,agricultural_burning
17,4,1,0,76.74,150.25,0.11,139.67,93.76,2.957,1.08,43.7,59.1,0.511,1281.787,vehicular
12,11,5,1,181.55,331.89,11.22,7.95,2.16,1.741,2.89,31.0,38.8,0.547,0.708,agricultural_burning
22,6,5,1,177.52,205.78,58.52,70.96,45.71,0.354,3.83,27.4,100.0,0.863,1.213,industrial
23,12,6,1,162.4,184.3,44.14,17.52,11.7,0.9,1.86,37.3,67.0,0.881,0.397,industrial
13,12,1,0,150.96,221.3,7.35,26.84,10.68,2.485,1.4,39.4,49.6,0.682,3.649,agricultural_burning
7,11,2,0,78.09,136.1,6.65,38.21,20.78,2.215,0.92,27.4,74.4,0.574,5.749,vehicular
11,11,3,0,160.58,290.54,9.31,27.13,14.26,1.943,3.76,25.5,29.7,0.553,2.915,agricultural_burning
0,4,3,0,18.44,19.25,4.61,26.36,18.53,0.27,2.63,20.0,66.0,0.958,5.717,unknown
9,11,5,1,166.26,246.58,16.81,51.44,30.88,1.474,0.03,16.2,77.2,0.674,3.061,seasonal_inversion
3,2,1,0,55.06,65.93,12.23,11.44,3.64,0.37,4.67,27.8,42.3,0.835,0.935,unknown
9,11,2,0,48.76,94.66,1.28,24.48,16.41,1.041,1.4,18.0,68.4,0.515,19.112,seasonal_inversion
8,12,1,0,180.7,240.56,20.03,3.22,3.36,1.511,0.22,19.5,40.8,0.751,0.161,seasonal_inversion
10,7,3,0,12.47,48.23,9.77,20.18,10.53,0.285,4.73,28.9,57.3,0.259,2.066,unknown
7,12,2,0,86.13,117.68,22.5,18.12,12.09,1.052,0.04,14.7,95.4,0.732,0.805,seasonal_inversion
13,1,2,0,50.13,60.16,9.2,18.97,10.6,0.323,4.13,32.4,73.1,0.833,2.062,unknown
12,12,2,0,21.37,10.39,9.96,13.68,8.5,0.44,1.7,31.1,42.4,2.056,1.374,unknown
8,1,4,0,63.68,42.26,21.41,37.65,18.23,0.673,0.83,20.3,64.0,1.507,1.759,seasonal_inversion
14,3,5,1,119.18,207.28,6.7,31.6,20.61,1.293,3.04,18.5,55.8,0.575,4.715,agricultural_burning
8,12,4,0,101.57,167.26,5.55,40.28,23.63,1.182,0.1,23.8,74.3,0.607,7.256,seasonal_inversion
18,11,3,0,114.16,250.2,6.38,37.44,23.85,1.256,3.21,33.7,43.1,0.456,5.87,agricultural_burning
8,11,4,0,51.77,71.46,17.32,28.67,16.75,1.085,1.05,3.3,67.4,0.724,1.655,seasonal_inversion
10,3,4,0,45.89,93.51,5.31,67.03,35.17,2.808,1.18,31.1,44.9,0.491,12.625,vehicular
4,3,2,0,174.81,201.48,60.69,25.83,17.35,0.744,0.82,24.4,62.8,0.868,0.425,industrial
7,11,5,1,137.73,228.81,7.35,41.21,28.21,1.043,1.02,17.8,69.1,0.602,5.608,seasonal_inversion
5,12,1,0,149.11,183.95,72.42,47.11,27.5,0.805,1.88,34.2,91.9,0.811,0.651,industrial
17,4,4,0,159.6,339.9,8.42,24.85,17.02,1.572,3.26,31.6,27.2,0.47,2.953,agricultural_burning
15,10,4,0,52.8,87.46,15.32,6.45,7.52,0.586,3.96,25.2,46.3,0.604,0.421,unknown
10,11,1,0,101.96,114.47,6.3,17.11,15.63,1.08,1.28,14.5,88.0,0.891,2.718,seasonal_inversion
7,11,2,0,139.59,207.04,9.99,42.69,23.62,0.255,0.02,16.2,63.6,0.674,4.273,seasonal_inversion
1,4,0,0,202.82,254.06,32.99,37.86,27.53,0.186,3.56,16.5,66.3,0.798,1.148,industrial
7,9,1,0,107.59,174.67,2.59,43.63,30.17,2.899,0.53,27.7,65.9,0.616,16.83,vehicular
9,11,6,1,125.35,188.88,9.12,24.85,18.65,0.779,0.18,20.3,81.6,0.664,2.724,seasonal_inversion
4,1,0,0,144.94,191.58,69.8,30.72,21.94,0.569,1.73,31.0,50.9,0.757,0.44,industrial
8,2,6,1,122.61,159.12,17.77,36.52,22.09,1.41,0.03,15.0,84.0,0.771,2.056,seasonal_inversion
19,12,4,0,78.16,104.05,2.35,127.34,101.36,2.666,2.38,33.2,42.2,0.751,54.18,vehicular
22,3,0,0,25.56,43.37,2.61,33.26,19.95,0.61,5.88,31.6,65.5,0.589,12.762,unknown
18,3,1,0,31.4,45.62,7.88,92.96,57.52,2.087,1.4,33.2,65.3,0.688,11.793,vehicular
15,1,3,0,56.99,81.26,4.46,11.29,11.53,0.269,1.23,26.9,70.9,0.701,2.531,unknown
9,12,1,0,97.72,125.89,8.19,14.21,8.73,0.673,0.56,25.4,92.0,0.776,1.735,seasonal_inversion
6,4,5,1,74.31,121.51,3.53,22.62,16.85,0.373,7.63,31.4,68.4,0.612,6.413,unknown
4,9,6,1,204.54,323.17,83.42,33.42,15.91,1.455,1.27,31.2,75.6,0.633,0.401,industrial
5,5,2,0,163.44,213.67,65.91,45.88,21.71,0.974,2.39,25.0,68.0,0.765,0.696,industrial
7,12,0,0,64.92,98.86,4.49,116.42,84.37,1.862,0.89,20.2,44.1,0.657,25.92,vehicular
3,11,5,1,36.56,61.3,9.36,20.37,12.63,0.331,7.83,39.4,33.4,0.596,2.175,unknown
7,2,0,0,75.39,71.99,4.37,24.84,16.62,1.313,0.29,15.1,89.8,1.047,5.683,seasonal_inversion
5,11,4,0,97.37,133.7,10.21,25.95,19.9,1.285,0.46,13.4,81.1,0.728,2.542,seasonal_inversion
7,10,3,0,64.01,137.98,10.29,94.59,68.95,1.365,1.8,33.4,41.5,0.464,9.188,vehicular
7,12,0,0,133.08,207.18,1.83,39.83,21.68,0.49,1.07,30.8,87.7,0.642,21.803,seasonal_inversion
17,10,1,0,65.7,98.84,-0.32,18.35,12.88,0.616,1.13,23.7,48.4,0.665,5.0,unknown
12,3,2,0,91.69,163.6,11.52,20.7,12.27,1.311,2.92,30.0,48.2,0.56,1.798,agricultural_burning
10,1,2,0,37.09,25.25,12.51,32.07,28.05,0.175,3.25,36.5,77.8,1.469,2.563,unknown
1,10,0,0,59.63,69.24,11.98,13.21,9.37,0.451,2.81,28.9,83.3,0.861,1.103,unknown
7,11,4,0,129.57,172.27,4.12,29.98,30.1,0.952,0.26,12.7,46.8,0.752,7.275,seasonal_inversion
10,12,6,1,120.99,199.36,8.84,27.45,24.43,0.937,0.33,16.4,69.9,0.607,3.105,seasonal_inversion
20,12,0,0,60.42,121.22,1.25,50.24,32.32,3.089,0.52,25.5,57.0,0.498,40.068,vehicular
14,5,6,1,40.21,49.79,16.84,26.05,14.4,0.237,4.05,32.6,66.7,0.808,1.547,unknown
20,2,1,0,-1.53,-7.62,2.97,15.49,12.0,0.518,3.05,22.9,45.3,0.5,5.219,unknown
14,9,2,0,67.0,69.64,9.07,18.04,9.58,0.594,5.87,33.0,81.3,0.962,1.99,unknown
10,1,0,0,74.38,112.36,6.95,3.97,0.91,0.606,7.56,32.1,59.8,0.662,0.57,unknown
8,1,0,0,109.06,158.11,11.96,18.72,13.87,1.09,1.09,11.8,71.6,0.69,1.565,seasonal_inversion
13,11,2,0,100.04,178.67,2.82,8.0,6.9,2.153,3.23,30.2,44.3,0.56,2.836,agricultural_burning
10,11,1,0,146.21,250.64,12.02,23.62,9.04,2.331,1.24,38.5,67.8,0.583,1.965,agricultural_burning
9,1,0,0,38.84,70.33,10.73,32.12,19.69,0.433,4.16,23.2,39.2,0.552,2.994,unknown
1,9,0,0,41.47,54.27,10.39,14.93,9.05,0.993,5.48,25.4,47.2,0.764,1.437,unknown
7,7,4,0,57.78,74.1,11.99,52.93,35.26,2.906,0.86,22.2,60.0,0.78,4.415,vehicular
8,5,2,0,57.03,87.43,8.5,84.76,49.46,1.39,2.69,28.9,47.7,0.652,9.976,vehicular
17,12,4,0,187.52,323.49,12.8,6.09,3.73,2.355,4.58,35.3,64.5,0.58,0.476,agricultural_burning
12,3,6,1,122.61,312.63,4.74,35.13,20.13,1.156,2.65,33.6,78.4,0.392,7.416,agricultural_burning
22,5,1,0,166.81,189.32,108.21,57.8,45.89,0.854,2.83,19.8,78.2,0.881,0.534,industrial
17,3,3,0,71.4,121.1,6.31,62.55,24.6,3.27,2.66,30.1,50.7,0.59,9.917,vehicular
6,2,5,1,178.37,205.48,83.9,30.01,15.37,0.849,2.95,32.0,50.0,0.868,0.358,industrial
10,11,2,0,208.9,312.38,9.38,30.9,18.32,0.789,1.74,28.8,69.7,0.669,3.293,agricultural_burning
20,6,3,0,62.58,85.01,3.94,79.79,51.75,3.039,2.57,28.7,58.2,0.736,20.277,vehicular
2,7,3,0,159.08,270.7,46.39,28.63,15.55,1.179,2.25,25.3,68.8,0.588,0.617,industrial
9,11,5,1,68.81,85.68,14.35,31.7,19.97,1.198,1.35,23.5,57.6,0.803,2.209,seasonal_inversion
23,12,4,0,12.15,14.9,1.73,21.27,14.09,0.521,7.74,31.6,53.6,0.815,12.271,unknown
7,3,4,0,42.0,77.99,12.44,14.73,9.8,0.465,7.11,31.5,54.9,0.539,1.184,unknown
3,2,0,0,217.63,253.64,90.69,34.58,24.72,0.974,1.62,23.3,65.0,0.858,0.381,industrial
9,11,5,1,106.28,142.65,23.48,29.61,27.25,1.208,1.29,18.6,82.0,0.745,1.261,seasonal_inversion
8,3,0,0,69.68,112.0,2.14,82.3,61.43,2.209,1.65,30.8,38.3,0.622,38.425,vehicular
10,2,2,0,85.44,172.15,3.71,72.8,50.3,1.892,1.17,35.7,60.9,0.496,19.619,vehicular
18,11,1,0,41.95,48.58,4.15,37.53,27.24,0.664,2.22,39.5,47.4,0.863,9.034,unknown
22,8,6,1,13.6,5.81,7.29,2.07,5.17,0.057,6.77,32.3,54.2,2.34,0.284,unknown
2,10,6,1,132.36,160.14,39.83,42.81,21.53,0.415,1.84,39.9,61.9,0.826,1.075,industrial
6,6,6,1,96.07,126.78,42.22,21.57,16.12,0.792,2.15,28.3,39.2,0.758,0.511,industrial
23,12,1,0,177.72,240.54,65.38,50.79,23.21,0.315,0.6,26.5,57.5,0.739,0.777,industrial
19,8,2,0,110.55,149.76,6.69,126.95,74.02,1.652,0.8,21.8,69.0,0.738,18.967,vehicular
6,2,3,0,35.93,40.04,20.72,6.14,4.9,0.321,0.48,6.5,89.4,0.897,0.297,seasonal_inversion
19,1,6,1,24.3,39.74,7.55,22.17,17.26,0.377,4.94,30.1,98.0,0.612,2.936,unknown
22,3,1,0,183.31,225.08,88.5,47.03,31.23,0.415,3.83,31.4,93.2,0.814,0.531,industrial
4,6,2,0,38.38,68.13,2.92,33.39,19.67,0.355,5.85,30.2,75.8,0.563,11.432,unknown
5,12,2,0,157.44,149.01,110.42,9.72,12.51,0.326,2.06,13.3,61.2,1.057,0.088,industrial
6,5,4,0,12.28,25.05,13.36,15.1,10.53,0.709,1.93,29.9,36.2,0.49,1.129,unknown
7,7,2,0,48.48,81.13,9.11,69.71,41.07,3.195,2.61,17.4,52.2,0.598,7.655,vehicular
8,8,0,0,74.86,129.09,3.06,104.31,64.94,2.94,2.68,36.0,80.5,0.58,34.054,vehicular
12,10,0,0,140.79,240.4,2.35,15.79,8.84,3.155,3.78,35.2,36.8,0.586,6.723,agricultural_burning
4,6,0,0,31.41,40.42,10.71,8.22,6.94,0.176,5.01,22.0,56.4,0.777,0.768,unknown
7,2,3,0,105.93,124.0,8.3,29.94,13.05,1.161,1.44,18.8,90.9,0.854,3.607,seasonal_inversion
9,2,4,0,88.49,153.85,6.07,7.96,5.63,1.315,1.21,22.4,75.6,0.575,1.311,seasonal_inversion
12,5,6,1,58.47,61.21,5.39,19.24,12.74,0.415,7.87,26.0,90.4,0.955,3.57,unknown
3,6,0,0,157.54,191.86,63.87,57.45,32.71,0.238,2.69,31.6,59.9,0.821,0.899,industrial
12,12,4,0,185.41,373.68,10.36,38.06,20.46,1.379,2.34,33.3,44.0,0.496,3.673,agricultural_burning
4,8,6,1,138.02,169.1,83.75,40.25,27.37,0.446,0.74,25.6,60.8,0.816,0.481,industrial
11,2,2,0,15.7,20.81,13.35,12.98,9.88,0.19,4.19,19.5,36.4,0.754,0.973,unknown
11,11,6,1,45.75,53.02,6.87,18.29,16.07,0.146,7.25,29.8,64.8,0.863,2.662,unknown
18,12,3,0,38.99,40.32,7.62,86.45,51.13,1.629,2.71,32.7,79.6,0.967,11.34,vehicular
19,1,4,0,49.96,94.49,6.11,80.75,55.25,1.639,2.52,31.4,63.4,0.529,13.224,vehicular
6,11,5,1,49.48,59.71,15.07,51.01,31.42,0.896,1.11,23.9,76.9,0.829,3.384,seasonal_inversion
11,3,2,0,161.35,252.85,2.92,22.28,14.43,1.288,2.37,33.2,58.2,0.638,7.626,agricultural_burning
10,10,4,0,68.57,123.21,11.34,15.08,9.81,1.289,1.05,27.6,58.0,0.556,1.33,agricultural_burning
12,12,4,0,210.45,317.01,3.59,25.46,15.77,2.832,4.68,34.5,37.0,0.664,7.091,agricultural_burning
23,3,6,1,143.28,171.93,78.68,55.4,34.39,0.171,2.63,26.6,76.9,0.833,0.704,industrial
6,12,2,0,85.68,124.56,10.43,28.89,23.6,0.743,0.07,20.2,82.7,0.688,2.769,seasonal_inversion
11,10,3,0,157.28,293.69,8.03,18.23,8.57,1.774,3.77,25.7,68.3,0.536,2.271,agricultural_burning
16,10,4,0,122.14,330.43,10.24,10.08,3.9,1.588,2.1,34.6,18.2,0.37,0.985,agricultural_burning
0,1,4,0,131.13,167.56,83.42,49.15,34.64,0.822,1.0,35.9,49.2,0.783,0.589,industrial
8,12,1,0,106.69,147.31,3.42,86.19,40.01,2.68,1.06,25.8,62.1,0.724,25.228,vehicular
10,2,1,0,55.61,96.54,10.29,59.24,37.27,2.452,0.99,28.9,50.2,0.576,5.76,vehicular
2,9,2,0,174.48,253.79,120.21,42.22,26.94,1.072,1.76,25.3,97.6,0.688,0.351,industrial
19,12,3,0,119.78,176.59,4.51,109.87,69.08,3.104,0.99,28.4,66.1,0.678,24.358,vehicular
6,12,1,0,151.72,193.19,6.16,25.66,16.25,0.564,1.35,21.6,83.3,0.785,4.162,seasonal_inversion
6,1,2,0,129.03,197.81,2.42,24.95,18.67,0.519,0.0,15.5,79.9,0.652,10.303,seasonal_inversion
10,12,0,0,33.07,68.19,7.1,115.37,82.58,2.17,1.86,25.8,75.8,0.485,16.258,vehicular
1,2,1,0,50.92,63.89,15.24,2.81,1.86,0.471,4.8,29.9,42.6,0.797,0.184,unknown
5,11,6,1,117.16,230.95,76.91,52.98,34.6,0.4,0.62,31.0,77.5,0.507,0.689,industrial
6,10,5,1,240.29,335.18,69.43,-2.17,0.05,1.004,1.58,24.0,55.0,0.717,-0.031,industrial
9,2,2,0,123.05,144.62,22.72,-1.96,-0.78,0.769,1.33,23.1,95.2,0.851,-0.086,seasonal_inversion
0,9,0,0,51.92,68.52,10.23,7.65,3.83,0.458,4.44,26.0,85.2,0.758,0.748,unknown
6,2,6,1,162.16,236.6,74.05,26.43,21.06,1.44,3.83,32.3,61.1,0.685,0.357,industrial
17,5,2,0,58.19,92.08,3.93,76.66,40.89,4.104,2.89,23.9,43.5,0.632,19.481,vehicular
21,2,6,1,33.32,85.39,9.38,25.48,18.06,0.272,2.13,30.1,58.4,0.39,2.718,unknown
3,1,6,1,24.72,31.98,4.22,16.62,9.82,0.465,1.15,13.7,72.2,0.773,3.942,unknown
9,12,1,0,15.41,26.31,6.14,32.43,23.0,0.059,5.82,28.5,65.8,0.586,5.279,unknown
17,8,1,0,46.58,118.64,3.15,73.9,48.6,2.902,0.76,27.7,41.3,0.393,23.441,vehicular
5,11,5,1,65.3,112.59,5.8,18.26,6.9,0.624,0.64,20.0,98.0,0.58,3.149,seasonal_inversion
7,11,6,1,41.23,54.61,11.66,23.87,13.12,0.998,0.35,20.5,65.0,0.755,2.048,seasonal_inversion
8,11,0,0,98.59,199.13,3.71,114.92,69.76,2.813,2.4,30.2,61.4,0.495,30.961,vehicular
5,1,5,1,76.74,79.36,5.12,16.85,4.38,1.088,0.66,20.4,77.2,0.967,3.289,seasonal_inversion
3,3,6,1,157.83,191.5,104.55,52.73,31.86,0.71,1.86,29.5,44.9,0.824,0.504,industrial
7,1,0,0,61.11,86.74,0.85,36.92,25.92,0.929,0.62,15.4,81.0,0.705,43.358,seasonal_inversion
14,3,5,1,32.11,34.19,18.23,25.83,13.58,0.596,3.39,36.5,71.4,0.939,1.417,unknown
12,4,2,0,154.37,355.73,6.14,19.37,10.78,0.703,2.85,27.4,42.4,0.434,3.154,agricultural_burning
8,2,0,0,81.88,77.28,16.57,25.65,23.08,1.217,0.86,24.7,68.5,1.06,1.549,seasonal_inversion
9,9,5,1,3.89,-0.99,11.52,14.37,9.9,0.429,5.26,31.4,75.1,0.5,1.247,unknown
4,4,2,0,44.55,73.36,2.78,39.05,23.92,0.613,2.04,37.2,33.2,0.607,14.023,unknown
7,4,0,0,79.8,140.33,2.75,84.84,57.82,2.734,1.09,25.3,76.2,0.569,30.818,vehicular
1,8,0,0,22.3,-1.25,13.61,13.29,6.77,0.337,7.67,26.3,77.5,0.5,0.976,unknown
11,4,2,0,218.05,363.42,12.43,10.45,3.55,1.122,1.47,39.0,15.0,0.6,0.841,agricultural_burning
13,4,3,0,158.75,262.86,9.59,18.15,9.9,2.428,4.67,35.8,37.9,0.604,1.892,agricultural_burning
12,10,5,1,214.93,356.35,-0.68,8.39,7.03,1.987,3.7,23.5,68.6,0.603,5.0,agricultural_burning
1,11,1,0,217.93,280.04,73.51,41.61,30.02,0.706,1.98,33.3,66.4,0.778,0.566,industrial
9,2,3,0,136.45,188.39,5.9,31.6,20.51,0.993,1.29,15.2,73.3,0.724,5.36,seasonal_inversion
11,11,4,0,220.96,314.91,8.26,34.35,23.17,1.7,2.28,30.0,41.7,0.702,4.16,agricultural_burning
14,3,3,0,125.19,274.01,13.19,10.46,6.49,2.15,2.52,22.5,37.0,0.457,0.793,agricultural_burning
22,9,5,1,15.98,5.13,5.36,32.63,18.34,0.429,2.72,12.7,66.3,3.116,6.09,unknown
6,11,1,0,25.39,44.06,13.85,39.95,27.94,0.546,6.39,29.6,71.8,0.576,2.885,unknown
17,12,1,0,48.51,57.09,8.91,35.35,19.87,0.595,6.38,23.1,38.2,0.85,3.968,unknown
17,5,0,0,61.33,75.09,6.1,119.1,63.42,2.378,1.33,23.0,39.7,0.817,19.515,vehicular
13,11,4,0,211.56,321.79,8.67,23.04,11.92,0.914,3.52,34.2,57.4,0.657,2.658,agricultural_burning
12,11,5,1,190.42,280.76,5.98,17.61,11.05,2.326,3.77,25.7,26.7,0.678,2.946,agricultural_burning
11,4,2,0,51.29,61.06,8.61,26.04,13.45,0.507,2.14,34.3,50.1,0.84,3.023,unknown
9,12,1,0,58.25,100.81,15.99,21.01,12.36,0.431,2.96,28.5,53.3,0.578,1.314,unknown
6,11,1,0,98.29,121.81,13.85,37.39,27.47,0.454,0.21,11.1,53.3,0.807,2.7,seasonal_inversion
0,7,4,0,54.62,65.11,10.73,33.24,19.97,0.4,6.99,11.4,52.8,0.839,3.097,unknown
14,9,1,0,39.49,69.7,10.15,23.74,19.37,0.485,2.16,31.0,79.0,0.566,2.339,unknown
5,3,3,0,213.9,286.69,88.43,46.17,35.86,0.642,2.24,22.9,75.8,0.746,0.522,industrial
7,2,4,0,98.56,102.5,12.95,27.64,18.67,0.86,0.8,18.2,85.5,0.962,2.134,seasonal_inversion
7,7,3,0,83.79,138.24,6.39,125.63,72.24,1.968,2.07,35.2,84.0,0.606,19.669,vehicular
19,2,6,1,50.43,34.43,5.61,14.5,10.34,0.564,6.3,21.5,98.0,1.465,2.588,unknown
13,3,6,1,113.19,220.55,13.62,16.56,14.8,1.949,3.57,35.0,57.2,0.513,1.216,agricultural_burning
5,5,1,0,37.76,36.15,13.86,16.45,7.79,0.121,2.25,30.6,58.9,1.045,1.187,unknown
16,4,3,0,144.02,322.08,12.27,26.25,14.9,2.018,4.7,27.4,46.0,0.447,2.139,agricultural_burning
17,2,5,1,46.12,47.43,3.75,17.89,10.61,0.696,3.9,30.6,59.0,0.972,4.769,unknown
23,1,2,0,202.12,277.08,79.67,42.46,29.44,0.332,3.19,31.0,59.5,0.729,0.533,industrial
3,4,3,0,107.15,168.38,74.27,25.43,17.47,0.965,1.31,29.4,56.9,0.636,0.342,industrial
22,12,6,1,52.79,77.29,14.08,26.78,16.11,0.329,3.98,27.8,61.5,0.683,1.903,unknown
20,7,1,0,78.77,131.16,10.39,80.55,54.66,2.111,2.91,26.4,64.9,0.601,7.754,vehicular
7,1,1,0,62.33,127.43,8.11,77.96,54.43,2.236,1.43,26.6,54.6,0.489,9.618,vehicular
2,5,5,1,122.26,141.62,28.23,19.33,13.27,0.9,0.79,31.1,42.0,0.863,0.685,industrial
10,1,6,1,134.57,202.19,19.08,29.68,20.11,0.808,0.12,13.6,85.3,0.666,1.556,seasonal_inversion
8,1,4,0,43.95,71.91,10.94,90.81,61.22,3.468,0.56,30.3,44.9,0.611,8.3,vehicular
7,1,0,0,98.64,130.98,11.36,11.1,5.93,1.227,0.21,12.0,69.6,0.753,0.977,seasonal_inversion
5,11,5,1,174.15,224.22,94.15,3.06,3.64,1.062,3.06,30.5,67.6,0.777,0.033,industrial
4,3,6,1,153.54,241.86,94.53,38.06,31.18,1.116,1.93,28.2,33.6,0.635,0.403,industrial
14,4,3,0,22.77,26.97,17.71,38.42,17.5,0.47,4.16,24.7,64.0,0.844,2.17,unknown
18,11,2,0,198.51,283.26,4.06,28.81,16.71,2.418,2.66,36.3,37.0,0.701,7.091,agricultural_burning
10,2,1,0,118.61,161.61,5.87,31.7,15.63,1.261,1.03,13.2,48.7,0.734,5.403,seasonal_inversion
7,1,6,1,71.69,105.79,14.48,16.6,9.03,0.786,1.47,17.8,70.4,0.678,1.147,seasonal_inversion
8,4,4,0,29.32,30.85,3.3,54.77,40.17,2.874,1.91,34.3,22.3,0.95,16.603,vehicular
3,8,3,0,194.14,286.82,72.92,45.89,19.84,0.843,0.55,32.1,62.2,0.677,0.629,industrial
1,10,1,0,54.93,70.88,11.3,27.5,16.74,0.466,4.4,36.7,43.5,0.775,2.432,unknown
9,6,2,0,52.64,91.1,9.74,16.64,10.81,0.743,3.75,27.7,65.7,0.578,1.71,unknown
9,5,1,0,34.93,55.76,4.11,15.49,11.46,0.63,4.12,18.7,75.7,0.626,3.771,unknown
5,2,2,0,119.56,173.03,8.12,40.97,26.52,0.789,1.47,14.0,79.3,0.691,5.043,seasonal_inversion
2,5,3,0,183.7,229.9,48.03,12.73,9.28,1.328,2.83,33.6,68.1,0.799,0.265,industrial
8,11,0,0,59.73,112.16,12.91,32.81,27.37,0.745,0.66,17.3,91.5,0.533,2.54,seasonal_inversion
8,11,1,0,65.54,88.6,10.14,33.75,31.49,0.77,0.46,19.8,90.8,0.74,3.327,seasonal_inversion
0,10,6,1,166.06,206.35,83.07,32.24,21.09,0.678,2.43,38.7,53.7,0.805,0.388,industrial
9,12,4,0,221.24,372.69,10.12,32.59,23.81,1.602,4.77,32.3,48.0,0.594,3.222,agricultural_burning
4,12,1,0,135.04,148.78,72.03,32.65,28.5,0.454,2.66,28.2,83.7,0.908,0.453,industrial
6,5,3,0,88.37,106.53,50.26,31.09,12.95,1.437,1.4,31.7,73.7,0.83,0.619,industrial
10,10,1,0,158.78,318.07,9.15,17.22,7.11,2.751,3.99,32.9,56.9,0.499,1.882,agricultural_burning
0,3,5,1,137.32,206.95,63.14,39.86,33.45,0.854,1.31,26.2,63.3,0.664,0.631,industrial
17,4,6,1,126.82,334.97,1.59,15.34,11.26,1.936,4.28,35.4,39.5,0.379,9.677,agricultural_burning
20,4,0,0,91.33,158.03,5.64,94.03,66.31,2.669,1.55,39.7,71.3,0.578,16.659,vehicular
23,12,4,0,40.29,63.38,5.66,11.97,4.14,0.343,6.72,32.9,37.1,0.636,2.116,unknown
8,12,5,1,89.6,128.2,12.49,16.88,14.23,0.119,0.59,16.1,78.8,0.699,1.351,seasonal_inversion
14,4,4,0,245.04,383.42,11.21,6.14,2.32,1.428,4.0,40.4,29.1,0.639,0.548,agricultural_burning
5,1,3,0,70.34,62.38,8.47,42.87,27.7,0.597,1.14,23.9,76.3,1.127,5.062,seasonal_inversion
14,12,0,0,158.06,261.59,9.5,2.07,1.19,2.132,1.21,29.3,46.7,0.604,0.218,agricultural_burning
7,11,5,1,114.54,112.56,11.77,23.0,13.59,0.992,0.24,15.6,76.9,1.018,1.955,seasonal_inversion
7,12,5,1,86.51,73.49,8.12,14.38,13.71,0.734,1.48,20.7,73.7,1.177,1.771,seasonal_inversion
15,1,0,0,76.27,88.23,13.28,18.83,14.95,0.937,6.03,25.1,48.4,0.864,1.418,unknown
4,8,3,0,207.59,284.32,63.08,36.64,30.39,0.784,1.94,29.4,48.2,0.73,0.581,industrial
13,11,6,1,140.71,181.82,8.31,31.96,18.41,2.138,4.19,26.6,21.3,0.774,3.845,agricultural_burning
4,3,1,0,158.95,228.93,97.75,26.97,22.42,0.444,3.11,36.5,33.7,0.694,0.276,industrial
19,4,0,0,91.36,134.92,6.3,74.41,47.1,2.068,1.04,28.3,73.4,0.677,11.806,vehicular
18,11,3,0,30.86,53.87,8.7,46.32,29.22,0.26,4.37,30.7,91.1,0.573,5.326,unknown
18,7,0,0,101.55,160.35,7.51,89.67,68.81,2.27,2.74,27.3,59.7,0.633,11.943,vehicular
13,1,4,0,33.39,45.95,4.54,20.15,9.59,0.326,7.08,25.8,43.8,0.727,4.437,unknown
18,4,4,0,54.78,93.82,5.78,137.51,95.93,2.371,2.62,38.5,62.0,0.584,23.807,vehicular
11,12,1,0,189.38,291.95,4.38,33.54,23.57,2.096,3.01,31.2,56.4,0.649,7.662,agricultural_burning
7,1,1,0,74.77,127.1,0.39,6.88,4.83,1.332,1.3,17.8,70.1,0.588,17.509,seasonal_inversion
4,8,0,0,229.36,297.3,49.73,46.96,33.08,0.952,2.56,28.1,58.5,0.771,0.944,industrial
8,2,0,0,128.9,216.97,11.96,52.11,37.25,0.969,0.95,18.7,74.7,0.594,4.359,seasonal_inversion
8,2,0,0,96.82,154.84,16.16,1.86,6.48,0.895,1.39,15.8,68.4,0.625,0.115,seasonal_inversion
20,4,3,0,108.26,149.3,2.27,61.13,44.99,1.683,1.03,30.3,46.1,0.725,26.98,vehicular
10,4,0,0,30.47,35.8,8.24,139.13,68.73,2.758,2.82,39.0,70.6,0.851,16.885,vehicular
2,1,3,0,149.74,193.57,68.98,26.01,12.27,1.266,0.67,25.4,56.9,0.774,0.377,industrial
10,5,0,0,67.67,118.08,9.47,63.44,21.54,2.301,1.41,27.1,47.1,0.573,6.698,vehicular
4,10,5,1,46.51,60.58,8.22,4.0,0.56,0.417,4.21,35.3,50.7,0.768,0.486,unknown
10,11,1,0,70.77,146.16,3.75,75.59,53.15,2.777,1.63,28.7,27.6,0.484,20.132,vehicular
9,2,2,0,121.52,173.26,15.59,34.73,21.02,0.676,0.69,19.8,73.1,0.701,2.228,seasonal_inversion
12,6,4,0,40.26,48.54,9.11,26.13,14.17,0.85,3.97,17.4,85.1,0.829,2.869,unknown
12,11,2,0,121.16,275.73,10.16,23.61,11.77,2.797,2.36,39.1,49.3,0.439,2.323,agricultural_burning
1,7,4,0,15.69,15.95,10.31,5.68,4.11,0.412,3.75,24.2,98.0,0.984,0.551,unknown
13,11,0,0,173.16,316.77,6.97,18.83,9.87,2.179,1.55,29.8,59.8,0.547,2.703,agricultural_burning
8,1,2,0,80.99,129.36,14.57,20.22,9.29,1.007,0.15,19.8,71.3,0.626,1.387,seasonal_inversion
6,2,2,0,138.01,172.27,103.24,39.2,21.01,1.32,2.0,22.8,100.0,0.801,0.38,industrial
7,6,2,0,37.9,63.47,4.53,21.45,15.68,0.427,6.47,27.0,74.6,0.597,4.738,unknown
17,12,0,0,92.58,135.37,2.47,93.15,43.03,2.556,0.77,24.3,71.9,0.684,37.75,vehicular
10,10,5,1,198.8,306.41,3.8,20.82,15.65,1.193,4.49,36.4,61.7,0.649,5.479,agricultural_burning
7,1,6,1,109.5,165.34,9.12,15.2,6.97,0.922,0.33,17.4,90.7,0.662,1.668,seasonal_inversion
17,1,3,0,49.88,63.45,10.96,27.41,11.82,0.486,2.66,25.8,72.5,0.786,2.501,unknown
6,5,0,0,28.95,40.87,3.17,31.35,12.18,0.073,6.56,27.5,54.0,0.708,9.893,unknown
9,8,2,0,66.12,82.75,7.88,39.59,25.31,0.496,6.43,25.9,95.0,0.799,5.024,unknown
9,12,1,0,102.66,132.6,11.8,41.14,33.07,0.885,1.12,19.6,78.4,0.774,3.486,seasonal_inversion
14,3,4,0,55.21,68.0,12.42,27.06,11.33,0.694,2.74,39.3,35.3,0.812,2.179,unknown
6,11,3,0,92.72,143.87,1.46,22.36,18.82,0.8,0.59,18.8,54.6,0.644,15.264,seasonal_inversion
23,1,1,0,127.6,164.9,77.1,53.75,37.79,0.596,2.11,27.8,67.2,0.774,0.697,industrial
9,11,5,1,110.86,149.38,4.05,22.89,9.58,0.757,0.52,12.3,84.5,0.742,5.65,seasonal_inversion
9,10,3,0,101.59,159.34,5.32,72.48,42.27,2.581,1.72,35.9,45.5,0.638,13.622,vehicular
6,9,5,1,178.96,223.85,97.66,21.11,16.64,0.731,3.03,26.2,68.9,0.799,0.216,industrial
20,3,3,0,84.95,99.0,5.77,4.54,4.67,0.433,1.44,32.0,56.8,0.858,0.788,unknown
6,1,5,1,117.23,174.63,17.5,21.82,9.76,0.476,0.88,12.8,70.5,0.671,1.247,seasonal_inversion
6,12,0,0,74.12,89.72,4.01,32.51,20.02,0.519,0.42,12.1,77.6,0.826,8.102,seasonal_inversion
8,12,4,0,88.58,134.24,5.68,82.57,56.38,2.594,2.41,25.7,63.2,0.66,14.531,vehicular
17,8,3,0,74.54,145.72,9.52,56.65,33.08,1.73,2.06,23.2,61.8,0.512,5.952,vehicular
1,5,1,0,128.13,186.39,86.62,43.62,27.39,0.789,3.58,28.6,77.8,0.687,0.504,industrial
7,10,3,0,29.96,38.28,9.5,-0.57,1.19,0.361,2.27,25.5,90.6,0.782,-0.06,unknown
9,6,1,0,52.09,55.56,14.54,13.29,10.39,0.437,1.59,23.3,75.8,0.937,0.914,unknown
1,8,0,0,9.38,4.6,12.3,28.58,20.42,0.776,3.84,25.0,55.2,2.039,2.324,unknown
7,5,0,0,10.23,15.29,12.85,16.38,15.53,0.332,3.25,34.7,59.8,0.669,1.274,unknown
19,3,1,0,69.58,98.25,7.68,89.43,61.86,1.297,1.01,35.4,39.7,0.708,11.641,vehicular
9,3,0,0,92.71,117.12,5.98,139.18,83.37,3.551,1.09,30.3,74.2,0.792,23.272,vehicular
6,5,6,1,153.62,185.01,57.21,37.37,23.47,0.65,3.05,21.2,85.7,0.83,0.653,industrial
8,9,1,0,83.42,118.48,3.41,110.77,78.11,3.505,1.05,29.1,79.2,0.704,32.439,vehicular
23,4,3,0,172.66,287.71,93.73,35.31,23.02,1.229,0.95,27.5,78.4,0.6,0.377,industrial
16,12,5,1,164.8,369.3,-0.35,20.68,9.25,2.406,3.29,32.3,33.3,0.446,5.0,agricultural_burning
8,11,4,0,99.96,112.0,7.01,30.08,19.16,0.436,0.38,12.3,57.5,0.893,4.293,seasonal_inversion
5,12,1,0,90.99,105.48,4.84,45.39,18.57,1.115,0.23,10.6,78.5,0.863,9.385,seasonal_inversion
14,4,6,1,96.88,152.39,8.85,20.45,7.45,1.146,2.23,32.9,15.0,0.636,2.311,agricultural_burning
9,2,3,0,111.45,141.05,12.84,39.97,20.39,0.875,1.06,14.4,82.9,0.79,3.114,seasonal_inversion
5,12,3,0,77.4,137.58,22.85,5.45,0.85,1.102,0.55,18.9,79.8,0.563,0.239,seasonal_inversion
8,9,5,1,25.53,34.12,11.7,28.65,23.01,0.569,3.67,28.6,40.1,0.748,2.448,unknown
5,12,3,0,215.04,261.38,115.5,29.52,16.8,0.914,2.51,31.7,62.4,0.823,0.256,industrial
3,12,0,0,55.11,70.49,9.71,14.75,2.26,0.221,1.27,28.3,71.7,0.782,1.519,unknown
12,3,2,0,206.82,304.74,7.87,7.95,4.94,2.285,2.51,25.8,26.8,0.679,1.01,agricultural_burning
4,7,3,0,46.28,79.87,9.63,24.63,17.94,0.307,1.81,39.1,31.1,0.579,2.558,unknown
16,4,1,0,45.66,46.12,2.13,25.42,12.84,0.542,2.44,31.6,83.3,0.99,11.941,unknown
7,12,2,0,56.67,84.92,15.89,25.78,16.96,1.008,0.42,22.5,81.5,0.667,1.622,seasonal_inversion
16,3,5,1,137.82,247.59,6.63,7.16,1.5,1.665,4.79,34.8,42.5,0.557,1.081,agricultural_burning
9,10,0,0,170.42,298.84,8.96,3.52,1.26,2.088,2.82,34.9,31.5,0.57,0.393,agricultural_burning
3,10,4,0,141.02,174.72,79.46,35.41,28.38,0.456,3.17,34.4,72.1,0.807,0.446,industrial
0,10,3,0,48.65,77.62,5.83,34.34,26.5,0.424,3.64,20.6,49.5,0.627,5.886,unknown
2,4,4,0,170.26,228.49,56.61,41.74,24.46,0.749,2.18,27.1,38.9,0.745,0.737,industrial
12,3,1,0,118.34,216.41,10.24,10.83,6.34,1.595,4.94,37.7,24.2,0.547,1.057,agricultural_burning
16,3,3,0,43.83,55.08,8.0,17.27,11.91,0.639,7.02,22.3,60.7,0.796,2.158,unknown
6,4,3,0,159.22,220.47,38.12,33.64,15.46,0.912,2.08,33.0,48.7,0.722,0.883,industrial
5,10,1,0,192.67,223.76,61.96,40.33,26.09,0.691,1.09,27.1,74.1,0.861,0.651,industrial
5,11,1,0,78.28,125.07,12.28,43.16,24.76,1.302,1.15,18.1,65.0,0.626,3.515,seasonal_inversion
14,10,0,0,108.31,176.79,1.45,32.4,17.17,2.116,4.05,33.0,27.6,0.613,22.402,agricultural_burning
20,12,2,0,69.11,89.36,4.5,90.92,48.5,2.211,0.58,24.5,72.1,0.773,20.219,vehicular
4,3,5,1,195.53,274.07,52.47,41.79,34.46,0.951,3.56,23.8,64.6,0.713,0.797,industrial
14,12,2,0,234.48,330.31,5.83,21.83,13.01,1.208,3.58,33.5,42.1,0.71,3.748,agricultural_burning
3,6,0,0,62.15,61.51,4.3,15.48,9.33,0.577,2.9,28.1,32.7,1.01,3.6,unknown
4,7,4,0,138.55,160.94,73.93,31.58,21.12,0.663,1.39,34.8,79.9,0.861,0.427,industrial
18,11,0,0,149.94,340.76,16.91,12.24,6.23,3.033,4.42,30.5,37.0,0.44,0.724,agricultural_burning
9,11,3,0,150.61,203.43,16.8,35.03,21.18,2.47,3.43,35.4,26.7,0.74,2.085,agricultural_burning
17,8,4,0,58.82,90.51,8.95,34.12,17.16,0.396,7.97,32.2,62.9,0.65,3.814,unknown
7,12,0,0,54.59,74.34,3.32,72.75,39.67,2.994,2.18,28.7,80.7,0.734,21.922,vehicular
5,11,3,0,140.31,211.45,12.17,18.59,10.77,0.927,0.19,18.3,72.8,0.664,1.528,seasonal_inversion
19,11,0,0,97.09,159.92,5.06,93.98,69.38,1.578,2.5,29.2,43.0,0.607,18.561,vehicular
22,11,1,0,13.55,9.49,13.66,17.98,10.65,0.069,4.99,30.2,53.9,1.428,1.316,unknown
10,8,0,0,43.52,44.98,6.21,33.87,23.77,0.44,7.12,31.3,85.2,0.968,5.453,unknown
23,11,5,1,158.78,207.31,57.98,48.38,31.6,0.784,2.47,25.1,67.8,0.766,0.834,industrial
18,10,0,0,62.35,104.33,4.58,136.76,94.64,0.79,2.49,31.2,56.6,0.598,29.855,vehicular
20,11,5,1,87.34,117.76,7.05,20.11,10.82,0.517,6.28,24.8,31.2,0.742,2.853,unknown
17,11,4,0,195.05,282.57,6.71,12.89,6.1,2.003,1.6,32.7,31.1,0.69,1.921,agricultural_burning
13,2,0,0,42.0,67.68,8.58,10.97,5.47,0.661,5.56,30.8,35.9,0.621,1.277,unknown
14,5,2,0,9.61,24.65,8.53,12.11,7.1,0.185,7.52,15.8,31.8,0.39,1.419,unknown
21,6,2,0,51.89,66.42,12.85,18.97,14.46,0.513,1.55,42.1,43.9,0.781,1.477,unknown
9,3,2,0,58.62,87.04,9.11,138.13,71.29,2.857,0.87,29.5,63.6,0.673,15.167,vehicular
9,12,0,0,60.49,123.25,7.46,121.26,66.64,2.82,1.25,34.3,38.8,0.491,16.263,vehicular
3,9,6,1,167.44,158.12,107.66,36.88,31.32,1.129,1.47,26.8,58.6,1.059,0.343,industrial
22,11,6,1,76.92,124.38,17.91,25.35,18.29,0.102,4.35,23.2,45.5,0.618,1.416,unknown
12,5,5,1,37.62,52.27,10.64,21.13,16.12,0.506,1.26,21.7,66.9,0.72,1.985,unknown
9,1,3,0,99.04,153.95,16.48,15.23,11.28,1.013,0.97,15.9,76.1,0.643,0.924,seasonal_inversion
6,1,3,0,73.56,117.07,6.52,24.99,20.23,0.841,1.19,15.8,49.7,0.628,3.835,seasonal_inversion
8,2,5,1,76.26,110.92,11.64,26.33,17.85,0.774,1.47,16.1,97.7,0.688,2.262,seasonal_inversion
17,8,0,0,81.44,138.99,11.51,59.8,33.5,3.263,2.69,22.6,60.2,0.586,5.195,vehicular
5,12,3,0,139.56,167.06,89.85,57.56,41.77,1.34,3.2,24.3,98.8,0.835,0.641,industrial
7,11,6,1,34.38,73.89,1.84,14.2,10.02,0.821,3.67,20.9,24.3,0.465,7.695,unknown
7,12,2,0,128.13,185.23,7.05,34.0,21.3,1.091,0.4,25.2,70.4,0.692,4.821,seasonal_inversion
10,2,5,1,65.58,81.21,14.5,46.32,33.7,0.642,1.35,20.8,53.4,0.807,3.194,seasonal_inversion
19,2,3,0,51.16,72.71,7.96,7.35,4.59,0.601,1.39,26.1,47.2,0.704,0.923,unknown
7,12,5,1,142.75,240.54,-0.81,9.86,5.41,0.731,0.84,3.1,69.6,0.593,5.0,seasonal_inversion
19,7,4,0,112.64,189.99,6.88,68.08,37.09,2.883,1.58,34.5,34.2,0.593,9.891,vehicular
4,7,4,0,121.77,186.52,46.71,20.05,9.28,0.94,2.22,18.8,49.7,0.653,0.429,industrial
23,8,0,0,149.78,198.23,67.97,26.65,24.62,1.539,1.11,30.6,77.9,0.756,0.392,industrial
8,4,1,0,64.89,94.38,3.27,80.2,44.3,1.819,2.62,31.3,60.5,0.688,24.557,vehicular
9,12,1,0,86.36,101.01,18.35,29.27,18.4,1.168,1.44,15.6,88.4,0.855,1.595,seasonal_inversion
9,2,2,0,113.93,174.97,15.43,22.94,14.89,1.154,1.19,23.5,80.1,0.651,1.487,seasonal_inversion
10,11,5,1,69.07,99.26,15.21,28.72,17.95,0.824,0.68,19.0,73.3,0.696,1.888,seasonal_inversion
9,4,6,1,242.16,353.11,12.07,17.94,11.02,2.291,1.11,29.9,42.9,0.686,1.486,agricultural_burning
10,2,2,0,62.12,79.3,15.0,22.87,14.81,0.793,0.43,9.5,74.6,0.783,1.524,seasonal_inversion
7,1,1,0,107.23,151.11,16.84,35.77,17.75,1.093,0.34,14.0,82.7,0.71,2.124,seasonal_inversion
7,1,6,1,150.9,161.03,7.44,19.48,16.44,0.659,0.65,23.2,81.4,0.937,2.62,seasonal_inversion
14,5,4,0,61.27,77.11,2.43,18.87,11.89,0.426,7.93,25.4,47.0,0.795,7.771,unknown
5,12,1,0,42.92,70.66,3.77,32.34,17.86,0.35,1.39,22.8,80.7,0.607,8.574,seasonal_inversion
3,1,6,1,41.89,62.57,5.69,17.21,11.19,0.4,2.03,27.0,77.5,0.669,3.024,unknown
7,12,0,0,42.42,81.67,15.23,15.0,6.31,0.248,3.98,28.2,45.1,0.519,0.985,unknown
22,1,6,1,157.51,178.85,64.65,22.82,17.44,0.448,1.19,30.6,66.1,0.881,0.353,industrial
16,11,2,0,209.35,271.21,4.02,12.09,3.95,1.23,3.84,33.7,41.5,0.772,3.01,agricultural_burning
9,4,1,0,181.42,264.28,4.99,15.88,11.22,2.232,3.04,28.0,15.6,0.686,3.18,agricultural_burning
9,5,3,0,115.79,202.38,5.73,139.08,94.14,1.236,2.16,28.8,50.8,0.572,24.288,vehicular
0,11,1,0,177.09,271.41,81.72,61.74,52.95,0.984,2.86,33.3,61.0,0.652,0.756,industrial
10,12,0,0,40.38,58.03,12.67,23.67,10.81,0.973,0.83,10.7,56.3,0.696,1.868,seasonal_inversion
19,2,4,0,77.74,121.96,3.8,101.22,45.24,1.086,1.54,21.9,59.1,0.637,26.669,vehicular
19,7,2,0,41.45,80.06,8.96,65.62,40.43,2.121,0.98,30.8,57.8,0.518,7.326,vehicular
1,5,1,0,142.81,217.88,57.13,41.06,31.23,1.258,1.16,36.0,64.9,0.655,0.719,industrial
8,2,0,0,90.17,125.06,8.03,39.95,32.24,0.441,0.8,17.9,90.4,0.721,4.974,seasonal_inversion
2,5,6,1,198.57,186.2,60.82,38.8,26.28,0.422,0.84,26.8,49.6,1.066,0.638,industrial
6,9,0,0,174.96,286.47,52.81,54.05,34.55,0.769,1.23,19.7,46.8,0.611,1.024,industrial
16,3,4,0,135.75,230.31,0.67,13.99,4.15,0.78,1.31,37.7,59.5,0.589,20.85,agricultural_burning
23,7,1,0,116.43,154.83,54.44,53.48,39.97,0.809,1.05,22.7,80.4,0.752,0.982,industrial
12,9,5,1,49.45,67.74,5.48,34.08,28.82,0.296,6.26,21.5,55.3,0.73,6.221,unknown
4,3,4,0,175.02,189.09,61.07,18.96,7.79,0.883,1.4,29.0,59.0,0.926,0.31,industrial
23,12,6,1,199.42,233.49,91.9,18.02,13.79,0.806,1.23,35.7,94.3,0.854,0.196,industrial
13,10,5,1,30.66,53.11,8.43,18.38,8.94,0.648,1.99,36.6,64.4,0.577,2.179,unknown
2,12,6,1,189.99,244.36,56.82,27.02,23.5,0.857,1.58,33.1,47.2,0.778,0.476,industrial
0,4,1,0,155.95,164.88,111.37,19.74,7.34,0.697,3.91,18.0,82.0,0.946,0.177,industrial
16,11,5,1,155.63,271.34,2.25,38.77,23.92,2.438,2.16,36.2,33.3,0.574,17.268,agricultural_burning
11,4,1,0,131.17,294.12,9.91,19.53,11.54,0.366,2.59,37.2,39.1,0.446,1.97,agricultural_burning
7,12,2,0,107.93,167.59,12.89,37.51,24.65,0.827,0.25,14.4,68.7,0.644,2.911,seasonal_inversion
2,9,6,1,45.88,55.58,17.55,27.93,12.4,0.751,3.37,25.8,88.9,0.826,1.591,unknown
9,2,2,0,88.64,125.18,15.51,25.31,16.15,0.457,0.09,18.0,74.0,0.708,1.631,seasonal_inversion
18,12,1,0,211.01,335.41,9.6,9.05,3.04,2.339,2.55,36.6,46.7,0.629,0.943,agricultural_burning
17,10,3,0,110.88,265.53,7.6,3.86,4.32,2.074,1.81,37.0,24.2,0.418,0.508,agricultural_burning
9,2,2,0,133.71,174.38,11.56,20.18,10.87,1.023,1.43,21.5,65.0,0.767,1.745,seasonal_inversion
9,11,6,1,38.86,37.51,6.71,6.05,3.34,0.985,0.41,13.4,78.9,1.036,0.902,seasonal_inversion
1,4,5,1,178.94,243.12,97.91,13.26,6.07,1.501,2.48,16.3,63.0,0.736,0.135,industrial
5,11,3,0,116.29,162.34,12.25,48.06,30.9,1.149,0.03,25.3,73.1,0.716,3.924,seasonal_inversion
5,2,0,0,128.77,175.25,8.01,52.98,31.49,1.319,0.36,23.4,89.5,0.735,6.617,seasonal_inversion
0,2,0,0,16.56,17.6,8.22,31.04,13.26,0.189,5.74,36.4,50.1,0.941,3.775,unknown
10,1,6,1,106.73,153.98,16.17,54.54,30.42,1.38,0.05,16.7,95.2,0.693,3.372,seasonal_inversion
11,8,3,0,26.7,42.72,9.09,24.3,14.27,1.185,3.54,23.9,49.7,0.625,2.672,unknown
8,9,2,0,53.92,101.76,9.87,85.01,56.12,2.712,2.03,23.5,35.1,0.53,8.612,vehicular
17,5,3,0,102.14,161.16,7.4,98.95,70.87,2.678,0.61,27.0,58.9,0.634,13.38,vehicular
3,12,3,0,136.78,192.29,75.09,47.95,26.79,1.437,3.44,27.3,83.5,0.711,0.639,industrial
1,1,2,0,129.03,168.64,70.62,37.37,14.33,1.286,3.25,28.0,49.0,0.765,0.529,industrial
13,3,1,0,130.88,228.09,4.95,18.82,9.88,2.05,3.78,27.8,35.9,0.574,3.802,agricultural_burning
16,3,4,0,221.64,351.82,18.21,25.99,15.17,3.272,4.14,29.1,61.9,0.63,1.427,agricultural_burning
5,2,3,0,79.6,143.45,19.11,47.6,29.63,1.45,0.49,20.0,83.6,0.555,2.491,seasonal_inversion
13,2,5,1,22.97,36.93,6.49,27.71,16.99,0.584,4.14,19.5,63.6,0.622,4.271,unknown
7,1,1,0,139.8,208.68,10.39,31.71,16.65,0.949,1.4,24.6,80.0,0.67,3.053,seasonal_inversion
15,7,0,0,31.18,55.74,8.82,18.03,9.14,0.33,7.94,23.2,34.4,0.559,2.044,unknown
7,10,1,0,111.57,194.69,6.28,66.21,46.11,1.715,1.97,26.0,56.4,0.573,10.544,vehicular
18,6,0,0,87.47,171.5,5.45,120.12,59.35,2.323,2.99,31.2,74.4,0.51,22.048,vehicular
16,10,3,0,222.37,387.15,6.78,18.32,14.06,2.402,1.38,42.2,51.3,0.574,2.704,agricultural_burning
23,9,1,0,29.65,54.15,15.43,19.18,17.35,0.477,6.37,28.0,69.5,0.548,1.243,unknown
14,11,4,0,150.64,217.8,5.45,22.83,6.51,2.966,2.22,34.8,54.0,0.692,4.192,agricultural_burning
9,10,3,0,131.02,305.13,3.93,3.23,3.05,2.651,4.65,32.5,42.1,0.429,0.823,agricultural_burning
14,8,6,1,39.16,71.2,6.17,12.77,4.55,0.431,2.3,16.2,27.4,0.55,2.068,unknown
23,3,1,0,44.35,56.77,7.27,24.75,16.0,0.677,4.39,17.3,86.9,0.781,3.404,unknown
11,3,0,0,83.32,164.12,16.96,6.24,4.39,2.175,2.45,31.8,47.8,0.508,0.368,agricultural_burning
19,3,2,0,90.14,159.18,4.76,107.11,65.84,2.631,2.33,37.9,42.7,0.566,22.512,vehicular
4,12,3,0,228.78,305.57,116.9,46.94,37.94,1.098,2.03,35.8,56.0,0.749,0.402,industrial
12,8,1,0,49.54,69.25,4.58,13.43,8.95,0.656,2.36,28.8,78.6,0.715,2.933,unknown
22,3,0,0,137.1,154.79,71.79,23.09,19.75,1.131,2.91,21.5,45.3,0.886,0.322,industrial
10,10,0,0,94.87,219.58,3.25,28.09,9.7,1.348,2.85,37.1,53.9,0.432,8.631,agricultural_burning
20,10,0,0,59.58,101.93,10.5,117.27,89.47,3.253,1.88,17.7,74.7,0.585,11.164,vehicular
5,9,2,0,176.45,223.47,89.11,14.94,7.65,0.605,1.02,20.7,57.8,0.79,0.168,industrial
18,5,6,1,38.77,55.19,5.51,8.41,5.87,0.61,4.35,26.7,68.6,0.703,1.526,unknown
7,2,0,0,72.04,77.7,10.0,31.02,26.72,1.24,0.05,19.9,74.8,0.927,3.103,seasonal_inversion
0,4,3,0,162.53,155.58,88.36,42.59,21.91,0.474,2.8,23.7,60.2,1.045,0.482,industrial
10,12,2,0,88.47,107.86,3.89,8.01,2.14,1.526,0.93,17.7,72.9,0.82,2.061,seasonal_inversion
16,4,3,0,111.34,213.03,3.46,21.55,8.56,2.369,3.06,32.0,47.5,0.523,6.225,agricultural_burning
10,12,0,0,82.1,130.04,10.37,31.89,15.44,0.556,1.31,13.8,54.7,0.631,3.076,seasonal_inversion
15,3,1,0,130.46,188.56,8.95,25.27,17.43,3.414,3.86,31.4,53.6,0.692,2.824,agricultural_burning
6,7,3,0,104.6,107.47,81.82,18.09,8.12,0.744,2.33,18.5,51.3,0.973,0.221,industrial
11,12,4,0,163.01,305.13,9.64,16.08,12.06,1.9,3.06,35.6,52.3,0.534,1.668,agricultural_burning
8,9,3,0,76.06,108.71,3.92,144.7,102.85,2.131,2.78,31.3,51.9,0.7,36.886,vehicular
23,5,3,0,167.63,224.83,86.84,18.35,16.36,1.386,1.55,24.2,51.6,0.746,0.211,industrial
19,2,3,0,57.12,98.87,6.2,106.2,72.78,2.265,1.61,27.6,63.5,0.578,17.133,vehicular
6,11,4,0,80.91,126.2,17.69,34.03,20.96,1.19,0.0,25.0,72.9,0.641,1.924,seasonal_inversion
20,2,3,0,91.87,152.35,8.35,62.01,36.58,3.122,1.47,21.4,54.2,0.603,7.422,vehicular
5,10,3,0,135.23,148.68,70.99,-2.79,0.85,0.708,0.89,39.6,20.0,0.91,-0.039,industrial
4,7,5,1,7.1,12.05,6.56,23.17,16.46,0.733,3.73,19.0,50.0,0.589,3.531,unknown
3,12,1,0,165.59,202.48,65.26,44.46,28.77,1.138,2.92,32.8,76.2,0.818,0.681,industrial
9,2,0,0,111.21,169.4,2.31,40.84,23.77,0.652,0.87,8.0,65.7,0.656,17.641,seasonal_inversion
12,12,4,0,136.07,330.81,9.87,13.61,5.18,1.412,2.05,31.8,47.0,0.411,1.379,agricultural_burning
10,3,4,0,215.27,367.09,9.39,20.46,8.94,2.013,3.86,32.4,30.3,0.586,2.177,agricultural_burning
21,3,6,1,18.06,26.0,12.18,22.36,16.91,0.789,3.5,34.6,37.6,0.694,1.835,unknown
2,10,1,0,147.25,201.03,92.48,21.09,8.83,0.95,2.05,21.1,63.8,0.732,0.228,industrial
10,12,6,1,105.18,137.85,13.45,26.36,21.34,0.877,1.36,19.6,68.2,0.763,1.96,seasonal_inversion
0,9,3,0,195.96,207.26,86.66,35.74,29.42,0.785,2.14,29.9,60.2,0.945,0.412,industrial
9,2,6,1,168.74,221.51,15.12,33.36,20.97,1.274,0.07,13.1,82.9,0.762,2.206,seasonal_inversion
5,11,1,0,91.89,136.62,7.53,23.07,14.47,1.265,0.38,19.1,57.6,0.673,3.065,seasonal_inversion
9,11,6,1,118.61,264.78,10.24,23.0,6.9,3.075,2.22,38.9,19.9,0.448,2.246,agricultural_burning
10,2,2,0,66.74,90.93,5.73,85.85,58.43,3.27,2.22,30.8,48.7,0.734,14.985,vehicular
4,10,4,0,155.62,179.41,94.8,24.08,17.0,0.658,0.97,38.9,61.4,0.867,0.254,industrial
10,12,2,0,103.5,142.02,19.3,9.0,7.4,0.305,0.37,15.6,86.9,0.729,0.466,seasonal_inversion
9,12,2,0,170.41,313.8,11.01,14.65,6.86,2.016,4.52,36.8,69.4,0.543,1.33,agricultural_burning
6,2,1,0,103.29,151.98,10.14,36.43,30.02,1.143,1.23,7.9,60.1,0.68,3.594,seasonal_inversion
0,4,5,1,122.67,139.33,91.46,41.56,25.57,0.662,2.55,29.8,67.2,0.88,0.454,industrial
7,9,4,0,92.46,107.51,5.65,87.33,57.62,2.497,0.86,37.5,60.2,0.86,15.457,vehicular
15,3,2,0,188.15,329.39,3.33,15.39,3.14,2.59,1.08,35.5,42.9,0.571,4.627,agricultural_burning
23,2,4,0,111.96,169.45,33.83,51.68,33.19,1.217,2.33,30.9,74.4,0.661,1.528,industrial
0,2,1,0,23.77,22.17,6.33,10.75,6.19,0.702,3.45,23.4,63.4,1.072,1.697,unknown
18,4,1,0,87.58,239.88,4.58,29.83,17.61,1.728,2.69,25.6,48.8,0.365,6.513,agricultural_burning
16,3,3,0,155.88,254.8,7.64,17.9,8.09,2.022,2.5,39.4,44.4,0.612,2.343,agricultural_burning
22,9,3,0,171.6,219.14,59.13,39.13,25.09,1.069,1.64,28.2,50.1,0.783,0.662,industrial
0,1,3,0,130.26,173.5,58.35,27.78,19.44,0.956,3.42,25.1,61.8,0.751,0.476,industrial
9,11,0,0,119.95,172.26,1.04,14.1,12.69,0.918,0.21,19.8,72.5,0.696,13.523,seasonal_inversion
17,1,3,0,104.07,158.98,11.02,131.49,84.25,1.846,0.92,27.5,50.4,0.655,11.938,vehicular
10,11,4,0,100.57,153.74,18.35,19.68,4.08,0.551,1.21,18.9,89.1,0.654,1.072,seasonal_inversion
18,1,2,0,76.93,108.66,11.67,34.65,31.27,2.64,1.31,26.3,47.2,0.708,2.968,vehicular
8,2,3,0,76.57,120.61,5.3,34.21,18.91,1.245,0.24,16.8,53.6,0.635,6.455,seasonal_inversion
6,2,6,1,188.85,208.89,49.94,10.31,6.22,0.847,2.81,29.1,51.9,0.904,0.206,industrial
4,4,3,0,204.86,253.16,72.65,27.26,15.65,0.441,1.73,30.0,64.1,0.809,0.375,industrial
1,8,0,0,113.0,165.68,83.1,55.24,45.11,0.866,0.58,26.5,55.5,0.682,0.665,industrial
3,3,4,0,157.7,222.19,99.89,35.82,25.71,0.984,1.57,23.1,55.3,0.71,0.359,industrial
6,11,6,1,151.59,235.93,89.32,34.09,25.96,1.097,2.68,24.2,71.0,0.643,0.382,industrial
5,6,0,0,86.86,102.1,52.71,23.48,14.38,0.5,0.65,22.4,71.4,0.851,0.446,industrial
10,10,6,1,81.12,124.19,8.87,6.51,3.38,2.204,2.81,30.5,65.8,0.653,0.734,agricultural_burning
13,9,3,0,34.93,47.9,12.97,12.52,8.55,0.408,2.39,20.5,22.3,0.729,0.965,unknown
13,11,0,0,138.55,236.96,2.22,12.76,4.74,1.8,2.78,34.5,38.7,0.585,5.741,agricultural_burning
11,4,3,0,127.61,273.35,5.28,22.27,14.54,0.783,2.11,29.1,54.8,0.467,4.216,agricultural_burning
9,1,0,0,57.62,60.98,1.6,112.03,52.0,2.594,2.32,35.8,51.6,0.945,70.102,vehicular
5,3,0,0,204.38,272.54,50.24,51.22,27.38,1.342,1.72,24.8,59.1,0.75,1.019,industrial
17,12,0,0,167.96,257.41,5.71,9.12,5.45,2.487,4.16,32.4,36.5,0.653,1.597,agricultural_burning
10,2,3,0,85.02,111.86,13.43,19.7,15.61,1.137,1.13,9.4,83.4,0.76,1.468,seasonal_inversion
10,10,5,1,152.38,292.09,11.22,22.38,9.55,1.862,2.08,32.5,38.4,0.522,1.995,agricultural_burning
23,7,0,0,177.72,226.44,73.18,34.69,18.86,1.252,2.03,36.2,59.1,0.785,0.474,industrial
23,1,0,0,106.1,109.72,112.87,21.84,12.07,0.882,2.07,19.2,67.9,0.967,0.193,industrial
6,1,1,0,92.99,105.43,18.34,20.92,12.47,0.793,0.41,19.0,72.7,0.882,1.14,seasonal_inversion
9,6,4,0,31.93,58.06,19.95,6.4,0.41,0.288,1.04,39.8,48.3,0.55,0.321,unknown
7,12,5,1,32.74,33.78,12.37,7.29,5.97,0.429,5.38,38.1,40.5,0.969,0.59,unknown
5,4,3,0,110.18,147.95,88.19,38.34,22.74,0.734,2.75,22.3,87.5,0.745,0.435,industrial
15,11,6,1,142.11,284.93,4.01,29.87,9.19,1.189,2.94,33.4,57.3,0.499,7.45,agricultural_burning
23,11,5,1,177.92,268.01,57.69,39.81,29.18,0.876,2.48,28.5,61.5,0.664,0.69,industrial
5,1,6,1,166.05,208.72,76.9,13.5,5.95,0.573,0.51,33.7,64.5,0.796,0.176,industrial
7,12,2,0,74.99,127.65,5.88,35.38,20.97,1.23,0.28,20.1,92.9,0.587,6.021,seasonal_inversion
14,3,2,0,93.38,206.33,6.83,23.08,8.65,1.467,4.83,32.1,40.0,0.453,3.382,agricultural_burning
5,12,1,0,192.87,280.49,43.9,28.78,19.68,0.949,1.65,23.4,77.7,0.688,0.656,industrial
8,2,5,1,142.51,156.5,14.58,5.89,-0.26,1.373,1.24,12.4,75.8,0.911,0.404,seasonal_inversion
7,1,3,0,132.89,200.06,21.18,28.82,22.28,0.56,0.95,24.0,63.2,0.664,1.361,seasonal_inversion
0,3,3,0,153.08,223.56,77.99,14.77,8.13,1.009,0.58,22.2,73.3,0.685,0.189,industrial
5,11,4,0,76.18,100.13,0.15,16.55,11.95,0.272,0.61,15.5,74.6,0.761,107.605,seasonal_inversion
4,1,5,1,131.56,217.66,67.75,55.24,38.94,1.022,0.94,31.3,61.0,0.604,0.815,industrial
9,8,5,1,47.14,44.24,15.93,25.31,14.39,0.81,6.96,32.1,68.8,1.065,1.589,unknown
5,1,1,0,95.8,119.61,4.12,22.3,16.42,0.47,0.08,11.0,72.6,0.801,5.412,seasonal_inversion
16,12,1,0,180.71,318.64,3.83,15.07,11.3,1.296,1.62,39.4,63.9,0.567,3.94,agricultural_burning
12,11,0,0,40.98,53.8,16.0,30.88,20.69,0.694,3.93,25.6,48.2,0.762,1.93,unknown
9,3,1,0,107.64,271.71,6.63,20.74,8.74,2.122,2.03,33.2,54.3,0.396,3.129,agricultural_burning
16,1,4,0,66.95,112.03,11.19,17.23,12.53,0.75,3.48,27.3,74.0,0.598,1.54,unknown
11,11,5,1,181.09,267.38,4.81,-1.92,-3.07,2.283,2.14,27.7,51.1,0.677,-0.4,agricultural_burning
2,2,4,0,208.85,316.99,72.3,34.95,20.83,0.511,1.08,27.1,90.0,0.659,0.483,industrial
0,5,0,0,133.07,198.51,70.82,45.66,32.68,0.849,2.62,13.6,61.7,0.67,0.645,industrial
15,3,4,0,43.95,233.55,6.26,6.98,4.94,2.25,3.39,39.3,28.5,0.188,1.115,agricultural_burning
18,4,5,1,50.19,93.66,3.32,29.91,21.9,0.853,6.45,32.0,47.2,0.536,9.012,unknown
16,11,6,1,174.05,315.56,1.67,34.77,19.43,1.934,3.31,28.8,51.5,0.552,20.822,agricultural_burning
18,5,1,0,76.66,148.84,11.77,94.42,56.64,2.872,2.95,28.7,62.7,0.515,8.024,vehicular
8,12,6,1,119.76,161.4,18.63,16.98,10.28,0.971,0.51,11.2,72.6,0.742,0.912,seasonal_inversion
16,6,1,0,44.53,30.7,11.52,10.2,4.98,0.763,2.36,29.6,51.2,1.451,0.886,unknown
15,7,5,1,55.37,60.3,17.22,13.17,6.83,0.388,2.44,18.4,68.7,0.918,0.765,unknown
19,5,1,0,54.97,59.59,8.06,16.33,10.28,0.718,7.58,39.8,33.3,0.922,2.025,unknown
9,11,3,0,69.61,118.86,7.44,93.86,49.27,2.087,1.0,24.7,57.9,0.586,12.608,vehicular
17,3,0,0,154.85,310.21,8.18,33.3,12.88,1.044,1.3,38.8,31.2,0.499,4.072,agricultural_burning
22,8,4,0,174.52,206.81,85.61,63.92,34.67,1.157,1.4,28.7,100.0,0.844,0.747,industrial
7,6,3,0,19.75,42.96,3.66,14.54,7.85,0.632,4.23,30.6,41.2,0.46,3.971,unknown
23,9,2,0,53.66,80.86,2.07,13.15,11.22,0.631,6.23,26.2,22.7,0.664,6.359,unknown
22,12,0,0,218.0,238.15,67.43,24.06,17.84,0.796,1.48,25.5,58.4,0.915,0.357,industrial
9,2,1,0,57.49,86.15,21.25,41.09,25.07,1.579,0.99,27.9,82.5,0.667,1.933,seasonal_inversion
3,8,0,0,49.77,50.86,8.01,15.27,10.76,0.501,4.07,35.3,68.0,0.979,1.906,unknown
22,1,4,0,19.08,38.04,12.36,4.36,1.63,0.45,5.83,16.3,58.2,0.502,0.353,unknown
1,12,2,0,2.93,3.1,4.98,33.24,25.16,0.72,7.83,23.9,69.2,0.945,6.678,unknown
3,8,0,0,177.15,268.82,65.12,19.7,13.21,0.757,2.45,30.1,97.7,0.659,0.302,industrial
23,8,0,0,154.62,219.65,60.94,43.44,38.08,0.766,0.86,29.3,69.0,0.704,0.713,industrial
11,4,6,1,174.4,354.94,0.2,25.27,15.04,0.8,2.89,35.8,47.2,0.491,124.6,agricultural_burning
6,6,0,0,196.65,295.77,98.35,30.61,22.86,1.225,2.95,38.9,91.2,0.665,0.311,industrial
9,12,6,1,75.02,112.47,12.86,17.95,14.05,1.121,1.17,10.5,75.4,0.667,1.396,seasonal_inversion
9,3,0,0,203.82,322.05,10.73,21.8,11.35,1.821,1.44,33.8,47.2,0.633,2.031,agricultural_burning
7,10,2,0,89.49,160.98,8.39,106.53,72.34,3.573,1.78,25.8,65.2,0.556,12.696,vehicular
7,8,3,0,37.27,44.06,6.75,31.0,33.03,2.67,1.93,33.5,39.7,0.846,4.593,vehicular
9,1,3,0,77.68,97.84,11.13,32.21,28.52,0.503,1.49,20.1,82.7,0.794,2.894,seasonal_inversion
1,6,6,1,119.78,163.39,83.56,46.3,24.41,0.833,3.56,35.0,80.9,0.733,0.554,industrial
6,2,5,1,113.33,167.17,15.59,40.01,26.89,0.806,1.2,19.1,63.8,0.678,2.567,seasonal_inversion
13,12,5,1,127.44,281.47,9.48,31.89,14.11,1.851,2.99,30.8,50.9,0.453,3.363,agricultural_burning
2,11,3,0,129.53,153.75,85.8,40.47,24.62,1.13,1.08,23.5,49.0,0.843,0.472,industrial
10,12,1,0,76.79,256.18,-1.85,20.52,5.43,1.229,3.07,28.1,35.0,0.3,5.0,agricultural_burning
12,3,4,0,194.53,279.74,11.22,6.89,4.38,2.793,2.17,29.4,65.6,0.695,0.614,agricultural_burning
18,3,3,0,52.83,82.25,-1.54,90.75,54.87,1.476,2.13,32.1,50.4,0.642,5.0,vehicular
23,3,3,0,45.59,57.51,4.53,17.94,13.04,0.746,1.07,28.3,92.6,0.793,3.961,unknown
8,1,2,0,92.72,108.16,11.61,29.78,22.25,0.98,0.79,16.9,76.0,0.857,2.564,seasonal_inversion
7,2,2,0,77.28,116.93,9.59,111.93,63.79,2.395,1.09,28.5,68.9,0.661,11.674,vehicular
3,9,4,0,168.36,192.69,69.92,18.56,13.34,0.976,3.86,27.1,65.2,0.874,0.265,industrial
12,12,2,0,183.91,267.17,0.11,-2.52,-3.78,0.986,1.79,37.7,65.2,0.688,-22.111,agricultural_burning
14,3,3,0,26.49,35.72,9.66,29.28,12.8,0.358,2.73,35.5,44.3,0.742,3.03,unknown
5,1,2,0,98.5,128.22,15.66,26.77,18.96,1.453,1.45,21.8,82.9,0.768,1.71,seasonal_inversion
16,8,5,1,42.49,72.45,8.52,30.49,15.44,0.42,5.19,20.6,82.0,0.586,3.58,unknown
2,2,6,1,159.25,226.48,103.38,30.06,24.02,0.944,1.14,19.1,74.0,0.703,0.291,industrial
14,3,4,0,105.9,183.57,5.13,21.07,13.06,2.442,3.11,36.0,16.3,0.577,4.105,agricultural_burning
3,6,4,0,159.42,194.05,69.59,41.06,29.17,0.687,1.49,24.4,47.2,0.822,0.59,industrial
17,10,3,0,120.74,213.3,0.63,13.33,9.14,2.201,3.32,27.4,40.6,0.566,21.278,agricultural_burning
3,6,5,1,168.21,206.84,107.21,12.71,9.61,0.788,3.06,21.9,68.4,0.813,0.119,industrial
5,1,3,0,84.4,127.55,13.09,35.66,18.93,0.891,1.06,22.4,70.2,0.662,2.725,seasonal_inversion
8,7,3,0,64.18,135.98,5.9,93.65,51.69,2.549,1.43,33.3,44.6,0.472,15.876,vehicular
22,3,2,0,218.51,284.72,104.45,46.19,25.78,0.839,1.56,38.7,66.5,0.767,0.442,industrial
9,3,3,0,57.28,72.02,3.65,61.33,45.5,1.139,2.1,29.1,64.9,0.795,16.794,vehicular
6,2,0,0,96.21,182.21,19.58,28.18,25.3,0.923,0.12,21.6,72.2,0.528,1.44,seasonal_inversion
9,12,0,0,50.94,49.55,11.49,80.46,58.9,1.45,1.33,24.5,40.3,1.028,7.003,vehicular
0,11,6,1,176.13,254.29,23.69,35.04,18.22,1.091,2.61,20.8,46.9,0.693,1.479,industrial
10,11,6,1,186.78,302.56,13.66,19.49,8.09,1.494,3.8,29.1,45.1,0.617,1.427,agricultural_burning
12,12,1,0,119.55,171.06,5.02,24.81,13.53,2.023,1.22,34.5,58.1,0.699,4.942,agricultural_burning
9,1,3,0,59.93,70.13,6.87,106.84,54.55,1.488,1.05,32.2,85.9,0.855,15.558,vehicular
14,12,2,0,173.21,259.71,19.99,7.08,6.52,1.308,3.71,30.6,46.1,0.667,0.354,agricultural_burning
12,12,2,0,209.05,333.34,15.21,5.23,0.18,2.722,1.28,31.5,57.7,0.627,0.344,agricultural_burning
5,3,1,0,158.24,243.25,118.03,31.64,19.65,0.852,2.53,27.1,55.6,0.651,0.268,industrial
21,6,2,0,63.0,104.66,-0.68,9.68,7.16,0.737,7.32,31.0,67.0,0.602,5.0,unknown
22,3,6,1,170.44,232.65,94.51,44.86,31.11,0.861,3.43,16.6,62.6,0.733,0.475,industrial
11,3,3,0,133.59,313.37,1.25,35.77,14.72,2.307,1.1,40.1,58.4,0.426,28.71,agricultural_burning
16,11,0,0,183.54,326.27,8.7,29.48,12.56,1.78,4.09,37.8,56.5,0.563,3.387,agricultural_burning
0,12,2,0,137.2,217.91,70.73,59.0,43.49,0.608,2.05,31.4,71.7,0.63,0.834,industrial
9,12,2,0,61.38,85.62,20.01,39.03,18.34,0.971,1.42,20.8,69.4,0.717,1.951,seasonal_inversion
6,4,4,0,52.38,81.04,12.31,7.61,3.15,0.43,1.3,35.4,72.7,0.646,0.618,unknown
10,11,2,0,141.72,327.04,3.88,22.39,14.66,2.111,3.47,35.7,70.4,0.433,5.774,agricultural_burning
7,1,2,0,106.58,163.83,-0.3,25.02,15.61,1.001,0.99,7.7,75.2,0.651,5.0,seasonal_inversion
12,3,0,0,30.35,34.06,10.15,19.88,8.69,0.268,3.13,32.6,69.8,0.891,1.958,unknown
22,2,2,0,83.28,122.5,5.08,5.65,3.23,0.524,2.81,29.8,68.4,0.68,1.113,unknown
14,10,1,0,154.89,239.03,8.56,27.61,22.84,1.117,4.35,31.6,57.8,0.648,3.227,agricultural_burning
10,4,1,0,78.6,141.97,8.15,62.11,31.07,2.877,2.62,27.3,45.9,0.554,7.618,vehicular
10,7,2,0,37.6,74.02,12.05,141.67,71.52,2.421,0.83,29.4,72.9,0.508,11.752,vehicular
17,2,0,0,92.66,138.81,3.86,93.76,50.85,2.29,0.99,27.0,53.8,0.668,24.309,vehicular
20,6,2,0,70.26,140.3,12.23,10.61,5.13,0.447,7.9,33.6,43.2,0.501,0.867,unknown
1,3,6,1,159.12,192.54,73.04,30.04,23.75,0.751,2.45,32.1,80.0,0.826,0.411,industrial
9,4,1,0,55.88,61.94,4.6,73.0,55.29,0.982,0.6,32.7,72.8,0.902,15.875,vehicular
8,11,0,0,136.98,222.47,16.05,22.88,12.02,0.867,1.45,20.0,65.2,0.616,1.426,seasonal_inversion
14,4,1,0,98.88,170.73,15.33,17.55,4.36,1.632,4.91,30.4,33.3,0.579,1.145,agricultural_burning
5,12,0,0,97.08,108.74,16.13,47.06,35.34,0.995,0.16,22.9,76.7,0.893,2.917,seasonal_inversion
18,10,4,0,84.67,172.15,3.07,103.48,68.0,1.757,1.47,37.5,75.9,0.492,33.663,vehicular
1,6,1,0,41.59,36.32,11.71,18.78,12.42,0.693,4.51,15.8,57.6,1.145,1.605,unknown
11,4,4,0,123.62,264.89,9.33,29.88,16.88,1.451,3.61,39.0,24.1,0.467,3.203,agricultural_burning
22,5,3,0,58.75,71.74,4.99,41.52,26.79,0.507,2.11,26.1,90.5,0.819,8.318,unknown
4,5,2,0,210.27,245.32,104.96,46.0,25.53,1.132,3.15,23.6,67.8,0.857,0.438,industrial
10,2,2,0,117.85,125.46,2.4,29.54,18.44,0.799,0.59,20.0,81.3,0.939,12.301,seasonal_inversion
22,8,6,1,87.54,133.04,51.54,42.99,30.54,0.687,0.56,27.4,69.8,0.658,0.834,industrial
11,8,3,0,54.93,78.03,9.44,29.6,18.88,0.354,3.95,34.0,55.7,0.704,3.136,unknown
5,2,2,0,114.89,157.45,3.85,15.54,11.56,0.567,0.39,15.4,72.3,0.73,4.039,seasonal_inversion
5,1,5,1,166.93,190.97,77.22,28.96,20.89,0.924,3.69,26.4,80.9,0.874,0.375,industrial
8,12,3,0,54.27,76.85,3.41,127.2,91.49,1.464,0.98,33.4,36.9,0.706,37.325,vehicular
11,4,0,0,167.08,234.82,6.57,12.97,2.4,2.123,1.4,35.9,57.9,0.712,1.974,agricultural_burning
1,12,0,0,165.96,240.09,67.02,42.58,32.97,0.969,2.52,34.0,60.6,0.691,0.635,industrial
22,8,6,1,141.75,187.32,69.8,30.4,20.3,0.931,2.13,32.5,66.5,0.757,0.435,industrial
8,3,4,0,111.83,145.95,0.27,89.19,44.11,2.616,2.72,31.8,63.7,0.766,326.212,vehicular
20,8,4,0,53.86,103.57,1.8,123.57,65.16,2.779,2.06,34.1,40.2,0.52,68.492,vehicular
2,6,5,1,135.86,166.4,67.91,38.51,23.46,1.084,1.9,28.1,83.7,0.816,0.567,industrial
20,11,0,0,89.9,112.15,12.94,50.96,25.19,2.62,0.59,27.3,35.6,0.802,3.938,vehicular
23,2,2,0,44.85,48.65,10.44,18.81,14.17,0.423,4.35,12.3,79.5,0.922,1.801,unknown
17,12,3,0,133.76,185.78,7.3,24.12,14.06,2.481,2.56,34.9,56.0,0.72,3.305,agricultural_burning
4,7,3,0,79.09,59.51,89.24,37.69,25.23,0.163,1.87,37.5,69.6,1.329,0.422,industrial
9,1,1,0,109.9,151.16,8.1,95.02,61.83,2.227,2.66,29.9,20.0,0.727,11.728,vehicular
2,9,6,1,153.99,202.98,98.59,62.61,39.07,0.766,1.21,27.7,49.2,0.759,0.635,industrial
17,11,4,0,104.97,239.96,6.7,28.44,22.02,2.2,4.06,32.4,27.8,0.437,4.244,agricultural_burning
9,10,5,1,141.95,195.73,4.45,21.24,9.08,1.501,4.09,28.9,53.1,0.725,4.777,agricultural_burning
13,4,6,1,215.79,282.26,6.99,18.3,9.76,2.726,2.42,30.7,15.0,0.765,2.617,agricultural_burning
17,1,0,0,45.78,57.45,8.29,19.41,9.58,0.356,5.81,31.8,66.4,0.797,2.34,unknown
11,3,5,1,85.9,175.22,4.1,25.69,16.75,0.826,2.3,37.3,27.2,0.49,6.26,agricultural_burning
10,11,2,0,24.23,50.88,6.02,24.39,16.22,0.063,7.3,16.9,86.5,0.476,4.053,unknown
18,8,0,0,90.06,119.26,0.48,90.16,40.28,1.212,2.29,31.1,54.7,0.755,189.271,vehicular
9,3,4,0,312.04,480.31,14.25,23.41,17.14,1.968,3.31,30.0,62.6,0.65,1.643,agricultural_burning
4,10,1,0,142.05,213.53,68.26,52.77,27.16,1.367,0.71,24.9,69.4,0.665,0.773,industrial
4,6,2,0,73.55,110.93,10.2,8.85,2.81,0.383,5.82,33.6,64.2,0.663,0.867,unknown
17,7,2,0,51.35,65.47,3.69,91.72,61.92,1.672,2.93,35.4,50.5,0.784,24.832,vehicular
9,4,5,1,201.25,396.2,3.53,17.07,7.49,1.964,4.44,23.0,52.5,0.508,4.833,agricultural_burning
14,10,1,0,139.6,330.21,6.88,24.87,20.78,1.908,4.45,32.5,32.3,0.423,3.614,agricultural_burning
17,2,2,0,74.61,133.84,14.01,142.28,72.08,1.331,1.72,37.9,60.1,0.557,10.158,vehicular
18,10,6,1,178.18,288.8,4.22,31.28,22.32,1.798,1.31,38.7,18.2,0.617,7.412,agricultural_burning
0,12,3,0,200.54,249.78,75.01,31.19,26.05,0.801,3.91,34.0,67.7,0.803,0.416,industrial
6,12,4,0,56.31,60.58,9.11,23.91,16.17,0.557,0.88,22.1,69.1,0.93,2.625,seasonal_inversion
6,12,2,0,131.66,187.53,90.37,33.63,18.37,1.087,1.09,31.1,85.7,0.702,0.372,industrial
10,12,1,0,194.41,363.92,4.39,-1.5,2.47,3.181,2.19,31.2,34.2,0.534,-0.341,agricultural_burning
11,3,2,0,254.83,371.43,6.72,37.42,14.37,1.898,1.84,32.5,32.8,0.686,5.569,agricultural_burning
12,11,4,0,104.71,255.77,-0.91,13.48,6.64,2.273,3.99,37.1,43.3,0.409,5.0,agricultural_burning
10,2,0,0,111.74,181.09,11.25,26.98,18.03,0.882,0.42,15.4,67.7,0.617,2.399,seasonal_inversion
8,6,3,0,89.46,171.32,6.44,54.72,34.87,1.32,0.67,31.3,63.1,0.522,8.502,vehicular
5,12,1,0,178.02,209.83,51.6,19.72,13.5,0.518,2.39,30.3,51.6,0.848,0.382,industrial
18,3,3,0,120.56,194.62,6.33,26.95,13.75,2.093,4.29,39.1,26.6,0.619,4.255,agricultural_burning
9,11,4,0,79.25,118.25,2.64,47.1,30.61,0.363,0.47,15.7,98.0,0.67,17.858,seasonal_inversion
1,4,4,0,194.32,264.94,103.04,55.07,43.57,0.972,0.58,30.0,52.2,0.733,0.534,industrial
5,8,5,1,41.98,49.71,11.18,24.03,9.61,0.761,4.91,36.7,58.9,0.844,2.149,unknown
11,12,2,0,125.92,211.11,4.45,16.86,2.85,3.071,3.07,25.9,48.2,0.596,3.79,agricultural_burning
10,3,1,0,173.92,250.57,4.93,14.59,5.4,1.192,1.21,31.0,64.7,0.694,2.959,agricultural_burning
4,6,2,0,193.03,196.33,120.72,25.9,22.16,0.716,1.31,21.5,56.1,0.983,0.215,industrial
18,4,0,0,83.51,154.4,4.55,58.43,33.82,4.323,2.82,24.3,49.1,0.541,12.835,vehicular
10,8,4,0,51.61,114.49,3.76,26.21,23.59,2.128,1.3,20.6,33.9,0.451,6.975,vehicular
9,1,2,0,87.18,200.96,7.1,99.6,75.32,2.186,1.83,33.6,53.9,0.434,14.03,vehicular
16,12,3,0,175.22,328.45,8.22,24.44,9.61,1.19,3.38,33.7,18.6,0.533,2.974,agricultural_burning
21,10,3,0,26.05,42.04,7.65,11.05,8.22,0.538,3.98,37.5,72.2,0.62,1.445,unknown
18,4,2,0,66.67,147.7,6.34,66.57,38.0,2.495,2.33,36.5,55.0,0.451,10.494,vehicular
11,11,4,0,132.68,278.8,5.52,15.96,4.7,2.793,1.46,32.2,41.5,0.476,2.89,agricultural_burning
10,1,3,0,56.72,83.95,3.44,93.38,48.24,2.336,2.74,30.1,60.7,0.676,27.175,vehicular
8,2,2,0,60.53,105.13,7.25,55.53,34.95,1.915,0.53,34.7,69.4,0.576,7.656,vehicular
23,1,5,1,115.58,123.21,120.47,57.59,40.04,1.24,2.41,28.1,43.6,0.938,0.478,industrial
6,11,1,0,83.92,125.33,12.42,31.1,21.57,0.849,0.63,23.1,68.6,0.67,2.505,seasonal_inversion
5,4,2,0,177.22,272.8,76.93,30.51,18.84,0.529,0.73,32.1,81.2,0.65,0.397,industrial
1,4,6,1,2.84,12.94,10.4,29.56,19.67,0.508,3.88,26.8,23.5,0.22,2.843,unknown
7,8,2,0,86.34,182.82,8.68,104.88,70.08,2.748,1.37,27.0,51.7,0.472,12.086,vehicular
21,6,1,0,51.59,72.72,7.77,10.74,7.81,0.272,4.71,27.8,98.0,0.709,1.382,unknown
7,1,4,0,58.07,48.87,10.59,31.94,23.64,0.851,0.74,25.0,84.0,1.188,3.014,seasonal_inversion
4,9,5,1,155.91,202.89,64.68,23.75,19.39,1.424,1.0,30.8,78.6,0.768,0.367,industrial
0,5,5,1,135.61,176.31,47.21,43.73,31.78,0.932,3.04,29.5,35.4,0.769,0.926,industrial
6,10,1,0,175.63,228.63,104.18,47.13,25.69,1.269,2.26,30.2,100.0,0.768,0.452,industrial
6,9,2,0,124.23,148.35,84.84,44.01,28.95,1.396,3.6,36.3,73.1,0.837,0.519,industrial
19,7,2,0,94.48,189.85,6.92,119.01,67.01,2.901,2.33,27.2,24.9,0.498,17.185,vehicular
2,5,0,0,159.94,208.44,44.05,28.98,22.05,0.861,3.13,29.0,65.5,0.767,0.658,industrial
9,12,4,0,81.82,107.21,5.73,34.82,29.31,0.662,1.13,20.1,72.5,0.763,6.073,seasonal_inversion
20,9,0,0,82.25,143.17,5.93,103.67,64.85,2.561,2.82,33.1,51.4,0.575,17.489,vehicular
10,11,3,0,84.42,118.29,16.6,26.01,9.42,0.851,0.77,21.2,84.3,0.714,1.567,seasonal_inversion
3,10,5,1,50.28,72.98,1.84,20.23,11.29,0.581,4.24,34.0,66.5,0.689,11.015,unknown
11,5,6,1,29.29,58.05,6.37,16.66,10.43,0.079,7.79,32.3,58.9,0.505,2.615,unknown
11,4,4,0,137.04,253.83,6.01,24.59,11.68,2.537,4.39,34.7,40.6,0.54,4.093,agricultural_burning
8,1,0,0,78.13,110.52,9.11,43.91,24.41,0.541,0.67,13.3,59.5,0.707,4.818,seasonal_inversion
4,7,1,0,182.58,233.42,48.39,31.71,12.21,0.159,1.38,32.9,62.0,0.782,0.655,industrial
17,10,4,0,198.54,284.61,10.83,21.15,7.12,1.926,1.73,34.3,78.4,0.698,1.954,agricultural_burning
4,2,0,0,162.66,214.59,53.78,25.18,10.94,1.279,1.22,27.4,67.6,0.758,0.468,industrial
5,12,6,1,97.94,190.54,18.09,20.77,13.35,0.593,1.01,24.1,79.2,0.514,1.148,seasonal_inversion
15,2,5,1,31.62,36.53,13.75,24.4,15.04,0.649,7.54,32.7,52.9,0.865,1.774,unknown
6,9,6,1,124.3,176.83,69.64,58.67,34.88,1.472,3.28,27.5,59.2,0.703,0.842,industrial
14,12,1,0,157.69,364.69,8.84,26.4,16.38,0.949,4.36,33.8,31.8,0.432,2.985,agricultural_burning
5,2,5,1,99.61,116.96,15.49,15.44,16.91,0.24,1.09,21.0,63.5,0.852,0.997,seasonal_inversion
23,10,6,1,207.15,259.11,68.96,41.04,34.91,1.254,3.74,29.4,77.4,0.799,0.595,industrial
17,10,0,0,94.84,224.15,2.46,23.04,13.21,1.247,2.72,37.5,31.8,0.423,9.382,agricultural_burning
3,8,3,0,119.02,176.78,52.9,27.76,20.3,1.003,1.76,29.3,55.3,0.673,0.525,industrial
8,11,2,0,156.22,187.05,12.32,18.65,8.08,1.078,0.44,16.1,60.5,0.835,1.514,seasonal_inversion
6,9,6,1,116.67,122.44,55.89,29.03,20.11,0.273,0.59,32.3,75.5,0.953,0.519,industrial
14,12,2,0,142.88,250.9,1.58,24.98,12.8,2.401,1.07,32.5,43.0,0.569,15.783,agricultural_burning
9,10,0,0,47.09,46.26,8.56,74.15,52.3,3.025,2.08,28.0,55.6,1.018,8.664,vehicular
6,11,2,0,112.57,148.44,12.93,26.41,24.06,0.703,1.01,25.5,67.6,0.758,2.042,seasonal_inversion
9,3,1,0,60.39,86.86,2.61,55.19,35.79,2.499,0.93,35.5,70.7,0.695,21.162,vehicular
7,1,2,0,67.06,105.44,14.35,29.55,24.94,1.009,0.44,20.1,83.3,0.636,2.06,seasonal_inversion
22,3,6,1,192.04,284.71,113.14,34.52,20.93,1.241,1.13,23.5,55.0,0.675,0.305,industrial
18,6,6,1,35.59,38.2,13.72,25.28,19.34,0.458,3.92,22.9,64.2,0.932,1.842,unknown
10,1,4,0,84.14,121.39,9.43,45.76,33.44,1.145,0.17,17.3,72.8,0.693,4.852,seasonal_inversion
2,4,3,0,162.8,241.92,64.47,45.22,39.33,1.092,0.72,25.2,79.9,0.673,0.701,industrial
9,1,3,0,69.84,139.72,2.33,131.5,69.38,3.089,1.77,35.7,30.5,0.5,56.534,vehicular
11,5,0,0,34.49,42.02,0.96,30.23,23.29,0.314,3.19,29.4,60.8,0.821,31.404,unknown
10,1,1,0,85.31,132.51,14.95,26.04,21.08,0.825,0.68,11.1,77.7,0.644,1.742,seasonal_inversion
11,7,1,0,36.09,35.75,1.76,24.13,15.83,0.289,6.73,29.9,51.0,1.009,13.674,unknown
17,8,3,0,50.05,55.91,2.14,88.25,63.8,2.708,0.71,30.3,61.4,0.895,41.328,vehicular
14,11,2,0,88.29,216.38,11.11,12.69,7.83,2.172,1.69,35.5,30.7,0.408,1.142,agricultural_burning
9,6,3,0,30.35,44.27,10.68,10.6,6.16,0.611,7.25,21.0,66.3,0.686,0.992,unknown
15,2,5,1,39.04,40.77,14.78,19.44,14.63,0.578,2.01,41.7,59.3,0.958,1.315,unknown
9,11,4,0,122.34,157.15,6.99,36.5,20.28,1.189,0.26,17.3,74.7,0.779,5.222,seasonal_inversion
20,12,4,0,126.76,201.5,8.08,69.02,48.49,2.623,2.16,26.0,46.2,0.629,8.544,vehicular
5,6,1,0,134.95,153.04,55.88,39.8,27.97,0.878,1.31,24.9,46.6,0.882,0.712,industrial
6,11,0,0,86.08,146.18,14.78,26.33,14.17,0.205,0.28,21.2,68.8,0.589,1.782,seasonal_inversion
17,11,1,0,173.24,296.88,8.26,9.15,2.13,1.701,1.72,35.0,41.3,0.584,1.108,agricultural_burning
5,9,4,0,49.48,57.88,10.67,23.15,11.95,0.378,6.43,27.3,92.6,0.855,2.17,unknown
22,5,0,0,188.07,216.86,56.53,29.88,23.7,0.666,2.01,23.3,73.6,0.867,0.528,industrial
17,3,0,0,167.52,311.01,11.96,29.46,22.47,1.708,3.61,31.9,53.5,0.539,2.463,agricultural_burning
18,4,0,0,202.72,313.26,14.02,27.9,16.74,2.345,1.8,33.0,44.7,0.647,1.99,agricultural_burning
9,6,0,0,81.61,123.79,4.34,109.24,58.65,2.512,2.38,19.8,68.9,0.659,25.158,vehicular
11,11,4,0,158.42,287.64,11.2,16.39,10.86,1.551,1.3,26.9,44.7,0.551,1.463,agricultural_burning
22,6,0,0,32.67,42.3,17.6,1.35,3.8,0.656,2.84,18.3,98.0,0.772,0.076,unknown
11,10,6,1,54.16,74.91,-0.17,8.42,6.96,0.568,7.17,32.2,48.4,0.723,5.0,unknown
5,1,1,0,72.63,93.19,16.86,30.45,24.02,0.962,0.62,21.3,97.8,0.779,1.806,seasonal_inversion
20,2,0,0,79.33,154.73,2.48,91.13,57.27,1.698,2.76,31.5,51.8,0.513,36.802,vehicular
1,4,1,0,166.51,231.88,49.83,30.45,16.9,0.877,2.89,31.7,36.9,0.718,0.611,industrial
12,12,4,0,189.21,348.86,14.18,13.38,6.42,3.134,2.71,36.5,37.2,0.542,0.943,agricultural_burning
22,4,3,0,148.1,164.2,106.94,8.29,5.43,0.76,1.77,29.7,82.8,0.902,0.077,industrial
21,8,2,0,43.38,52.63,6.86,29.77,21.77,0.52,4.74,27.0,51.6,0.824,4.34,unknown
12,4,0,0,144.71,263.77,12.92,28.63,19.11,2.203,1.05,22.7,33.1,0.549,2.217,agricultural_burning
16,6,6,1,52.23,68.99,9.52,21.23,17.4,0.477,6.62,35.0,29.1,0.757,2.23,unknown
17,11,5,1,224.82,348.9,6.19,38.16,20.01,2.188,4.95,31.6,59.5,0.644,6.165,agricultural_burning
19,5,2,0,55.46,93.83,0.79,110.39,76.95,3.018,1.28,36.4,69.9,0.591,138.942,vehicular
22,5,5,1,207.44,317.53,72.31,7.69,5.61,0.521,2.9,29.1,54.9,0.653,0.106,industrial
9,10,0,0,179.57,286.25,12.35,17.85,11.82,0.844,1.71,38.6,71.4,0.627,1.445,agricultural_burning
5,10,3,0,45.24,82.86,7.47,11.49,9.31,0.491,6.86,38.3,30.7,0.546,1.538,unknown
7,8,4,0,53.3,76.58,11.43,20.01,9.82,0.6,6.39,32.5,42.1,0.696,1.75,unknown
8,11,2,0,114.22,152.86,15.01,34.08,24.9,0.55,0.9,27.1,72.4,0.747,2.271,seasonal_inversion
5,4,6,1,127.73,149.24,74.89,17.65,12.19,1.067,3.48,25.4,61.5,0.856,0.236,industrial
5,3,2,0,27.41,51.24,6.61,21.44,9.46,0.447,5.57,30.1,69.8,0.535,3.244,unknown
5,12,6,1,50.23,71.46,12.39,28.13,24.11,0.834,0.56,15.3,47.4,0.703,2.269,seasonal_inversion
6,12,0,0,83.94,112.78,15.18,33.78,20.86,1.014,0.97,15.3,88.1,0.744,2.226,seasonal_inversion
5,12,6,1,43.18,47.93,7.01,8.23,6.05,0.521,5.66,26.4,47.9,0.901,1.174,unknown
10,1,2,0,112.15,153.44,12.37,63.45,43.2,0.528,1.17,17.4,80.6,0.731,5.129,seasonal_inversion
18,9,0,0,88.95,149.77,4.08,109.25,68.72,3.462,2.53,26.2,55.6,0.594,26.764,vehicular
14,12,2,0,104.33,228.51,10.46,6.7,2.95,3.316,3.1,17.7,54.1,0.457,0.64,agricultural_burning
3,9,0,0,161.84,228.63,90.93,46.98,42.0,0.969,2.78,17.8,90.7,0.708,0.517,industrial
10,2,5,1,91.94,119.59,14.54,25.6,16.13,0.927,0.01,7.7,87.5,0.769,1.761,seasonal_inversion
15,3,1,0,160.88,219.36,9.59,20.45,3.54,0.575,2.26,28.0,46.7,0.733,2.133,agricultural_burning
7,12,1,0,101.29,150.76,8.97,43.62,24.75,1.067,1.3,17.9,90.8,0.672,4.86,seasonal_inversion
13,4,1,0,170.68,325.83,10.38,7.35,8.36,1.69,2.0,39.7,43.8,0.524,0.708,agricultural_burning
10,2,4,0,103.9,184.41,5.36,11.26,6.0,0.806,1.17,16.5,78.8,0.563,2.101,seasonal_inversion
18,5,0,0,99.34,146.31,1.24,94.24,48.29,1.59,2.62,27.6,58.2,0.679,76.018,vehicular
4,2,3,0,206.28,291.73,79.4,40.83,28.0,1.012,1.89,32.0,20.0,0.707,0.514,industrial
5,5,3,0,19.66,46.89,7.23,13.28,8.0,0.072,2.12,25.3,73.8,0.419,1.838,unknown
3,7,0,0,132.83,180.95,72.16,49.57,27.89,1.229,2.94,26.4,95.5,0.734,0.687,industrial
8,2,1,0,66.87,130.08,2.52,60.99,24.94,2.974,0.72,34.9,40.9,0.514,24.205,vehicular
9,4,0,0,120.76,247.28,2.4,8.36,2.07,1.36,2.35,42.8,38.7,0.488,3.491,agricultural_burning
15,11,1,0,213.31,315.0,11.53,14.51,8.61,2.058,1.18,31.2,32.8,0.677,1.259,agricultural_burning
8,3,2,0,45.03,59.81,6.74,79.99,52.87,1.724,0.91,23.1,66.5,0.753,11.873,vehicular
10,3,1,0,256.12,344.57,1.66,27.51,17.06,1.81,2.52,18.8,55.8,0.743,16.527,agricultural_burning
10,2,4,0,125.32,128.67,28.21,38.45,30.65,0.528,0.97,16.3,97.4,0.974,1.363,seasonal_inversion
2,1,6,1,194.42,241.76,78.59,18.57,10.23,1.041,2.0,20.5,35.8,0.804,0.236,industrial
4,4,4,0,177.37,243.72,50.57,26.46,11.56,0.833,2.26,31.3,63.9,0.728,0.523,industrial
22,11,3,0,24.29,56.24,0.07,30.06,23.2,0.158,5.85,28.7,57.6,0.432,415.212,unknown
17,3,4,0,47.67,97.77,9.96,106.54,74.77,2.586,2.96,19.8,21.8,0.488,10.699,vehicular
8,12,0,0,58.42,68.18,13.64,29.12,17.47,0.909,1.48,24.1,74.7,0.857,2.135,seasonal_inversion
20,1,4,0,78.8,167.77,2.18,141.11,93.45,1.903,2.89,30.1,47.7,0.47,64.872,vehicular
4,6,1,0,170.76,222.03,50.7,39.11,22.27,0.764,3.54,25.0,73.6,0.769,0.771,industrial
22,2,5,1,29.24,44.38,14.61,15.42,11.8,0.715,5.27,34.7,67.8,0.659,1.055,unknown
6,2,5,1,108.5,158.26,8.99,23.51,13.37,1.094,0.74,17.0,93.6,0.686,2.613,seasonal_inversion
18,2,1,0,60.23,140.46,5.81,107.67,66.1,3.51,2.38,18.6,35.0,0.429,18.535,vehicular
10,6,6,1,29.79,29.16,12.11,22.61,16.72,0.427,6.8,42.4,85.2,1.021,1.867,unknown
19,3,2,0,105.98,170.56,3.63,116.54,67.34,1.474,2.63,17.8,44.4,0.621,32.087,vehicular
0,3,6,1,68.28,76.65,8.26,2.92,3.87,0.645,4.19,35.9,66.6,0.891,0.353,unknown
5,3,1,0,29.05,69.5,3.11,31.39,19.44,0.528,2.48,40.3,79.1,0.418,10.081,unknown
23,1,6,1,85.87,168.59,5.01,-9.4,-3.66,0.331,7.67,36.6,63.4,0.509,-1.878,unknown
6,11,4,0,64.89,85.16,6.64,4.98,5.19,0.151,5.56,17.6,64.9,0.762,0.749,unknown
12,3,2,0,237.78,322.34,2.14,16.18,5.57,2.161,4.02,32.4,60.2,0.738,7.568,agricultural_burning
10,8,2,0,41.95,93.01,1.02,16.15,10.97,0.238,3.43,18.7,54.5,0.451,15.893,unknown
8,1,5,1,111.95,157.81,22.2,21.59,11.49,0.476,0.55,17.1,67.0,0.709,0.973,seasonal_inversion
9,12,1,0,77.03,108.91,6.98,94.45,62.82,2.973,1.14,26.3,40.8,0.707,13.537,vehicular
5,12,3,0,87.09,125.34,19.22,44.91,28.81,1.408,1.45,18.6,82.8,0.695,2.337,seasonal_inversion
11,10,3,0,128.85,260.33,3.85,8.55,4.61,2.425,3.22,35.9,15.0,0.495,2.223,agricultural_burning
19,2,1,0,81.66,155.75,0.13,106.41,70.52,2.936,0.55,34.4,72.1,0.524,814.205,vehicular
6,7,6,1,135.37,126.97,79.96,40.31,29.59,1.045,3.03,21.9,78.0,1.066,0.504,industrial
8,6,1,0,48.52,62.91,10.05,36.5,32.09,0.712,5.06,14.2,42.0,0.771,3.633,unknown
4,4,5,1,45.95,95.2,13.68,13.73,6.62,0.876,4.74,43.6,41.6,0.483,1.003,unknown
23,1,5,1,166.84,229.4,40.03,30.5,19.62,1.025,2.94,19.8,57.3,0.727,0.762,industrial
20,3,3,0,70.23,125.12,13.23,3.15,1.19,0.896,7.97,27.1,63.4,0.561,0.238,unknown
23,4,4,0,169.97,183.9,58.16,41.34,31.06,0.009,0.95,20.1,73.5,0.924,0.711,industrial
13,3,6,1,40.82,53.02,15.19,36.02,18.57,0.197,3.52,31.4,43.6,0.77,2.372,unknown
9,12,0,0,129.78,186.54,10.5,41.14,27.84,0.879,1.39,27.5,84.8,0.696,3.918,seasonal_inversion
17,12,2,0,172.83,331.66,13.08,19.17,10.16,2.38,2.91,30.2,51.6,0.521,1.465,agricultural_burning
2,2,6,1,177.37,237.12,71.53,68.97,46.41,1.182,3.99,33.7,71.4,0.748,0.964,industrial
6,4,6,1,34.71,21.16,0.28,24.71,16.05,0.263,7.15,30.1,44.6,1.64,87.639,unknown
11,10,4,0,89.86,180.5,7.96,24.74,15.08,0.761,1.92,26.3,39.5,0.498,3.108,agricultural_burning
10,11,0,0,83.94,107.59,15.13,31.34,14.77,0.852,1.28,25.3,58.0,0.78,2.071,seasonal_inversion
17,8,0,0,81.61,116.04,10.75,55.2,49.9,2.363,2.05,31.0,26.6,0.703,5.133,vehicular
10,11,0,0,196.23,310.0,11.14,14.69,11.63,1.522,1.64,33.3,29.4,0.633,1.319,agricultural_burning
8,1,0,0,72.21,132.35,3.41,25.51,18.2,0.344,0.05,22.9,69.2,0.546,7.491,seasonal_inversion
5,2,0,0,54.34,93.53,9.98,28.21,16.82,1.019,0.99,9.0,71.5,0.581,2.827,seasonal_inversion
20,3,3,0,86.2,126.06,9.01,112.91,84.36,2.419,1.15,22.3,52.7,0.684,12.526,vehicular
12,4,0,0,115.92,276.14,8.34,37.76,21.2,2.333,3.26,37.6,35.9,0.42,4.528,agricultural_burning
5,2,5,1,40.3,38.46,4.9,24.35,16.87,0.561,1.29,19.2,86.0,1.048,4.97,unknown
18,11,0,0,55.02,110.24,5.42,96.31,63.23,3.154,1.85,29.4,50.2,0.499,17.767,vehicular
12,5,3,0,24.66,19.47,13.11,4.99,0.3,0.686,1.11,35.3,46.8,1.266,0.381,unknown
3,4,4,0,55.9,108.75,6.81,1.21,2.56,0.594,3.65,31.7,33.8,0.514,0.178,unknown
5,11,3,0,84.73,113.93,7.13,19.7,12.73,0.665,0.79,16.3,89.2,0.744,2.763,seasonal_inversion
0,8,6,1,191.65,244.57,104.27,18.73,14.88,0.785,3.03,30.0,85.1,0.784,0.18,industrial
6,11,1,0,221.55,262.64,83.31,42.91,32.66,0.291,2.07,29.1,64.0,0.844,0.515,industrial
2,3,2,0,119.59,179.75,33.47,34.73,23.69,0.669,3.17,32.7,45.3,0.665,1.037,industrial
20,7,1,0,108.42,240.53,7.55,99.05,66.76,2.798,0.53,19.6,50.2,0.451,13.113,vehicular
10,3,2,0,95.35,115.63,2.29,43.64,25.12,2.576,0.94,31.9,51.8,0.825,19.093,vehicular
12,10,1,0,177.86,294.68,10.52,22.97,15.68,0.734,3.17,29.4,40.3,0.604,2.184,agricultural_burning
9,12,0,0,184.58,280.16,3.1,9.76,4.46,1.67,3.46,24.8,47.6,0.659,3.146,agricultural_burning
3,4,4,0,155.95,198.83,61.27,37.78,21.21,0.256,2.3,40.4,64.8,0.784,0.617,industrial
8,1,5,1,95.4,132.12,5.99,33.2,14.83,0.898,1.0,15.7,84.3,0.722,5.546,seasonal_inversion
0,7,6,1,110.51,103.75,67.35,38.17,20.35,1.146,3.39,34.8,58.0,1.065,0.567,industrial
5,11,2,0,147.24,232.69,59.83,22.12,14.72,1.092,1.11,18.5,74.6,0.633,0.37,industrial
5,1,0,0,72.7,82.28,11.28,34.67,23.24,1.155,0.46,22.9,80.5,0.884,3.074,seasonal_inversion
6,2,6,1,65.94,83.3,20.74,26.03,16.84,0.61,1.42,20.6,78.1,0.792,1.255,seasonal_inversion
7,11,1,0,86.51,141.02,10.39,38.37,26.08,1.096,1.34,21.3,75.1,0.613,3.692,seasonal_inversion
22,7,1,0,154.52,145.27,76.95,21.71,17.46,0.878,3.45,15.8,89.0,1.064,0.282,industrial
9,12,6,1,132.01,160.72,9.61,37.58,19.34,1.0,1.0,22.7,77.7,0.821,3.91,seasonal_inversion
22,11,1,0,57.4,78.78,10.5,12.51,6.24,0.296,1.97,25.6,52.8,0.729,1.191,unknown
9,12,2,0,90.14,107.38,18.62,27.36,18.99,0.886,0.17,14.5,77.9,0.839,1.47,seasonal_inversion
5,2,1,0,54.48,96.33,19.73,21.16,15.45,0.852,1.0,22.3,68.1,0.566,1.073,seasonal_inversion
20,2,2,0,108.95,180.58,6.69,97.91,57.24,2.624,1.65,33.6,57.2,0.603,14.645,vehicular
10,11,4,0,123.75,286.61,10.09,16.93,9.44,1.806,3.97,33.4,44.5,0.432,1.679,agricultural_burning
8,12,5,1,117.8,148.58,13.74,45.32,25.67,1.173,0.22,13.3,85.5,0.793,3.299,seasonal_inversion
8,9,4,0,75.53,126.11,6.88,73.51,53.4,2.015,2.92,41.9,42.3,0.599,10.69,vehicular
5,11,6,1,142.45,196.48,104.71,21.79,16.87,0.324,2.18,36.7,98.0,0.725,0.208,industrial
5,6,4,0,33.84,61.42,2.65,13.58,7.13,0.704,6.59,32.7,54.2,0.551,5.121,unknown
22,11,5,1,31.07,51.35,8.71,14.93,9.29,0.296,2.22,23.3,37.6,0.605,1.715,unknown
18,7,1,0,32.66,64.39,8.92,25.44,21.74,0.611,7.36,35.6,28.6,0.507,2.852,unknown
6,3,0,0,17.42,35.57,10.57,24.36,14.04,0.55,1.74,33.8,74.7,0.49,2.306,unknown
17,3,5,1,142.0,291.51,5.52,28.26,21.37,1.714,3.27,32.6,55.3,0.487,5.116,agricultural_burning
14,1,3,0,56.42,91.42,8.6,17.31,10.94,0.708,3.6,33.4,68.6,0.617,2.013,unknown
20,11,2,0,43.79,84.89,0.78,79.39,38.12,3.219,2.94,33.3,50.9,0.516,101.728,vehicular
11,9,1,0,48.05,78.96,0.99,39.77,26.94,0.597,4.49,28.2,35.5,0.608,40.142,unknown
9,8,4,0,81.27,156.79,2.33,43.0,30.45,3.218,0.84,29.4,67.7,0.518,18.421,vehicular
9,12,2,0,214.96,342.79,8.73,-7.22,0.73,0.485,4.18,33.5,36.1,0.627,-0.827,agricultural_burning
3,10,1,0,265.37,312.04,79.39,34.89,23.8,0.747,3.82,29.2,50.7,0.85,0.439,industrial
7,8,0,0,84.12,140.67,6.88,65.91,37.61,1.049,1.99,38.2,37.4,0.598,9.584,vehicular
17,11,1,0,164.69,289.28,1.96,20.7,14.38,2.219,4.82,35.4,42.9,0.569,10.587,agricultural_burning
16,1,1,0,56.52,88.73,3.6,18.13,8.1,0.296,5.9,27.7,28.1,0.637,5.031,unknown
17,11,6,1,98.89,254.08,8.31,28.21,18.93,2.45,2.48,33.4,76.4,0.389,3.394,agricultural_burning
15,5,3,0,68.23,117.11,7.33,18.34,10.7,0.249,2.95,26.0,32.6,0.583,2.504,unknown
6,6,5,1,22.95,31.29,6.87,5.5,2.55,0.604,7.9,25.5,89.4,0.734,0.801,unknown
11,3,0,0,192.33,332.4,10.72,26.61,10.45,2.086,3.53,29.3,49.8,0.579,2.483,agricultural_burning
12,3,0,0,115.79,204.84,7.38,14.95,11.89,1.815,2.54,28.1,54.9,0.565,2.025,agricultural_burning
2,7,1,0,37.86,58.15,3.81,12.46,8.84,0.725,2.37,33.9,56.1,0.651,3.271,unknown
6,2,1,0,56.8,92.8,12.19,25.46,21.7,1.101,0.3,18.2,60.6,0.612,2.09,seasonal_inversion
8,9,1,0,43.83,52.8,8.21,13.85,6.98,0.384,6.9,22.6,71.0,0.83,1.688,unknown
17,9,4,0,54.69,83.0,6.94,73.28,61.02,4.151,0.75,30.4,36.4,0.659,10.565,vehicular
0,1,2,0,164.04,228.93,89.01,52.36,31.48,0.895,2.05,32.9,69.5,0.717,0.588,industrial
6,3,0,0,54.62,69.68,0.05,30.37,17.03,0.5,2.02,22.0,69.5,0.784,631.679,unknown
9,12,4,0,191.82,303.42,15.18,23.2,8.41,1.431,2.29,32.0,61.2,0.632,1.528,agricultural_burning
0,5,2,0,92.58,98.59,65.53,51.9,38.11,0.849,2.12,31.4,66.8,0.939,0.792,industrial
0,6,6,1,32.21,44.08,1.54,24.45,10.32,0.528,5.42,24.3,75.0,0.731,15.912,unknown
6,4,1,0,209.67,289.37,96.81,47.87,33.66,0.276,3.61,26.5,53.0,0.725,0.494,industrial
8,12,4,0,153.47,223.49,13.36,34.98,23.03,1.02,0.65,13.4,90.3,0.687,2.618,seasonal_inversion
17,10,0,0,67.83,119.3,1.96,181.02,126.02,4.002,2.14,26.3,56.1,0.569,92.2,vehicular
6,1,4,0,65.6,94.59,16.48,23.96,17.03,0.918,0.34,18.9,78.3,0.694,1.454,seasonal_inversion
12,8,1,0,50.24,95.38,10.19,24.11,19.66,0.502,5.87,22.2,61.5,0.527,2.366,unknown
9,12,2,0,73.56,128.74,6.4,92.55,50.81,2.687,2.57,32.5,42.0,0.571,14.471,vehicular
5,11,4,0,27.97,32.47,-0.11,16.76,11.32,0.161,5.49,32.6,40.8,0.862,5.0,unknown
4,9,2,0,198.18,199.96,81.86,46.37,20.62,0.415,1.55,18.8,64.5,0.991,0.566,industrial
14,9,3,0,51.35,83.89,0.93,17.23,10.07,0.683,6.7,31.4,48.6,0.612,18.485,unknown
1,7,6,1,43.41,47.09,6.86,29.17,20.86,0.207,1.09,28.8,70.3,0.922,4.254,unknown
14,11,1,0,113.0,211.26,6.48,18.97,13.99,0.435,4.0,32.7,15.8,0.535,2.926,agricultural_burning
13,10,5,1,169.12,246.58,5.68,29.48,18.62,1.89,2.07,30.8,51.3,0.686,5.189,agricultural_burning
1,4,6,1,194.53,230.02,67.2,29.71,26.29,1.117,3.03,34.6,50.3,0.846,0.442,industrial
10,8,0,0,31.51,22.65,8.67,98.71,72.7,1.16,2.41,25.3,84.0,1.391,11.39,vehicular
7,12,4,0,123.33,188.9,5.72,20.66,10.26,1.295,1.12,19.4,81.8,0.653,3.61,seasonal_inversion
3,2,1,0,147.03,118.69,32.93,38.32,26.25,1.175,0.87,28.4,55.8,1.239,1.164,industrial
21,1,6,1,45.15,70.18,12.26,3.87,6.29,0.61,1.03,30.3,45.9,0.643,0.316,unknown
2,10,0,0,40.35,42.96,9.64,31.6,18.0,0.672,5.89,30.9,33.0,0.939,3.277,unknown
15,12,2,0,243.41,393.84,12.96,21.76,14.2,1.009,1.21,23.4,30.3,0.618,1.679,agricultural_burning
9,4,6,1,114.26,316.33,9.24,23.2,9.74,3.102,2.0,34.8,24.3,0.361,2.509,agricultural_burning
10,11,6,1,132.1,225.76,10.63,13.51,9.32,1.34,1.1,28.4,63.0,0.585,1.271,agricultural_burning
16,4,2,0,144.14,290.71,11.3,12.91,5.37,1.687,1.08,36.3,36.5,0.496,1.143,agricultural_burning
20,9,2,0,72.26,107.39,5.56,115.78,71.62,1.96,2.48,30.1,33.8,0.673,20.832,vehicular
19,3,1,0,40.2,77.03,8.44,146.03,81.22,2.123,1.92,33.7,86.1,0.522,17.309,vehicular
3,5,6,1,8.11,14.74,6.63,2.01,3.02,0.67,2.05,23.9,45.4,0.55,0.304,unknown
15,4,4,0,145.16,246.15,5.9,36.47,18.57,2.007,2.55,28.5,34.1,0.59,6.182,agricultural_burning
12,4,0,0,166.32,387.82,4.62,23.27,10.18,2.717,3.26,31.2,35.4,0.429,5.039,agricultural_burning
0,9,6,1,117.95,198.55,80.95,38.96,29.0,0.495,3.51,20.3,84.3,0.594,0.481,industrial
0,11,2,0,32.26,39.99,10.48,3.27,0.5,0.593,1.74,22.2,61.2,0.807,0.312,unknown
1,1,0,0,66.33,114.81,5.57,17.04,12.94,0.571,4.95,18.3,83.9,0.578,3.06,unknown
5,11,1,0,47.18,75.26,11.13,38.53,28.1,0.929,0.95,27.5,68.9,0.627,3.462,seasonal_inversion
5,9,1,0,191.52,262.41,110.9,30.11,12.66,0.692,2.43,21.7,75.4,0.73,0.271,industrial
4,3,4,0,216.25,315.12,78.9,32.05,21.93,0.913,2.4,24.1,53.0,0.686,0.406,industrial
23,6,3,0,161.31,214.98,55.55,23.67,12.53,0.84,2.8,40.2,39.6,0.75,0.426,industrial
12,9,4,0,67.56,103.63,8.56,17.36,15.73,0.128,1.51,15.7,64.7,0.652,2.027,unknown
7,2,3,0,52.74,59.47,8.69,110.24,64.22,1.381,2.42,35.3,52.0,0.887,12.683,vehicular
13,3,4,0,18.8,18.35,8.04,18.43,11.26,0.564,6.31,29.9,75.7,1.024,2.293,unknown
17,4,4,0,80.84,140.04,8.74,90.19,53.26,2.663,2.4,29.4,54.1,0.577,10.323,vehicular
12,12,4,0,201.73,286.18,7.91,14.53,3.81,1.471,3.04,34.3,42.8,0.705,1.837,agricultural_burning
9,2,3,0,81.96,127.84,7.17,14.04,13.83,0.545,0.75,8.5,74.4,0.641,1.958,seasonal_inversion
9,1,0,0,110.61,119.67,11.61,29.03,24.35,0.477,0.82,15.1,81.1,0.924,2.502,seasonal_inversion
0,5,4,0,10.29,8.86,6.99,27.93,12.35,0.823,2.08,29.0,59.7,1.161,3.998,unknown
18,7,4,0,80.16,172.48,3.5,109.72,69.1,2.78,2.52,31.5,40.8,0.465,31.363,vehicular
1,1,0,0,134.05,198.17,58.18,6.13,-3.14,0.867,1.96,31.8,86.6,0.676,0.105,industrial
14,10,2,0,161.46,248.38,2.35,17.37,13.2,1.438,3.93,27.2,42.0,0.65,7.4,agricultural_burning
18,11,3,0,144.02,275.44,7.52,22.69,12.57,2.157,4.21,40.9,75.3,0.523,3.016,agricultural_burning
18,9,0,0,101.54,170.79,9.83,56.91,29.85,2.808,1.71,30.5,38.0,0.595,5.789,vehicular
18,10,6,1,156.65,353.98,3.15,23.68,15.56,1.036,3.89,26.1,59.1,0.443,7.52,agricultural_burning
10,4,3,0,123.33,220.32,13.97,28.45,20.76,1.562,0.8,16.0,29.2,0.56,2.036,vehicular
10,2,4,0,102.96,170.21,8.11,29.02,19.33,0.816,1.31,21.2,68.5,0.605,3.578,seasonal_inversion
2,3,6,1,118.77,129.64,37.73,30.36,17.1,0.983,3.32,25.2,67.2,0.916,0.805,industrial
23,2,6,1,148.68,151.27,69.05,34.87,19.69,1.065,1.19,21.0,77.3,0.983,0.505,industrial
9,3,4,0,121.27,205.43,6.31,132.43,78.7,1.445,0.61,27.5,30.0,0.59,20.971,vehicular
6,2,0,0,56.61,101.72,9.21,13.52,10.84,0.649,0.4,18.5,79.8,0.557,1.468,seasonal_inversion
1,7,6,1,13.57,16.78,5.53,23.15,14.85,0.556,4.16,25.2,54.6,0.809,4.188,unknown
19,5,3,0,75.99,100.72,2.87,93.89,62.29,1.238,0.92,25.0,22.3,0.754,32.733,vehicular
19,9,4,0,52.16,84.93,7.57,74.42,35.72,2.573,1.54,32.0,52.0,0.614,9.828,vehicular
17,11,1,0,154.85,300.04,5.05,22.35,9.74,2.128,4.66,36.1,28.8,0.516,4.423,agricultural_burning
18,8,0,0,39.14,52.88,1.41,98.01,71.28,1.992,1.72,26.7,56.0,0.74,69.449,vehicular
3,7,2,0,54.69,63.9,13.0,23.92,13.27,0.492,3.47,21.7,49.2,0.856,1.84,unknown
9,8,5,1,37.91,51.13,13.63,8.0,2.06,0.262,7.88,29.5,66.2,0.741,0.587,unknown
14,3,0,0,161.77,351.85,8.54,1.89,-0.84,1.512,2.9,31.3,34.3,0.46,0.222,agricultural_burning
17,11,4,0,146.37,286.29,12.97,20.53,15.26,2.42,4.14,27.5,48.9,0.511,1.582,agricultural_burning
5,1,1,0,34.47,52.08,8.73,27.33,12.07,1.353,0.95,11.6,67.1,0.662,3.13,seasonal_inversion
5,12,4,0,49.87,72.31,17.82,13.82,10.37,0.91,1.24,4.6,80.8,0.69,0.776,seasonal_inversion
7,12,0,0,82.95,85.59,12.58,36.84,18.5,1.037,0.79,26.1,79.8,0.969,2.929,seasonal_inversion
9,11,3,0,88.67,203.92,7.83,37.35,14.16,2.735,3.38,33.4,26.2,0.435,4.772,agricultural_burning
17,11,3,0,110.71,214.85,6.03,13.7,6.32,1.661,3.69,26.1,44.5,0.515,2.274,agricultural_burning
9,2,4,0,98.89,148.13,13.02,25.8,17.04,0.185,1.26,25.2,63.3,0.668,1.981,seasonal_inversion
5,6,0,0,51.29,58.41,8.95,47.96,21.79,0.633,2.68,41.0,26.9,0.878,5.36,unknown
9,8,2,0,51.44,89.42,4.06,105.65,53.46,3.313,2.95,28.7,76.4,0.575,26.046,vehicular
2,4,2,0,197.08,272.76,55.25,45.83,29.42,0.196,2.41,28.1,44.3,0.723,0.83,industrial
15,10,1,0,114.28,163.75,7.58,28.06,10.4,1.353,1.31,31.7,48.1,0.698,3.7,agricultural_burning
9,12,4,0,91.45,162.47,4.49,55.23,32.86,0.736,1.04,20.4,56.7,0.563,12.298,seasonal_inversion
2,9,0,0,211.71,329.04,103.03,18.15,13.35,0.636,0.97,32.6,45.9,0.643,0.176,industrial
17,10,1,0,142.0,258.53,10.22,24.52,19.37,1.151,3.35,27.6,37.2,0.549,2.399,agricultural_burning
9,1,3,0,39.24,72.81,11.04,42.64,21.82,0.946,0.24,12.2,65.2,0.539,3.863,seasonal_inversion
22,3,0,0,131.09,115.14,68.85,41.92,25.02,0.784,0.69,28.1,55.9,1.139,0.609,industrial
18,4,4,0,57.45,75.13,1.72,75.83,48.65,1.807,0.65,30.8,66.4,0.765,44.191,vehicular
11,11,0,0,58.1,91.39,8.79,34.8,22.8,0.548,3.66,24.6,59.7,0.636,3.959,unknown
11,10,0,0,159.67,234.57,13.18,22.98,11.82,1.891,3.8,34.4,55.6,0.681,1.744,agricultural_burning
7,2,2,0,91.7,156.74,7.42,23.42,15.26,0.21,0.83,17.8,72.5,0.585,3.158,seasonal_inversion
17,10,0,0,108.3,165.83,8.75,128.09,76.06,3.221,1.72,35.1,61.4,0.653,14.643,vehicular
18,2,0,0,84.75,113.5,1.38,84.94,54.48,2.055,1.58,26.7,62.7,0.747,61.684,vehicular
15,9,2,0,34.53,49.61,7.18,5.32,4.96,0.674,7.85,15.9,53.8,0.696,0.742,unknown
8,6,0,0,99.01,142.23,4.47,79.94,53.01,2.19,1.06,20.3,57.4,0.696,17.885,vehicular
5,2,1,0,104.87,108.16,15.35,30.85,28.52,0.81,1.3,21.1,80.2,0.97,2.01,seasonal_inversion
17,9,2,0,54.51,132.55,8.3,68.77,45.99,2.13,1.29,25.3,37.4,0.411,8.284,vehicular
23,6,0,0,150.42,242.92,49.69,68.97,56.08,1.389,1.47,27.9,47.0,0.619,1.388,industrial
15,11,3,0,130.7,292.1,13.32,29.66,17.58,1.965,1.79,35.9,44.4,0.447,2.226,agricultural_burning
12,6,1,0,35.41,58.63,9.96,10.19,9.39,0.261,2.38,27.6,64.5,0.604,1.024,unknown
6,2,0,0,68.39,99.2,15.5,35.79,20.87,0.769,0.82,21.9,64.3,0.689,2.308,seasonal_inversion
21,7,2,0,34.25,48.08,6.2,3.85,5.13,0.306,7.8,20.3,39.8,0.712,0.621,unknown
7,2,1,0,71.09,142.47,5.23,86.3,52.89,3.083,1.31,27.6,74.9,0.499,16.493,vehicular
16,12,2,0,78.78,202.69,8.82,20.4,11.03,2.313,4.84,25.2,46.1,0.389,2.312,agricultural_burning
14,10,4,0,196.45,332.03,13.39,11.39,3.17,2.833,1.98,34.1,25.6,0.592,0.851,agricultural_burning
16,7,0,0,41.15,57.96,4.59,19.26,10.21,0.52,1.44,23.3,46.3,0.71,4.197,unknown
0,7,0,0,149.07,184.84,87.69,48.4,27.48,0.988,0.87,32.0,64.7,0.806,0.552,industrial
8,9,4,0,26.33,44.42,2.99,14.06,10.6,0.509,3.32,24.2,56.0,0.593,4.705,unknown
12,10,3,0,146.03,287.34,14.23,18.74,8.11,2.577,4.19,30.3,15.3,0.508,1.317,agricultural_burning
3,7,0,0,149.48,213.25,34.76,29.84,17.67,0.908,0.84,28.7,20.0,0.701,0.858,industrial
19,5,0,0,89.88,153.08,6.62,132.58,85.22,4.982,2.0,29.0,83.1,0.587,20.035,vehicular
7,2,4,0,111.78,154.1,15.66,15.79,6.82,1.122,0.95,23.9,52.6,0.725,1.008,seasonal_inversion
17,5,3,0,61.86,93.41,2.79,47.71,24.09,2.017,2.91,26.9,58.1,0.662,17.114,vehicular
14,3,4,0,84.69,139.86,0.53,27.11,10.67,0.527,5.57,41.2,44.2,0.606,51.172,unknown
16,10,2,0,107.6,227.92,10.54,10.82,7.94,1.895,4.74,41.8,46.7,0.472,1.027,agricultural_burning
20,4,3,0,71.65,105.44,10.38,101.39,55.34,2.132,1.05,25.0,60.0,0.68,9.772,vehicular
2,8,0,0,144.02,179.1,70.5,68.21,53.7,0.695,2.36,32.0,94.0,0.804,0.968,industrial
16,4,0,0,117.76,185.45,-0.11,25.2,18.98,1.356,2.97,26.6,49.5,0.635,5.0,agricultural_burning
19,12,2,0,61.65,125.65,7.57,53.1,24.65,1.793,2.34,31.1,51.7,0.491,7.016,vehicular
3,3,1,0,176.45,197.06,59.48,60.75,34.66,1.026,3.67,32.3,66.7,0.895,1.021,industrial
17,7,1,0,52.04,87.63,6.25,13.29,5.51,0.364,6.82,33.9,44.4,0.594,2.126,unknown
9,10,4,0,181.11,301.36,4.46,46.38,27.2,2.837,4.11,31.1,65.5,0.601,10.391,agricultural_burning
19,6,3,0,53.91,70.89,5.4,48.85,21.01,2.471,0.82,28.0,71.5,0.76,9.046,vehicular
16,12,1,0,47.89,89.82,-0.42,8.11,1.91,0.614,6.55,25.1,67.7,0.533,5.0,unknown
7,11,4,0,99.79,125.99,9.87,21.68,17.16,0.453,0.06,28.2,70.5,0.792,2.197,seasonal_inversion
17,2,4,0,70.71,71.4,7.65,124.37,75.29,2.785,1.28,31.7,63.0,0.99,16.259,vehicular
10,10,2,0,189.49,302.72,6.24,13.55,5.04,1.542,4.46,33.9,51.3,0.626,2.171,agricultural_burning
8,1,4,0,94.49,132.21,3.9,120.73,64.59,3.457,1.51,33.9,52.9,0.715,30.981,vehicular
2,10,0,0,136.24,194.77,117.0,2.97,1.37,0.89,3.09,22.8,75.9,0.699,0.025,industrial
6,9,3,0,127.68,174.29,65.84,35.44,30.42,0.427,2.09,32.1,99.8,0.733,0.538,industrial
9,11,4,0,54.34,66.6,6.16,107.12,52.84,1.924,1.0,45.8,65.4,0.816,17.404,vehicular
10,1,3,0,117.97,158.07,17.62,53.81,21.93,1.136,0.92,15.7,58.1,0.746,3.054,seasonal_inversion
15,12,4,0,127.54,289.68,5.29,28.21,17.88,2.315,3.39,27.8,56.2,0.44,5.333,agricultural_burning
5,12,1,0,119.05,150.28,14.37,34.68,20.78,1.207,0.07,25.9,76.2,0.792,2.413,seasonal_inversion
19,7,5,1,63.67,118.82,1.87,13.39,5.26,0.514,2.55,38.0,95.3,0.536,7.152,unknown
4,2,3,0,71.98,135.16,7.12,18.44,12.46,0.248,7.91,35.7,53.2,0.533,2.59,unknown
11,9,5,1,49.69,44.09,6.23,41.46,22.82,0.599,4.45,27.0,58.1,1.127,6.654,unknown
9,7,5,1,41.57,75.77,6.93,9.31,2.99,0.374,5.5,31.4,55.7,0.549,1.344,unknown
5,1,2,0,141.54,185.21,9.98,38.72,26.01,0.821,1.14,24.1,74.1,0.764,3.879,seasonal_inversion
6,9,4,0,176.95,223.2,68.47,40.07,22.59,0.791,2.91,17.8,71.2,0.793,0.585,industrial
2,4,0,0,201.96,211.65,82.58,45.33,26.41,1.141,1.53,24.1,50.8,0.954,0.549,industrial
13,4,5,1,19.27,41.69,6.48,29.68,17.46,0.43,7.46,21.4,24.0,0.462,4.582,unknown
6,1,4,0,112.63,185.63,8.7,24.35,25.25,0.825,0.75,22.8,82.5,0.607,2.798,seasonal_inversion
9,2,2,0,46.47,120.89,5.37,71.1,37.49,2.801,0.58,35.4,61.0,0.384,13.232,vehicular
8,2,6,1,67.38,88.34,12.48,24.27,19.27,1.188,0.51,8.3,93.3,0.763,1.945,seasonal_inversion
18,3,4,0,133.79,233.45,10.61,13.95,7.21,1.28,4.56,31.6,46.0,0.573,1.315,agricultural_burning
18,2,6,1,34.39,51.0,16.58,15.98,9.53,0.358,4.46,35.1,36.3,0.674,0.964,unknown
6,11,1,0,143.15,183.47,11.88,37.12,24.12,0.402,0.63,22.4,91.2,0.78,3.123,seasonal_inversion
12,3,2,0,163.18,242.61,13.37,33.02,16.91,2.035,3.15,30.4,31.9,0.673,2.47,agricultural_burning
10,7,4,0,93.08,154.94,5.39,96.97,65.41,2.934,1.14,30.6,42.7,0.601,17.995,vehicular
5,11,5,1,123.14,179.28,11.4,39.66,15.86,0.163,0.28,20.1,62.7,0.687,3.48,seasonal_inversion
9,5,2,0,98.37,200.83,4.29,109.21,62.56,3.539,2.06,27.8,39.6,0.49,25.433,vehicular
8,9,4,0,72.17,101.88,5.58,114.52,78.87,1.799,2.17,39.8,59.9,0.708,20.538,vehicular
22,6,2,0,150.67,162.98,63.29,28.99,17.19,1.188,0.77,21.5,75.1,0.924,0.458,industrial
1,3,1,0,24.5,40.76,4.16,16.94,10.62,0.529,6.58,40.4,60.7,0.601,4.074,unknown
16,10,4,0,88.18,260.35,5.64,22.39,15.62,1.882,3.75,22.3,37.4,0.339,3.972,agricultural_burning
9,10,6,1,269.19,383.49,12.32,17.46,15.93,2.168,4.54,32.4,16.9,0.702,1.417,agricultural_burning
0,7,0,0,121.64,141.09,113.36,19.31,11.35,0.479,0.92,28.2,57.5,0.862,0.17,industrial
10,3,2,0,212.31,357.16,3.16,24.57,11.46,1.827,2.14,24.6,40.9,0.594,7.775,agricultural_burning
14,10,4,0,226.27,374.84,8.76,28.6,19.19,2.354,2.95,29.0,48.7,0.604,3.264,agricultural_burning
12,6,3,0,23.27,30.19,18.46,40.92,24.03,0.468,6.79,21.8,64.0,0.771,2.217,unknown
1,4,2,0,159.12,212.68,70.87,48.2,31.63,0.868,3.43,21.0,64.4,0.748,0.68,industrial
17,11,0,0,119.56,167.0,0.63,14.41,9.69,2.333,4.22,27.5,55.9,0.716,22.731,agricultural_burning
16,11,5,1,243.27,343.81,4.95,12.97,3.3,2.122,1.2,38.7,45.4,0.708,2.618,agricultural_burning
8,12,0,0,92.64,153.55,13.97,37.16,26.63,0.767,1.02,14.8,88.8,0.603,2.66,seasonal_inversion
22,11,3,0,19.8,18.82,4.22,20.01,18.19,0.793,7.49,25.9,34.1,1.052,4.747,unknown
7,3,1,0,42.96,35.12,2.46,83.57,52.04,3.364,1.15,29.1,90.0,1.223,34.039,vehicular
10,1,5,1,82.2,60.28,10.1,19.12,16.12,1.22,1.47,19.4,70.0,1.364,1.893,seasonal_inversion
10,7,6,1,35.21,60.4,5.45,15.06,12.13,0.727,5.47,32.4,25.8,0.583,2.766,unknown
2,12,4,0,51.62,95.57,3.02,7.13,1.55,0.236,1.76,33.7,81.1,0.54,2.361,unknown
22,4,0,0,151.04,166.75,54.15,28.16,16.49,0.959,2.11,31.4,49.0,0.906,0.52,industrial
7,6,1,0,36.62,37.33,6.43,124.47,64.83,1.739,1.44,35.9,65.5,0.981,19.347,vehicular
17,3,6,1,234.05,345.74,5.77,28.21,14.31,0.699,4.93,33.9,42.0,0.677,4.887,agricultural_burning
7,3,1,0,116.08,123.81,7.62,59.54,45.83,2.906,0.96,35.3,43.9,0.938,7.815,vehicular
8,2,3,0,60.78,92.22,-0.7,42.14,17.86,0.25,0.18,16.9,60.8,0.659,5.0,seasonal_inversion
10,11,4,0,214.04,440.6,6.06,21.09,9.84,1.94,4.05,29.9,47.8,0.486,3.48,agricultural_burning
6,12,3,0,182.85,214.7,87.32,18.87,12.76,1.408,2.77,31.1,66.9,0.852,0.216,industrial
6,11,4,0,73.55,104.38,10.03,21.68,11.2,1.12,0.54,27.1,88.2,0.705,2.161,seasonal_inversion
3,9,1,0,142.53,154.89,103.79,42.13,27.01,0.466,3.12,29.6,68.5,0.92,0.406,industrial
10,12,5,1,51.11,59.06,14.96,28.63,23.07,1.232,0.19,26.2,53.8,0.865,1.914,seasonal_inversion
10,3,3,0,265.39,491.76,3.98,8.76,4.25,1.121,2.34,26.1,51.5,0.54,2.201,agricultural_burning
17,8,4,0,24.61,24.42,1.79,24.18,16.52,0.853,5.54,23.6,57.7,1.008,13.479,unknown
0,4,3,0,130.41,171.08,60.49,36.85,28.62,0.802,2.98,34.9,52.4,0.762,0.609,industrial
5,3,5,1,164.48,232.21,95.71,57.71,28.13,0.787,2.12,24.8,65.1,0.708,0.603,industrial
5,1,5,1,119.42,187.47,2.13,29.18,20.16,0.326,1.38,14.1,84.9,0.637,13.73,seasonal_inversion
7,10,1,0,12.88,12.43,7.29,127.65,70.48,4.321,2.34,36.3,49.1,1.036,17.512,vehicular
14,12,3,0,238.81,480.94,-0.46,33.99,14.66,0.502,3.55,30.3,65.7,0.497,5.0,agricultural_burning
5,7,1,0,141.2,205.15,80.68,21.8,15.71,0.574,3.91,32.3,51.0,0.688,0.27,industrial
5,12,5,1,107.2,171.75,-0.07,25.99,14.85,0.648,1.21,14.9,60.5,0.624,5.0,seasonal_inversion
12,10,5,1,173.16,335.13,14.59,17.53,6.91,1.992,4.37,42.5,15.0,0.517,1.202,agricultural_burning
6,2,6,1,116.7,185.2,95.72,45.34,36.02,0.303,1.91,30.2,40.9,0.63,0.474,industrial
8,2,3,0,77.53,141.09,8.33,37.44,19.68,3.339,2.73,30.0,48.8,0.55,4.495,vehicular
10,10,3,0,151.2,285.73,4.21,11.17,8.37,2.211,3.0,32.4,66.6,0.529,2.655,agricultural_burning
16,11,1,0,164.69,315.44,5.37,11.99,5.54,1.865,3.62,28.8,66.3,0.522,2.232,agricultural_burning
13,12,0,0,131.15,298.02,13.67,31.96,18.87,2.473,1.9,30.6,51.0,0.44,2.337,agricultural_burning
9,2,5,1,28.03,39.9,4.17,-2.85,-1.91,0.572,2.36,29.3,39.2,0.703,-0.684,unknown
13,12,2,0,204.89,373.24,8.2,30.44,13.36,1.373,4.43,34.3,57.1,0.549,3.712,agricultural_burning
7,2,0,0,95.34,169.82,10.5,24.67,21.59,0.859,1.17,15.8,68.2,0.561,2.349,seasonal_inversion
7,1,0,0,80.59,110.5,16.31,38.14,21.44,0.878,1.48,16.7,97.6,0.729,2.339,seasonal_inversion
5,8,2,0,41.05,40.85,9.32,24.35,8.16,0.612,2.16,23.8,50.8,1.005,2.612,unknown
7,12,1,0,90.44,140.18,13.59,51.54,34.68,0.657,0.84,23.1,76.1,0.645,3.792,seasonal_inversion
6,12,4,0,93.73,164.86,10.12,37.39,26.28,0.611,0.61,17.4,80.8,0.569,3.695,seasonal_inversion
1,10,3,0,123.09,150.33,68.02,29.97,15.57,0.542,3.42,20.3,71.9,0.819,0.441,industrial
10,12,4,0,67.01,62.18,6.32,76.44,52.19,2.489,2.76,33.9,40.9,1.078,12.092,vehicular
10,4,6,1,243.51,357.71,6.61,22.18,16.14,1.602,3.31,41.2,69.7,0.681,3.356,agricultural_burning
15,12,0,0,196.69,359.93,6.67,3.14,1.83,1.811,1.02,37.5,44.4,0.546,0.471,agricultural_burning
8,4,1,0,69.99,137.06,3.66,108.51,76.47,2.592,2.05,23.6,59.8,0.511,29.653,vehicular
18,11,6,1,156.64,233.56,7.01,15.21,8.31,2.513,2.81,24.1,57.3,0.671,2.17,agricultural_burning
22,1,2,0,196.18,266.18,67.42,47.94,34.34,0.95,2.32,29.6,73.8,0.737,0.711,industrial
22,8,5,1,173.59,203.02,52.57,45.55,33.64,0.686,1.95,13.8,67.0,0.855,0.866,industrial
11,3,0,0,147.53,279.05,6.29,25.13,16.63,1.454,1.13,25.8,64.3,0.529,3.997,agricultural_burning
2,6,0,0,199.64,246.09,55.59,15.14,7.25,0.654,3.73,28.9,65.7,0.811,0.272,industrial
2,2,3,0,99.71,105.78,90.46,13.84,8.56,0.68,3.04,29.1,64.3,0.943,0.153,industrial
14,7,3,0,20.26,29.48,9.35,30.78,17.72,0.253,2.15,44.3,38.9,0.687,3.292,unknown
18,6,2,0,45.39,93.2,6.62,38.38,27.24,3.84,2.05,35.1,68.8,0.487,5.797,vehicular
19,6,4,0,101.01,156.11,4.15,87.24,44.55,3.39,2.47,34.0,41.3,0.647,21.008,vehicular
7,4,0,0,61.87,130.16,6.37,50.23,17.74,2.022,1.24,34.6,36.2,0.475,7.886,vehicular
5,2,0,0,77.95,124.68,10.0,22.39,6.08,0.711,0.55,16.0,78.6,0.625,2.239,seasonal_inversion
9,2,3,0,52.74,101.23,7.19,94.1,61.92,3.726,0.89,27.1,52.2,0.521,13.087,vehicular
14,7,2,0,25.92,21.37,7.39,8.1,7.56,0.881,4.55,31.1,85.3,1.213,1.096,unknown
6,10,5,1,141.42,136.79,78.14,47.54,33.27,0.339,1.11,25.1,47.0,1.034,0.608,industrial
18,8,4,0,72.61,139.31,0.81,87.27,59.16,1.228,2.51,25.9,65.8,0.521,107.271,vehicular
8,11,0,0,40.25,50.61,14.5,19.81,9.45,0.228,1.93,26.3,58.4,0.795,1.366,unknown
5,6,5,1,172.48,184.53,51.65,41.02,28.09,0.948,2.25,34.6,56.8,0.935,0.794,industrial
20,3,0,0,57.69,108.64,10.97,43.39,27.3,0.905,2.98,26.7,60.7,0.531,3.955,vehicular
9,10,4,0,65.65,262.72,15.51,31.7,18.12,2.418,4.68,29.1,37.7,0.25,2.044,agricultural_burning
6,11,6,1,159.49,192.12,86.39,50.08,36.6,0.788,1.62,26.8,68.4,0.83,0.58,industrial
20,11,3,0,92.48,126.54,8.06,68.86,57.01,2.221,0.7,28.2,42.0,0.731,8.541,vehicular
0,2,6,1,175.06,307.64,21.9,36.99,21.25,0.699,2.71,19.9,63.9,0.569,1.689,industrial
9,12,4,0,143.89,189.56,9.05,21.99,11.8,1.598,1.32,23.3,52.3,0.759,2.431,agricultural_burning
15,12,6,1,258.37,391.62,8.09,18.44,16.54,1.33,3.13,32.9,58.4,0.66,2.28,agricultural_burning
18,12,2,0,67.57,218.4,6.12,13.23,7.92,0.823,4.27,37.3,27.1,0.309,2.163,agricultural_burning
18,10,4,0,53.08,113.37,6.03,79.22,44.03,2.956,1.41,27.1,57.0,0.468,13.145,vehicular
17,6,2,0,40.34,85.56,2.92,90.02,50.42,2.526,2.66,34.6,67.7,0.472,30.83,vehicular
18,4,2,0,56.86,79.37,7.1,101.78,53.52,2.245,1.5,32.8,47.1,0.716,14.34,vehicular
10,2,6,1,71.68,106.53,20.82,31.85,22.41,1.043,1.14,17.8,64.3,0.673,1.53,seasonal_inversion
7,2,0,0,67.82,91.44,12.25,29.2,19.97,1.785,1.38,16.1,70.6,0.742,2.382,seasonal_inversion
8,2,4,0,141.44,176.14,20.03,32.3,26.02,0.973,0.87,15.5,84.1,0.803,1.613,seasonal_inversion
15,10,2,0,139.81,343.65,4.64,22.0,10.82,2.539,2.23,30.7,42.1,0.407,4.744,agricultural_burning
1,7,4,0,143.56,207.47,63.42,10.77,2.54,0.447,0.8,31.8,88.8,0.692,0.17,industrial
3,11,6,1,173.05,199.25,79.41,62.63,32.89,1.271,2.47,12.8,69.8,0.869,0.789,industrial
8,10,0,0,44.82,60.73,0.38,43.86,20.42,2.938,2.25,26.1,57.4,0.738,115.988,vehicular
5,1,4,0,61.71,90.91,6.72,24.65,13.41,1.276,1.2,22.6,82.9,0.679,3.671,seasonal_inversion
0,6,4,0,242.51,299.46,102.72,40.43,21.01,0.583,2.02,34.4,64.9,0.81,0.394,industrial
5,12,0,0,60.69,91.02,7.8,34.79,27.34,0.733,1.13,13.8,76.7,0.667,4.461,seasonal_inversion
18,4,6,1,93.24,185.1,2.49,21.54,6.46,3.603,1.59,39.3,30.9,0.504,8.655,agricultural_burning
7,11,4,0,84.03,119.49,3.22,55.47,32.75,1.78,1.35,27.4,57.7,0.703,17.231,vehicular
19,6,1,0,19.83,37.58,4.42,28.16,12.94,0.54,6.02,25.2,80.1,0.528,6.371,unknown
9,2,1,0,50.76,48.63,9.72,40.41,17.86,0.776,0.92,12.2,79.1,1.044,4.158,seasonal_inversion
11,7,2,0,48.18,78.8,12.5,28.27,16.14,0.378,2.37,26.6,47.7,0.611,2.261,unknown
23,2,4,0,24.27,36.52,2.74,34.45,22.64,0.6,2.03,26.9,83.8,0.665,12.576,unknown
7,1,1,0,35.87,41.03,7.77,84.66,38.46,2.815,1.77,36.8,56.3,0.874,10.896,vehicular
7,1,2,0,34.14,52.94,5.79,92.73,52.84,2.446,2.71,21.0,71.4,0.645,16.024,vehicular
17,10,6,1,196.86,317.04,15.43,12.95,6.09,1.955,4.19,34.6,17.3,0.621,0.839,agricultural_burning
19,10,0,0,101.22,197.26,8.17,50.04,32.78,3.946,2.1,23.4,65.8,0.513,6.125,vehicular
17,10,2,0,167.48,311.02,9.51,5.22,2.25,0.724,2.2,23.8,26.1,0.538,0.549,agricultural_burning
3,6,5,1,57.86,98.8,6.59,7.76,5.17,0.365,1.17,34.3,33.7,0.586,1.177,unknown
9,10,2,0,149.85,242.28,-2.88,25.12,13.76,1.488,3.77,30.9,37.6,0.618,5.0,agricultural_burning
7,9,4,0,57.94,97.39,0.64,83.94,54.94,1.729,2.79,30.1,75.7,0.595,132.048,vehicular
13,12,5,1,112.17,248.97,7.64,26.74,17.52,1.193,1.9,34.6,19.1,0.451,3.5,agricultural_burning
7,5,3,0,32.39,34.95,8.6,30.07,20.18,0.29,6.2,33.3,75.7,0.927,3.498,unknown
22,3,5,1,118.06,156.26,109.03,48.78,38.73,1.233,0.81,30.6,68.5,0.756,0.447,industrial
4,10,0,0,147.71,173.78,78.99,47.68,32.12,1.17,1.13,32.2,53.0,0.85,0.604,industrial
23,12,4,0,151.9,161.78,70.23,35.21,16.78,0.582,2.24,30.2,58.6,0.939,0.501,industrial
9,2,2,0,92.09,136.07,15.81,16.15,7.77,0.424,0.97,25.1,79.3,0.677,1.021,seasonal_inversion
12,3,1,0,186.02,403.88,6.27,23.91,14.87,2.518,2.9,25.3,21.6,0.461,3.81,agricultural_burning
4,7,0,0,166.24,275.78,72.71,48.43,24.37,0.922,1.44,30.2,61.9,0.603,0.666,industrial
13,4,6,1,94.06,183.23,4.75,18.55,8.14,1.671,1.65,20.1,50.5,0.513,3.905,agricultural_burning
6,12,4,0,47.92,89.92,1.26,29.62,23.53,0.507,3.1,36.8,42.5,0.533,23.494,unknown
23,2,3,0,146.61,166.19,117.63,40.72,22.53,1.054,3.59,28.2,66.7,0.882,0.346,industrial
15,7,3,0,52.68,47.85,8.08,26.2,19.0,0.24,1.64,16.1,52.1,1.101,3.242,unknown
6,2,1,0,135.47,145.07,59.43,19.69,8.02,0.219,2.69,30.1,69.2,0.934,0.331,industrial
18,5,0,0,51.41,78.61,7.76,107.84,67.27,1.812,2.62,27.2,55.5,0.654,13.902,vehicular
18,10,3,0,170.32,401.6,2.74,26.51,16.76,0.967,3.38,27.9,47.2,0.424,9.66,agricultural_burning
7,10,0,0,45.27,61.34,10.1,8.24,2.65,0.339,6.72,26.4,67.3,0.738,0.816,unknown
10,4,0,0,116.41,305.67,4.83,38.26,21.2,1.963,1.37,44.7,52.6,0.381,7.923,agricultural_burning
9,1,1,0,89.64,125.59,12.69,39.35,26.66,0.538,0.8,17.7,63.6,0.714,3.1,seasonal_inversion
5,1,1,0,133.14,187.96,106.13,48.49,20.15,1.059,2.66,33.4,67.3,0.708,0.457,industrial
8,8,5,1,45.66,56.13,15.14,3.86,1.36,0.697,1.02,38.9,42.4,0.813,0.255,unknown
21,3,6,1,63.34,78.81,-2.96,36.28,16.39,0.512,4.18,32.7,60.8,0.804,5.0,unknown
14,4,6,1,120.81,256.79,8.87,43.23,27.98,2.546,1.86,27.9,39.8,0.47,4.871,agricultural_burning
10,10,5,1,226.06,350.1,9.95,18.99,8.25,1.928,4.76,35.8,48.7,0.646,1.908,agricultural_burning
10,12,4,0,74.05,110.53,14.51,29.37,16.86,0.612,0.66,11.8,55.4,0.67,2.024,seasonal_inversion
19,4,3,0,66.8,112.55,3.82,90.46,68.85,2.31,2.79,32.1,36.9,0.594,23.665,vehicular
2,11,1,0,168.81,223.25,84.17,46.27,28.33,1.197,3.73,28.1,56.4,0.756,0.55,industrial
3,9,0,0,239.91,303.41,88.25,19.41,14.56,0.874,2.26,42.2,61.9,0.791,0.22,industrial
6,1,3,0,74.23,98.36,4.39,23.52,11.86,0.953,1.41,16.3,70.5,0.755,5.352,seasonal_inversion
1,4,4,0,43.92,39.15,10.12,31.64,10.18,0.524,5.38,34.3,49.4,1.122,3.126,unknown
6,11,6,1,59.26,34.74,19.54,36.91,27.26,0.896,1.38,17.8,74.7,1.706,1.889,seasonal_inversion
20,2,1,0,77.94,160.75,4.55,62.04,33.05,1.648,0.67,30.2,73.1,0.485,13.644,vehicular
4,5,5,1,159.52,209.7,57.52,50.53,29.56,0.463,3.21,30.7,56.3,0.761,0.878,industrial
7,2,6,1,26.12,43.79,10.09,10.6,8.18,0.465,3.08,36.5,87.5,0.596,1.05,unknown
9,2,0,0,103.71,154.29,13.6,10.89,11.14,0.556,1.26,23.4,90.2,0.672,0.801,seasonal_inversion
17,5,1,0,63.51,89.71,5.92,13.54,12.94,0.438,4.94,19.4,51.9,0.708,2.286,unknown
23,11,5,1,94.44,135.52,76.31,40.84,29.71,0.684,2.73,23.5,84.0,0.697,0.535,industrial
17,3,2,0,68.12,103.49,4.24,50.95,22.66,3.445,2.77,30.1,57.4,0.658,12.005,vehicular
8,1,2,0,96.47,207.22,8.91,71.46,50.9,3.31,2.7,29.3,76.0,0.466,8.018,vehicular
14,3,2,0,244.22,335.42,11.96,19.48,6.27,1.629,1.8,34.1,60.6,0.728,1.63,agricultural_burning
23,7,0,0,196.16,232.74,76.0,27.21,12.15,1.135,2.63,28.8,70.5,0.843,0.358,industrial
2,9,1,0,42.37,38.17,3.87,-4.63,-0.36,0.361,4.46,29.1,55.2,1.11,-1.197,unknown
7,2,0,0,69.77,131.94,8.23,61.77,38.96,1.654,2.37,22.5,55.4,0.529,7.509,vehicular
14,2,6,1,25.38,53.34,2.26,25.05,13.18,0.477,6.41,32.2,78.6,0.476,11.105,unknown
7,8,2,0,12.86,6.63,6.67,13.75,12.75,0.549,7.86,25.2,28.1,1.94,2.06,unknown
6,11,1,0,124.21,172.33,7.07,24.6,15.5,0.785,0.37,15.6,44.2,0.721,3.481,seasonal_inversion
5,2,6,1,158.46,263.62,104.92,12.69,10.19,0.88,0.69,28.9,74.4,0.601,0.121,industrial
20,7,1,0,83.84,167.9,5.44,102.26,73.6,2.761,2.45,32.4,39.7,0.499,18.784,vehicular
23,12,5,1,55.04,69.4,4.56,42.44,29.23,0.844,6.54,34.5,61.7,0.793,9.31,unknown
9,1,2,0,68.97,106.35,4.24,60.76,45.24,2.626,0.73,29.5,56.4,0.648,14.331,vehicular
4,2,4,0,193.71,267.97,119.36,45.53,37.38,0.685,1.36,27.0,66.4,0.723,0.381,industrial
14,12,5,1,74.44,279.21,2.6,19.24,8.49,3.204,2.83,25.5,58.9,0.267,7.406,agricultural_burning
5,8,0,0,46.31,62.86,3.44,14.64,7.95,0.424,3.18,37.6,65.7,0.737,4.253,unknown
16,12,4,0,105.36,218.8,5.79,23.93,14.56,1.754,1.46,31.1,15.0,0.482,4.135,agricultural_burning
9,10,5,1,206.8,370.08,4.21,16.27,6.78,1.325,3.23,21.6,38.2,0.559,3.865,agricultural_burning
5,12,4,0,106.97,142.17,13.25,22.25,10.99,0.966,1.44,18.8,71.8,0.752,1.68,seasonal_inversion
7,1,2,0,51.9,78.79,9.07,24.86,12.55,0.938,1.21,27.6,95.6,0.659,2.74,seasonal_inversion
10,10,1,0,40.04,87.75,6.61,96.07,60.16,3.393,1.76,31.2,72.5,0.456,14.544,vehicular
6,2,0,0,123.29,150.28,63.99,47.61,30.84,0.801,1.33,17.1,76.2,0.82,0.744,industrial
5,12,2,0,192.85,253.71,60.67,24.11,15.24,0.854,3.52,20.7,66.7,0.76,0.397,industrial
9,5,5,1,45.44,91.0,21.32,13.74,6.86,0.538,6.11,13.1,50.1,0.499,0.644,unknown
12,10,6,1,214.73,376.86,5.71,9.99,1.92,1.762,4.15,25.2,46.1,0.57,1.748,agricultural_burning
10,12,5,1,17.63,4.27,0.82,27.56,23.29,0.181,7.19,28.5,60.1,4.134,33.638,unknown
1,7,1,0,148.9,220.69,109.44,47.61,35.0,1.217,0.52,22.7,74.2,0.675,0.435,industrial
9,9,3,0,77.89,144.95,7.23,117.28,65.71,3.645,1.11,25.3,57.9,0.537,16.224,vehicular
16,11,5,1,167.52,262.58,12.49,20.42,9.37,1.904,4.36,30.9,51.4,0.638,1.634,agricultural_burning
12,4,2,0,114.33,176.71,10.02,27.15,15.43,1.713,4.75,15.4,38.9,0.647,2.711,agricultural_burning
8,11,6,1,103.42,144.88,20.64,5.05,5.77,0.993,1.49,12.6,70.8,0.714,0.245,seasonal_inversion
5,11,4,0,70.34,119.7,12.18,42.3,26.27,0.812,1.28,19.2,81.8,0.588,3.472,seasonal_inversion
6,1,0,0,65.39,92.27,2.91,21.6,7.21,1.01,0.74,20.6,54.4,0.709,7.418,seasonal_inversion
7,3,4,0,51.07,90.98,3.1,141.23,71.87,2.383,1.68,31.8,54.6,0.561,45.512,vehicular
9,11,6,1,74.17,116.53,10.65,42.19,32.41,1.416,1.17,14.9,85.5,0.636,3.962,seasonal_inversion
22,12,4,0,159.73,215.52,50.42,47.95,31.0,1.315,3.99,25.5,54.2,0.741,0.951,industrial
22,10,3,0,37.75,57.4,9.24,11.7,6.28,0.86,7.26,32.9,42.2,0.658,1.266,unknown
8,1,0,0,105.4,102.48,6.93,42.51,33.44,0.889,0.03,16.5,65.4,1.029,6.136,seasonal_inversion
9,1,6,1,131.63,194.18,21.52,31.52,24.32,0.916,1.45,17.0,70.5,0.678,1.464,seasonal_inversion
12,10,3,0,114.16,206.46,11.58,2.92,3.45,1.913,3.36,23.5,15.8,0.553,0.252,agricultural_burning
5,12,3,0,55.99,73.47,22.28,22.35,17.72,0.631,0.74,21.6,91.0,0.762,1.003,seasonal_inversion
18,7,0,0,106.7,199.77,9.25,101.17,78.47,1.101,2.37,36.4,58.8,0.534,10.939,vehicular
3,4,3,0,140.94,222.14,91.03,35.8,25.5,0.774,1.08,28.1,50.4,0.634,0.393,industrial
7,1,6,1,104.37,125.83,13.34,40.37,34.07,0.901,0.15,20.4,77.2,0.829,3.027,seasonal_inversion
5,12,6,1,109.88,158.23,10.69,34.95,18.23,0.916,0.4,23.1,83.1,0.694,3.269,seasonal_inversion
0,3,0,0,185.25,228.34,78.88,43.86,33.9,0.558,0.8,30.0,53.3,0.811,0.556,industrial
6,8,6,1,192.07,224.55,49.64,30.42,21.88,0.24,2.7,30.6,88.3,0.855,0.613,industrial
6,6,1,0,26.08,31.31,1.33,25.43,7.84,0.482,1.36,31.3,54.0,0.833,19.161,unknown
15,2,4,0,38.92,75.27,-1.57,42.22,19.91,0.633,2.01,33.7,84.7,0.517,5.0,unknown
19,12,0,0,58.46,109.37,4.65,105.14,65.7,1.786,2.01,27.7,71.0,0.534,22.6,vehicular
18,4,0,0,39.84,43.2,5.47,16.72,9.07,0.159,3.61,32.4,57.9,0.922,3.056,unknown
13,10,0,0,156.12,284.91,12.46,0.33,0.66,0.835,3.19,37.8,48.7,0.548,0.027,agricultural_burning
2,12,0,0,69.64,83.15,3.36,17.38,7.16,0.662,3.98,26.1,40.0,0.838,5.175,unknown
9,12,4,0,78.9,141.86,15.09,15.18,13.76,0.414,0.46,24.5,52.9,0.556,1.006,seasonal_inversion
6,2,5,1,24.15,18.62,8.35,14.17,8.92,0.245,2.74,22.1,49.4,1.297,1.697,unknown
8,12,4,0,85.02,110.45,4.96,29.21,16.73,0.381,0.75,20.3,60.8,0.77,5.885,seasonal_inversion
18,3,2,0,203.58,319.76,13.01,27.27,11.05,1.7,3.12,34.0,37.1,0.637,2.096,agricultural_burning
1,8,0,0,53.52,54.19,5.22,20.47,9.42,0.184,2.99,26.6,74.0,0.988,3.922,unknown
19,12,1,0,41.95,52.07,13.34,12.7,5.67,0.921,4.99,31.9,77.6,0.806,0.952,unknown
10,8,1,0,125.29,175.42,3.92,62.93,39.99,4.208,2.59,30.6,43.3,0.714,16.063,vehicular
7,12,0,0,79.14,130.76,14.94,15.19,13.86,0.619,0.45,27.6,83.8,0.605,1.016,seasonal_inversion
15,3,0,0,200.1,307.79,8.71,8.05,5.88,2.55,4.67,38.1,51.5,0.65,0.924,agricultural_burning
0,11,5,1,153.83,228.18,108.61,36.37,17.5,0.77,1.92,25.4,54.7,0.674,0.335,industrial
1,8,6,1,190.17,209.72,54.94,40.12,31.59,0.724,1.92,20.3,56.6,0.907,0.73,industrial
17,5,4,0,68.82,121.82,4.66,99.93,69.99,1.793,0.62,28.4,51.9,0.565,21.442,vehicular
8,6,0,0,43.98,50.49,8.37,109.65,81.98,2.482,1.76,33.3,29.6,0.871,13.105,vehicular
18,4,1,0,35.6,66.29,6.83,101.86,57.3,1.609,2.0,37.1,51.3,0.537,14.914,vehicular
6,11,3,0,90.8,119.37,11.5,25.25,13.83,1.288,0.4,19.3,75.5,0.761,2.195,seasonal_inversion
23,10,4,0,157.54,169.47,99.75,31.96,19.22,0.508,0.76,35.4,68.6,0.93,0.32,industrial
16,3,1,0,132.82,302.02,7.2,21.86,13.99,2.205,4.76,38.0,64.8,0.44,3.036,agricultural_burning
12,4,3,0,10.23,25.43,10.92,29.53,17.45,0.341,2.29,14.0,49.0,0.402,2.705,unknown
13,5,6,1,66.39,95.09,2.59,23.52,13.71,0.594,5.52,31.4,54.5,0.698,9.074,unknown
22,5,2,0,159.24,211.93,54.18,53.47,43.59,0.58,1.89,32.8,57.3,0.751,0.987,industrial
5,2,4,0,178.39,229.64,46.12,21.41,8.99,0.333,3.75,18.0,91.4,0.777,0.464,industrial
22,7,0,0,172.79,177.44,57.32,48.18,38.01,0.764,3.34,35.5,63.7,0.974,0.84,industrial
20,12,4,0,59.81,124.32,0.6,98.14,56.16,1.788,0.62,25.8,68.3,0.481,164.672,vehicular
3,1,1,0,140.37,166.98,80.55,28.89,18.53,0.867,2.25,37.6,79.1,0.841,0.359,industrial
20,3,1,0,64.55,107.13,2.82,81.63,55.92,2.061,2.75,26.5,61.0,0.603,28.944,vehicular
18,4,0,0,184.25,274.05,4.47,26.04,14.22,1.883,3.78,34.4,28.1,0.672,5.823,agricultural_burning
10,11,3,0,75.88,161.26,4.23,140.54,99.15,1.831,1.8,34.9,56.3,0.471,33.193,vehicular
18,11,0,0,173.32,396.5,4.05,17.31,10.15,1.271,3.56,30.9,40.1,0.437,4.272,agricultural_burning
6,12,0,0,69.6,82.98,6.62,34.21,17.8,1.198,0.7,18.5,71.3,0.839,5.166,seasonal_inversion
8,5,4,0,93.6,107.92,4.44,77.16,57.83,3.588,0.88,32.3,21.6,0.867,17.36,vehicular
18,5,2,0,52.34,48.19,9.91,12.18,6.59,0.345,1.76,35.8,57.2,1.086,1.229,unknown
8,2,1,0,110.85,164.09,7.11,48.13,25.25,1.038,0.03,14.9,73.7,0.676,6.765,seasonal_inversion
8,2,1,0,94.8,137.98,11.37,30.12,17.3,1.016,0.46,17.7,77.6,0.687,2.649,seasonal_inversion
15,3,0,0,140.42,262.26,7.51,10.69,5.09,1.682,2.07,27.8,48.9,0.535,1.423,agricultural_burning
12,4,0,0,132.78,310.29,5.65,12.85,8.5,2.142,2.62,25.5,15.0,0.428,2.277,agricultural_burning
5,5,6,1,139.25,180.77,118.02,27.7,20.4,0.612,2.21,32.8,62.6,0.77,0.235,industrial
10,1,0,0,104.79,141.55,13.81,16.67,11.59,0.277,0.89,23.3,59.4,0.74,1.207,seasonal_inversion
6,12,2,0,113.03,190.89,19.66,20.33,12.15,0.725,0.32,16.8,74.1,0.592,1.035,seasonal_inversion
7,2,2,0,90.85,122.46,7.69,27.83,18.48,0.756,0.02,14.1,79.5,0.742,3.619,seasonal_inversion
14,11,3,0,127.32,207.9,6.43,20.12,13.7,1.83,3.41,21.6,29.5,0.612,3.127,agricultural_burning
4,10,2,0,65.37,88.28,10.34,2.31,-0.59,0.474,4.0,28.9,72.8,0.74,0.223,unknown
20,6,0,0,80.18,153.0,11.94,101.8,50.35,3.443,2.94,41.9,62.3,0.524,8.524,vehicular
18,2,6,1,64.09,48.19,19.26,19.98,14.67,0.51,5.8,21.3,48.5,1.33,1.037,unknown
9,2,4,0,120.86,172.12,16.08,19.4,12.82,0.828,0.65,21.3,76.0,0.702,1.206,seasonal_inversion
7,2,1,0,117.94,165.28,5.94,45.51,41.92,0.795,0.33,9.6,69.3,0.714,7.657,seasonal_inversion
7,2,0,0,119.31,212.64,12.58,4.93,-0.57,1.639,0.72,23.3,58.7,0.561,0.392,seasonal_inversion
3,11,4,0,160.78,214.26,75.89,52.23,33.04,0.735,3.16,29.2,59.8,0.75,0.688,industrial
9,7,3,0,75.82,134.01,5.15,54.39,36.92,2.617,2.72,26.1,70.2,0.566,10.558,vehicular
2,3,2,0,196.89,227.2,97.05,37.99,22.71,0.576,1.91,21.7,71.5,0.867,0.391,industrial
17,3,6,1,193.86,422.86,13.08,23.33,9.92,2.008,3.01,28.5,59.0,0.458,1.784,agricultural_burning
1,3,1,0,143.94,177.05,126.6,10.67,3.86,1.046,1.56,30.9,59.1,0.813,0.084,industrial
13,6,2,0,64.1,96.55,6.96,27.77,15.46,0.556,7.68,35.9,43.8,0.664,3.992,unknown
11,3,6,1,36.22,34.93,3.63,19.32,13.73,0.654,2.55,29.2,35.8,1.037,5.32,unknown
5,11,5,1,63.87,102.07,12.67,-1.08,-4.62,0.682,0.78,29.1,72.4,0.626,-0.085,seasonal_inversion
5,2,5,1,86.09,118.29,9.78,14.34,8.4,0.975,1.35,9.0,85.8,0.728,1.466,seasonal_inversion
9,2,2,0,82.28,100.17,13.44,30.43,24.0,1.015,0.54,23.4,78.6,0.821,2.264,seasonal_inversion
9,1,1,0,114.15,197.14,23.07,48.52,30.89,0.781,0.37,23.0,64.3,0.579,2.104,seasonal_inversion
10,11,1,0,121.27,165.09,14.45,12.38,11.89,0.693,0.17,12.3,69.8,0.735,0.857,seasonal_inversion
8,1,0,0,105.75,166.02,11.21,14.97,10.31,0.51,0.71,9.5,66.0,0.637,1.336,seasonal_inversion
23,2,6,1,141.89,182.77,60.92,43.76,30.28,0.601,1.39,20.7,78.1,0.776,0.718,industrial
6,1,4,0,95.39,132.06,7.73,10.13,2.33,0.808,0.49,24.2,76.3,0.722,1.31,seasonal_inversion
0,9,3,0,170.56,206.71,48.13,58.9,33.18,0.058,0.83,30.7,89.0,0.825,1.224,industrial
12,10,2,0,233.24,334.03,7.63,10.59,5.15,0.738,4.74,39.1,24.3,0.698,1.388,agricultural_burning
9,1,6,1,121.8,158.14,15.67,15.18,7.35,1.16,0.48,22.1,67.9,0.77,0.969,seasonal_inversion
9,9,0,0,66.25,127.76,12.42,113.63,66.87,2.89,2.03,28.0,61.8,0.519,9.147,vehicular
19,5,3,0,63.77,119.59,9.28,73.66,51.28,2.18,2.31,28.5,56.3,0.533,7.94,vehicular
9,12,3,0,120.36,154.36,11.7,34.4,22.39,0.474,1.2,29.9,54.6,0.78,2.939,seasonal_inversion
19,8,1,0,51.69,139.39,1.75,134.97,84.31,2.977,2.84,28.0,45.6,0.371,77.105,vehicular
19,12,1,0,40.43,74.3,5.22,95.72,53.07,3.73,0.88,37.0,38.2,0.544,18.327,vehicular
9,10,6,1,179.31,348.86,6.31,35.99,20.79,0.88,1.11,23.5,29.5,0.514,5.699,agricultural_burning
12,12,6,1,175.65,271.99,3.47,21.51,10.95,2.993,2.45,30.2,35.5,0.646,6.207,agricultural_burning
7,10,3,0,60.22,122.2,4.47,95.81,62.11,3.315,0.75,26.0,58.8,0.493,21.421,vehicular
17,4,3,0,74.9,191.73,8.51,13.95,6.88,2.536,3.65,29.7,42.5,0.391,1.638,agricultural_burning
9,12,2,0,55.16,62.66,14.99,36.71,20.3,0.942,1.48,17.3,75.1,0.88,2.45,seasonal_inversion
22,1,1,0,178.6,181.79,58.1,57.49,25.57,0.645,1.92,27.1,65.2,0.982,0.989,industrial
5,11,3,0,114.41,184.9,12.61,26.8,17.02,1.206,0.03,18.0,93.8,0.619,2.125,seasonal_inversion
8,11,4,0,100.77,163.13,2.62,74.07,37.29,2.787,1.36,32.5,58.5,0.618,28.235,vehicular
13,11,2,0,85.74,223.66,11.7,25.95,18.23,0.938,4.11,37.3,26.7,0.383,2.217,agricultural_burning
8,2,3,0,116.44,168.65,18.5,20.84,14.59,0.454,1.13,11.2,58.9,0.69,1.127,seasonal_inversion
16,3,3,0,185.22,286.51,2.7,17.91,8.66,1.396,2.29,31.1,63.0,0.646,6.638,agricultural_burning
18,3,0,0,92.29,143.18,9.59,87.29,52.08,1.724,1.29,37.8,45.0,0.645,9.102,vehicular
19,2,1,0,59.28,121.96,7.55,50.36,29.46,3.523,2.3,19.8,65.7,0.486,6.668,vehicular
8,12,1,0,83.19,137.38,10.8,114.8,58.28,2.969,1.6,38.9,25.5,0.606,10.628,vehicular
7,2,3,0,147.08,218.32,14.6,38.88,30.41,0.817,0.42,16.2,69.7,0.674,2.664,seasonal_inversion
10,10,2,0,65.11,124.61,9.36,95.2,66.52,4.159,2.58,30.9,56.6,0.522,10.176,vehicular
4,11,5,1,140.64,199.68,63.2,54.3,31.44,0.457,2.22,20.8,57.9,0.704,0.859,industrial
7,12,1,0,125.43,199.19,14.51,28.91,23.55,1.144,1.11,9.0,78.5,0.63,1.992,seasonal_inversion
6,2,5,1,92.19,132.77,10.88,17.21,9.03,1.213,1.13,10.5,56.4,0.694,1.581,seasonal_inversion
20,6,5,1,49.37,65.45,-0.9,22.83,13.52,0.424,5.9,28.2,84.1,0.754,5.0,unknown
7,2,5,1,96.2,145.34,15.46,32.92,18.4,0.931,0.36,16.4,60.7,0.662,2.13,seasonal_inversion
7,8,1,0,43.5,51.85,10.73,-4.23,1.27,0.291,1.97,39.8,47.1,0.839,-0.394,unknown
7,12,2,0,68.94,123.09,24.33,39.47,24.2,0.393,0.92,18.9,58.5,0.56,1.622,seasonal_inversion
19,4,4,0,109.3,205.95,8.13,66.85,37.7,1.421,0.69,29.6,39.8,0.531,8.223,vehicular
17,1,4,0,80.7,127.45,5.45,57.49,26.72,3.148,1.69,19.2,59.9,0.633,10.543,vehicular
7,1,4,0,86.47,139.14,19.66,42.72,32.61,0.755,0.72,11.5,82.6,0.621,2.173,seasonal_inversion
22,2,4,0,149.76,214.17,28.0,25.72,16.95,0.571,2.3,17.4,74.1,0.699,0.919,industrial
17,3,2,0,126.17,193.95,15.66,5.08,2.99,2.116,1.49,38.1,44.2,0.651,0.324,agricultural_burning
17,12,5,1,201.33,288.92,10.39,42.89,18.61,2.053,1.18,35.6,59.4,0.697,4.127,agricultural_burning
10,7,0,0,101.4,186.47,3.57,107.89,83.49,1.582,1.58,30.2,45.3,0.544,30.2,vehicular
7,1,2,0,55.2,72.35,13.66,16.65,12.3,0.837,0.64,22.8,85.6,0.763,1.219,seasonal_inversion
8,7,1,0,52.87,87.35,3.92,54.17,15.49,2.759,2.12,40.4,73.3,0.605,13.832,vehicular
9,1,3,0,112.7,180.68,10.93,28.86,17.55,0.641,0.73,23.7,77.4,0.624,2.639,seasonal_inversion
20,7,0,0,28.95,70.14,11.55,43.18,19.55,0.521,7.46,38.5,62.4,0.413,3.739,unknown
8,2,3,0,38.8,46.37,5.36,15.66,10.59,0.593,3.23,44.1,26.6,0.837,2.921,unknown
23,10,0,0,146.24,182.44,74.94,18.74,14.49,0.106,1.76,15.5,58.0,0.802,0.25,industrial
17,12,4,0,111.32,151.57,5.93,80.15,44.71,1.962,2.32,33.7,83.5,0.734,13.525,vehicular
3,8,2,0,136.87,187.51,58.34,48.66,39.31,0.113,3.91,32.0,73.2,0.73,0.834,industrial
3,5,1,0,40.55,71.06,3.14,16.69,8.48,0.512,4.45,30.6,40.4,0.571,5.319,unknown
22,6,2,0,137.73,189.26,40.75,42.4,26.31,1.473,3.92,30.9,44.4,0.728,1.04,industrial
6,12,4,0,69.48,84.44,13.47,25.66,17.57,1.273,1.25,14.7,58.3,0.823,1.904,seasonal_inversion
9,11,6,1,259.25,385.07,4.46,6.26,6.93,1.246,2.34,31.2,37.0,0.673,1.404,agricultural_burning
19,6,4,0,86.97,157.65,3.8,70.25,40.63,3.328,2.11,19.5,63.7,0.552,18.478,vehicular
9,12,4,0,53.18,105.03,12.94,63.24,41.07,1.597,1.88,29.0,24.1,0.506,4.887,vehicular
8,9,0,0,37.36,71.76,6.84,98.12,65.71,4.295,0.51,26.9,30.6,0.521,14.355,vehicular
7,2,6,1,61.43,87.32,1.17,25.71,18.15,0.923,0.39,13.7,61.8,0.703,22.064,seasonal_inversion
2,6,6,1,162.21,268.62,85.25,21.95,13.5,0.808,2.81,21.2,84.1,0.604,0.258,industrial
7,10,6,1,49.93,69.16,10.45,35.85,20.04,0.578,1.6,30.1,61.3,0.722,3.431,unknown
15,3,1,0,126.6,328.9,5.41,20.18,16.19,1.579,1.78,31.8,46.8,0.385,3.734,agricultural_burning
18,9,3,0,69.78,132.13,7.64,32.29,17.25,3.065,2.6,29.3,67.1,0.528,4.223,vehicular
9,11,5,1,105.55,185.14,10.72,4.93,1.19,0.73,0.55,12.5,80.7,0.57,0.46,seasonal_inversion
8,12,5,1,91.31,122.41,17.54,36.34,29.12,0.788,0.11,25.8,85.3,0.746,2.072,seasonal_inversion
20,8,1,0,91.34,111.09,7.65,74.44,21.74,1.167,1.61,33.4,37.7,0.822,9.73,vehicular
8,1,4,0,71.01,135.09,7.79,87.84,59.95,1.086,2.97,29.1,74.4,0.526,11.276,vehicular
11,6,5,1,59.78,95.89,2.17,6.41,1.08,0.28,7.47,42.1,64.3,0.623,2.948,unknown
10,11,3,0,90.62,110.37,13.19,39.42,26.25,1.051,1.17,20.0,83.9,0.821,2.988,seasonal_inversion
6,12,2,0,62.98,82.84,16.29,31.45,19.22,0.943,0.13,24.7,61.9,0.76,1.93,seasonal_inversion
5,5,6,1,132.15,211.02,89.92,20.16,8.83,0.874,1.81,36.0,45.9,0.626,0.224,industrial
18,5,4,0,58.03,89.87,10.09,119.1,72.03,2.796,0.61,32.0,78.0,0.646,11.807,vehicular
11,12,4,0,141.52,289.01,4.17,18.25,7.01,1.116,3.99,34.6,85.0,0.49,4.38,agricultural_burning
4,9,0,0,42.7,30.6,9.71,-4.56,-2.4,0.433,4.67,37.8,78.1,1.395,-0.47,unknown
2,5,1,0,188.03,259.38,47.48,35.85,30.74,0.642,1.48,28.1,74.1,0.725,0.755,industrial
22,3,2,0,159.85,197.76,59.87,44.88,23.61,0.64,3.8,27.4,65.8,0.808,0.75,industrial
17,4,1,0,34.36,68.47,7.57,10.14,6.4,0.773,1.9,32.7,23.1,0.502,1.34,unknown
4,11,5,1,43.89,64.79,5.48,12.27,10.53,0.388,1.69,30.0,31.3,0.677,2.24,unknown
5,10,1,0,97.55,170.07,122.58,13.95,8.0,1.087,3.15,24.6,73.3,0.574,0.114,industrial
9,6,6,1,23.12,36.14,8.9,38.12,15.08,0.782,5.07,30.5,50.6,0.64,4.282,unknown
18,8,2,0,114.51,206.3,5.56,80.81,41.35,3.524,1.43,33.1,70.4,0.555,14.539,vehicular
13,9,6,1,27.02,22.15,7.6,32.11,16.92,0.196,1.56,19.9,80.0,1.22,4.223,unknown
10,12,5,1,81.15,128.53,19.77,25.2,10.87,0.678,1.14,22.1,69.1,0.631,1.275,seasonal_inversion
18,3,3,0,159.68,243.73,9.72,25.29,17.06,1.434,2.73,28.9,84.3,0.655,2.601,agricultural_burning
9,4,2,0,81.76,117.31,3.49,99.48,53.68,2.228,1.27,23.7,37.8,0.697,28.515,vehicular
9,1,0,0,84.92,104.56,19.46,24.48,13.9,1.345,1.1,23.4,81.1,0.812,1.258,seasonal_inversion
2,10,1,0,39.66,49.56,5.15,19.8,11.28,0.796,6.68,42.0,69.3,0.8,3.848,unknown
13,4,4,0,142.48,265.88,7.6,25.76,14.15,2.442,2.71,28.4,42.7,0.536,3.389,agricultural_burning
5,6,6,1,174.07,224.93,70.47,31.71,19.76,1.091,3.81,26.4,71.9,0.774,0.45,industrial
18,1,3,0,68.55,108.58,9.0,131.68,91.46,2.106,0.83,22.1,60.6,0.631,14.627,vehicular
7,12,6,1,126.48,198.96,7.87,22.48,19.38,0.597,1.21,17.8,44.7,0.636,2.858,seasonal_inversion
6,2,6,1,49.51,61.25,13.22,60.62,47.09,1.081,0.61,15.1,51.0,0.808,4.585,seasonal_inversion
22,3,1,0,48.46,93.16,9.89,43.94,26.35,0.421,4.55,21.6,74.7,0.52,4.445,unknown
17,11,4,0,204.64,338.02,6.8,13.78,6.68,1.006,4.4,32.1,60.4,0.605,2.027,agricultural_burning
22,8,0,0,156.77,203.33,64.62,24.36,14.65,0.783,1.04,19.2,49.2,0.771,0.377,industrial
0,12,1,0,111.56,113.44,59.57,52.02,40.52,0.169,3.38,31.3,69.0,0.983,0.873,industrial
10,12,3,0,109.48,194.3,11.49,132.49,94.52,3.235,2.44,30.0,53.9,0.563,11.533,vehicular
23,9,2,0,150.93,180.97,50.97,26.77,20.96,0.897,3.78,29.8,51.0,0.834,0.525,industrial
7,11,1,0,64.09,71.64,8.36,29.06,21.51,0.817,0.23,16.8,73.9,0.895,3.475,seasonal_inversion
10,2,0,0,93.4,134.91,1.79,98.13,47.23,3.114,2.08,27.2,42.4,0.692,54.792,vehicular
13,11,0,0,67.71,123.21,6.76,23.82,12.37,1.622,4.75,36.4,62.8,0.55,3.526,agricultural_burning
10,2,3,0,51.77,39.3,18.91,48.1,36.15,1.149,0.13,22.1,67.4,1.317,2.543,seasonal_inversion
23,10,5,1,133.83,170.22,97.25,11.28,9.01,0.626,2.66,32.4,78.4,0.786,0.116,industrial
0,6,2,0,159.99,177.84,116.74,52.81,36.31,0.962,2.56,38.3,64.0,0.9,0.452,industrial
14,11,4,0,195.89,297.56,6.18,5.81,2.47,1.756,4.06,42.2,44.0,0.658,0.94,agricultural_burning
6,2,4,0,112.98,146.37,5.57,21.82,9.78,0.689,0.48,2.0,76.5,0.772,3.92,seasonal_inversion
5,12,6,1,143.67,207.15,6.57,22.42,17.69,0.597,0.1,25.3,70.8,0.694,3.412,seasonal_inversion
7,4,2,0,78.66,134.06,9.69,81.35,44.69,1.529,2.07,37.1,57.1,0.587,8.393,vehicular
10,12,5,1,125.36,168.82,6.49,11.82,12.26,1.114,0.59,24.9,74.2,0.743,1.821,seasonal_inversion
5,1,0,0,135.17,155.93,22.13,18.62,10.88,0.526,0.51,24.3,64.3,0.867,0.841,seasonal_inversion
10,1,2,0,63.69,103.6,8.8,33.73,20.67,0.623,1.2,21.7,66.2,0.615,3.831,seasonal_inversion
14,3,0,0,180.06,261.28,10.62,27.93,15.75,1.419,1.66,28.4,58.1,0.689,2.63,agricultural_burning
20,5,0,0,106.18,204.88,8.43,68.74,37.2,3.084,1.13,31.4,71.8,0.518,8.15,vehicular
10,3,4,0,111.38,227.31,8.58,110.49,58.63,2.758,2.4,24.5,67.8,0.49,12.871,vehicular
22,6,6,1,199.97,295.84,94.39,49.92,27.62,0.755,2.85,34.3,54.8,0.676,0.529,industrial
9,2,3,0,40.9,77.61,13.21,27.46,21.15,1.098,0.73,23.2,72.8,0.527,2.078,seasonal_inversion
9,10,6,1,111.73,240.19,10.2,23.88,11.18,2.453,3.66,23.4,60.1,0.465,2.34,agricultural_burning
15,4,0,0,172.53,207.24,10.29,14.69,10.31,1.895,3.54,27.9,36.5,0.832,1.428,agricultural_burning
9,1,6,1,106.81,136.73,8.77,14.89,8.79,1.372,0.7,18.0,70.2,0.781,1.697,seasonal_inversion
12,1,6,1,25.27,20.79,6.88,31.52,16.09,0.574,4.97,34.2,54.6,1.216,4.579,unknown
19,12,2,0,58.45,130.48,13.35,106.03,77.9,3.36,0.59,27.2,69.8,0.448,7.945,vehicular
5,12,0,0,214.39,268.93,81.79,42.71,26.04,1.007,1.44,32.0,66.7,0.797,0.522,industrial
7,11,4,0,99.1,165.07,2.86,24.66,20.71,1.287,0.21,23.8,93.1,0.6,8.612,seasonal_inversion
23,10,3,0,20.09,20.0,3.73,20.46,11.55,0.424,4.38,27.3,82.6,1.004,5.482,unknown
20,8,2,0,88.06,161.61,2.3,100.97,78.94,2.219,0.58,26.6,70.9,0.545,43.973,vehicular
6,9,3,0,157.07,262.76,83.45,47.47,35.22,0.656,2.56,24.2,71.4,0.598,0.569,industrial
7,12,0,0,56.33,74.25,0.47,35.85,26.45,1.1,1.04,12.0,67.0,0.759,75.511,seasonal_inversion
18,6,4,0,47.52,73.69,6.68,16.5,15.15,0.636,5.0,15.5,38.1,0.645,2.472,unknown
20,1,0,0,22.66,40.62,7.8,10.2,2.28,0.659,1.24,27.9,48.2,0.558,1.307,unknown
18,12,1,0,194.18,274.52,2.03,17.32,9.53,2.242,2.84,23.4,42.0,0.707,8.524,agricultural_burning
9,11,6,1,100.71,205.16,9.22,5.31,2.26,2.116,3.16,41.4,28.1,0.491,0.576,agricultural_burning
9,5,2,0,43.88,86.34,9.58,10.75,1.04,0.443,1.56,37.2,81.0,0.508,1.122,unknown
11,10,2,0,99.61,188.95,3.89,24.47,14.8,2.788,2.44,31.8,40.5,0.527,6.293,agricultural_burning
1,9,2,0,75.46,139.35,13.13,9.08,7.24,0.77,5.16,33.8,34.4,0.542,0.692,unknown
8,2,1,0,64.19,113.4,5.09,151.51,107.74,2.707,0.74,33.3,55.5,0.566,29.749,vehicular
11,3,0,0,48.87,133.22,0.09,16.35,7.9,2.162,1.29,25.6,84.1,0.367,173.356,agricultural_burning
23,3,0,0,220.2,273.44,120.02,11.12,4.94,0.515,2.74,28.2,57.1,0.805,0.093,industrial
7,11,5,1,112.1,175.42,14.47,22.32,14.57,1.131,0.27,17.7,81.4,0.639,1.543,seasonal_inversion
9,8,2,0,107.89,204.34,10.88,131.53,65.01,1.97,2.15,32.9,42.3,0.528,12.086,vehicular
20,8,2,0,53.03,88.06,5.66,93.81,68.41,3.109,2.53,25.7,58.7,0.602,16.568,vehicular
18,9,4,0,102.74,188.96,3.28,66.13,47.53,2.354,1.97,35.4,30.9,0.544,20.177,vehicular
2,2,1,0,96.72,96.3,82.75,32.25,16.0,0.608,1.33,31.4,56.5,1.004,0.39,industrial
5,2,4,0,51.09,71.25,13.91,35.3,22.95,1.21,0.78,19.6,63.7,0.717,2.537,seasonal_inversion
20,5,0,0,29.59,70.4,10.86,34.19,16.19,0.668,3.6,15.0,49.1,0.42,3.15,unknown
16,11,3,0,152.96,240.25,4.04,16.02,10.84,0.76,4.54,33.3,57.9,0.637,3.967,agricultural_burning
3,5,3,0,135.91,222.64,97.18,6.53,4.18,0.258,3.82,29.1,49.5,0.61,0.067,industrial
8,6,3,0,94.86,170.69,7.03,72.21,52.2,2.807,2.67,33.6,70.4,0.556,10.269,vehicular
1,3,1,0,199.51,223.62,74.68,33.35,18.92,0.579,1.13,34.3,63.5,0.892,0.447,industrial
3,12,6,1,141.32,124.11,74.86,18.96,16.58,0.657,1.55,25.2,51.7,1.139,0.253,industrial
7,11,1,0,53.1,84.19,11.77,20.14,8.2,0.908,1.19,22.7,63.7,0.631,1.712,seasonal_inversion
22,1,6,1,190.75,306.24,65.76,22.53,14.88,0.813,2.09,28.0,51.9,0.623,0.343,industrial
22,7,5,1,209.67,288.87,59.5,50.02,27.21,1.084,3.68,29.7,77.4,0.726,0.841,industrial
0,1,0,0,161.86,217.24,66.25,15.62,13.94,0.635,0.73,25.3,60.1,0.745,0.236,industrial
9,2,3,0,84.58,113.19,8.04,6.59,5.76,0.657,0.86,16.9,79.3,0.747,0.819,seasonal_inversion
17,3,1,0,156.62,362.66,10.36,26.16,17.3,3.023,3.99,37.6,74.9,0.432,2.525,agricultural_burning
1,9,3,0,44.84,48.31,3.77,23.4,14.82,0.256,3.71,39.0,57.1,0.928,6.203,unknown
17,6,4,0,64.2,94.88,6.53,32.66,22.34,0.414,2.96,27.1,41.5,0.677,5.001,unknown
8,1,5,1,135.16,177.55,9.35,33.7,10.26,0.456,0.73,18.5,75.9,0.761,3.603,seasonal_inversion
15,3,1,0,42.97,61.17,16.86,24.93,11.21,0.626,2.9,20.4,61.7,0.703,1.479,unknown
10,3,0,0,98.86,197.49,1.34,25.77,12.51,1.985,3.56,38.9,50.3,0.501,19.275,agricultural_burning
7,1,4,0,60.82,98.28,9.61,117.01,73.9,2.538,1.68,25.9,46.2,0.619,12.176,vehicular
9,11,0,0,66.19,141.57,9.32,95.99,60.6,1.193,2.67,21.8,49.0,0.468,10.3,vehicular
17,1,4,0,49.38,90.39,3.02,125.98,73.78,2.275,1.16,31.4,68.3,0.546,41.753,vehicular
16,9,2,0,55.52,73.3,5.87,36.16,19.84,0.611,6.77,31.6,32.1,0.757,6.16,unknown
12,3,1,0,50.25,93.07,10.78,5.62,1.32,0.261,1.67,15.8,74.3,0.54,0.522,unknown
8,6,4,0,61.57,116.74,3.29,134.98,80.54,2.222,1.19,29.7,76.3,0.527,41.076,vehicular
17,11,2,0,71.47,100.89,8.91,77.75,57.59,2.433,0.61,29.3,67.0,0.708,8.728,vehicular
13,10,5,1,105.29,156.91,13.97,14.65,8.36,2.42,4.32,28.2,45.4,0.671,1.048,agricultural_burning
5,2,2,0,58.01,92.01,13.16,44.63,30.8,0.892,1.33,19.7,82.2,0.63,3.391,seasonal_inversion
0,3,4,0,179.85,226.02,58.14,38.83,19.05,0.713,3.77,32.5,50.8,0.796,0.668,industrial
18,12,2,0,221.01,322.29,2.25,17.66,8.48,1.616,3.63,29.8,25.0,0.686,7.85,agricultural_burning
10,1,1,0,92.19,107.44,10.51,29.67,20.41,0.974,0.5,12.3,68.8,0.858,2.824,seasonal_inversion
9,3,2,0,105.59,230.16,10.39,15.52,14.03,1.73,2.57,31.2,25.4,0.459,1.494,agricultural_burning
13,12,2,0,52.37,57.03,9.41,26.08,18.07,0.398,7.91,17.7,78.6,0.918,2.772,unknown
5,6,6,1,193.71,271.2,76.74,15.28,15.07,0.64,1.31,40.2,83.4,0.714,0.199,industrial
20,4,2,0,92.18,163.31,6.2,80.69,60.77,1.558,2.47,22.6,39.2,0.564,13.006,vehicular
5,2,0,0,74.23,86.74,14.6,40.38,26.29,0.766,1.42,14.7,74.7,0.856,2.766,seasonal_inversion
14,3,4,0,44.31,59.77,12.45,15.05,7.37,0.313,4.17,37.2,76.3,0.741,1.209,unknown
7,6,5,1,68.79,85.21,13.52,11.26,11.81,0.314,6.57,36.2,71.8,0.807,0.833,unknown
16,1,1,0,34.88,46.99,13.74,12.43,10.91,0.541,3.45,30.6,70.4,0.742,0.904,unknown
18,1,0,0,92.68,163.93,7.11,101.31,64.74,1.896,1.88,32.9,90.0,0.565,14.239,vehicular
5,1,4,0,106.72,142.06,15.11,19.27,12.06,1.168,0.01,20.0,63.0,0.751,1.275,seasonal_inversion
2,9,1,0,171.55,201.6,88.91,37.83,22.39,1.019,3.35,20.0,52.6,0.851,0.425,industrial
18,8,1,0,41.6,57.78,8.91,-9.11,-8.81,0.421,7.12,40.7,58.9,0.72,-1.022,unknown
15,4,2,0,139.33,347.58,15.49,19.94,13.26,1.79,2.95,31.1,49.0,0.401,1.288,agricultural_burning
21,9,6,1,74.83,95.7,13.79,28.52,18.06,0.637,3.36,28.5,69.9,0.782,2.068,unknown
10,1,1,0,90.33,146.77,17.64,20.1,13.72,0.566,0.09,17.0,71.1,0.615,1.139,seasonal_inversion
0,9,6,1,178.11,198.38,93.69,45.24,32.05,0.858,1.04,22.9,43.5,0.898,0.483,industrial
9,8,2,0,80.94,91.78,10.41,97.6,64.29,3.991,2.7,32.6,57.5,0.882,9.378,vehicular
22,2,2,0,162.29,276.42,95.67,30.75,26.56,1.047,0.99,24.4,54.5,0.587,0.321,industrial
6,12,4,0,106.47,127.21,10.6,16.02,12.87,0.644,0.33,22.6,49.4,0.837,1.511,seasonal_inversion
14,3,6,1,87.1,202.26,5.61,9.8,5.71,1.52,4.73,29.5,48.8,0.431,1.746,agricultural_burning
1,6,1,0,136.09,179.57,60.71,33.7,25.48,0.674,2.47,34.8,57.7,0.758,0.555,industrial
5,2,1,0,96.17,147.99,13.66,34.65,26.51,0.76,0.54,29.9,93.5,0.65,2.536,seasonal_inversion
10,2,2,0,55.59,75.78,6.15,26.84,24.5,0.748,1.03,22.1,83.7,0.734,4.367,seasonal_inversion
20,1,2,0,82.2,106.51,1.96,101.77,56.72,2.089,0.51,38.0,44.9,0.772,52.03,vehicular
5,2,4,0,52.33,80.78,10.99,11.45,8.35,1.026,1.14,26.4,55.0,0.648,1.043,seasonal_inversion
14,3,5,1,15.07,6.02,6.17,7.24,1.71,0.318,1.89,35.6,46.4,2.504,1.172,unknown
18,7,1,0,48.49,77.22,3.69,74.96,42.65,2.93,1.3,24.6,59.0,0.628,20.293,vehicular
12,7,2,0,54.69,72.7,4.19,5.58,3.35,0.259,1.62,34.5,56.4,0.752,1.33,unknown
18,6,0,0,89.74,99.38,9.3,79.31,66.6,1.313,2.22,22.9,50.4,0.903,8.525,vehicular
8,12,4,0,102.92,106.14,6.51,37.1,17.24,1.202,0.27,19.3,71.1,0.97,5.701,seasonal_inversion
1,6,4,0,19.7,33.24,17.4,20.77,15.29,0.427,1.94,34.8,73.6,0.593,1.194,unknown
10,12,3,0,96.01,137.45,4.59,109.93,80.56,2.61,0.54,38.2,66.4,0.698,23.974,vehicular
8,11,2,0,98.62,122.55,15.48,21.26,13.74,1.018,0.33,9.7,73.1,0.805,1.373,seasonal_inversion
10,12,2,0,89.54,159.46,5.46,127.81,71.55,2.482,1.57,35.2,35.5,0.562,23.418,vehicular
20,6,4,0,102.88,176.8,9.32,85.04,42.58,3.862,1.52,36.5,22.6,0.582,9.124,vehicular
5,2,6,1,73.99,146.86,14.65,11.28,6.57,1.304,0.29,7.3,79.9,0.504,0.77,seasonal_inversion
10,10,2,0,100.17,152.03,6.62,22.15,11.84,0.793,1.7,33.5,55.1,0.659,3.345,agricultural_burning
23,5,4,0,117.59,151.7,52.54,11.2,6.64,1.265,2.03,28.1,59.2,0.775,0.213,industrial
1,4,1,0,172.08,225.62,47.19,50.66,30.52,0.792,1.38,33.0,60.0,0.763,1.074,industrial
13,12,6,1,161.4,300.13,7.92,24.21,14.04,1.543,1.46,32.8,52.9,0.538,3.056,agricultural_burning
7,1,2,0,101.88,130.34,13.15,35.95,21.37,0.412,0.1,19.0,65.5,0.782,2.735,seasonal_inversion
17,1,2,0,45.01,113.62,5.6,83.63,51.79,1.135,2.91,40.5,42.2,0.396,14.937,vehicular
9,11,1,0,113.06,153.79,10.49,43.77,29.13,0.883,0.26,16.3,84.0,0.735,4.174,seasonal_inversion
8,1,1,0,78.74,108.54,11.04,125.03,85.22,2.855,0.53,28.5,68.1,0.725,11.328,vehicular
5,2,4,0,63.12,112.18,5.9,15.43,13.75,0.381,0.58,16.5,63.0,0.563,2.616,seasonal_inversion
17,2,4,0,28.04,54.25,15.94,76.64,41.18,3.283,1.2,24.8,40.1,0.517,4.807,vehicular
4,8,6,1,45.33,51.77,9.55,22.23,17.09,0.345,4.47,15.3,69.2,0.876,2.328,unknown
13,12,2,0,46.35,77.68,14.09,10.44,8.06,0.349,2.31,20.1,74.5,0.597,0.741,unknown
18,3,4,0,48.75,88.43,7.95,87.07,60.24,3.322,2.47,27.0,35.8,0.551,10.949,vehicular
11,12,5,1,184.57,244.6,8.79,38.7,19.09,1.462,3.49,30.2,40.6,0.755,4.402,agricultural_burning
2,9,6,1,208.79,254.31,83.76,21.21,15.3,0.806,1.06,24.8,57.3,0.821,0.253,industrial
13,4,2,0,246.52,435.48,4.73,12.75,6.33,1.782,1.35,31.5,34.0,0.566,2.696,agricultural_burning
8,3,1,0,113.93,177.2,5.5,100.31,57.61,2.105,2.93,24.9,72.4,0.643,18.231,vehicular
19,12,3,0,41.7,70.06,7.2,79.34,60.7,2.803,2.61,22.7,61.4,0.595,11.019,vehicular
10,4,5,1,34.12,30.88,9.38,15.08,9.35,0.765,1.04,31.1,73.5,1.105,1.608,unknown
23,8,6,1,17.54,28.86,5.28,30.08,18.67,0.397,4.52,30.2,52.7,0.608,5.7,unknown
5,8,3,0,147.68,183.5,119.96,26.62,16.59,1.184,2.38,32.6,54.6,0.805,0.222,industrial
10,11,3,0,122.58,136.58,20.69,17.61,12.09,0.974,0.82,23.7,86.4,0.897,0.851,seasonal_inversion
19,11,4,0,47.47,57.0,11.89,24.27,18.15,0.918,2.08,23.9,48.6,0.833,2.041,unknown
18,12,2,0,63.15,103.97,6.9,127.69,71.57,1.947,2.62,26.9,43.9,0.607,18.5,vehicular
22,9,1,0,225.03,276.96,68.78,54.41,33.29,0.969,2.66,30.6,80.3,0.812,0.791,industrial
12,12,5,1,42.91,47.28,9.88,38.76,16.93,0.54,2.4,20.8,64.6,0.907,3.923,unknown
18,11,6,1,45.8,69.97,4.88,22.65,19.4,0.195,6.31,38.1,48.4,0.655,4.643,unknown
19,3,0,0,43.05,71.96,7.52,33.57,20.45,3.146,0.97,26.6,51.6,0.598,4.462,vehicular
18,8,4,0,41.34,73.37,7.99,100.0,56.74,3.772,1.53,22.9,71.1,0.563,12.515,vehicular
18,12,2,0,199.53,301.72,17.38,21.33,10.78,1.661,4.09,35.3,36.3,0.661,1.227,agricultural_burning
20,12,0,0,83.39,157.82,2.38,102.87,49.18,2.651,0.6,34.7,52.3,0.528,43.254,vehicular
14,4,4,0,108.39,197.34,3.05,32.36,22.96,1.855,3.97,22.2,41.9,0.549,10.608,agricultural_burning
18,11,1,0,96.15,216.89,9.81,21.23,13.81,0.925,1.61,32.0,17.9,0.443,2.163,agricultural_burning
8,12,2,0,67.63,98.8,16.15,34.67,19.05,1.145,1.48,13.6,79.6,0.685,2.146,seasonal_inversion
10,2,2,0,120.83,148.49,6.21,24.16,20.65,0.496,0.99,17.7,73.6,0.814,3.888,seasonal_inversion
13,10,2,0,199.4,326.87,2.15,8.12,5.27,1.419,1.18,35.7,67.8,0.61,3.778,agricultural_burning
20,8,1,0,79.82,141.51,8.72,116.99,93.56,1.254,2.71,31.0,36.6,0.564,13.41,vehicular
9,8,0,0,120.99,222.04,9.3,131.46,94.57,3.157,2.96,33.2,63.5,0.545,14.135,vehicular
1,11,4,0,141.41,195.85,71.29,39.64,31.02,0.788,3.21,25.5,63.9,0.722,0.556,industrial
7,6,1,0,55.58,136.13,3.98,58.5,42.41,2.12,1.64,25.7,58.5,0.408,14.696,vehicular
0,6,4,0,180.94,274.26,79.45,30.96,21.44,0.32,1.97,30.7,79.8,0.66,0.39,industrial
15,3,4,0,108.16,205.85,-3.13,18.48,11.94,1.257,4.17,33.2,52.8,0.525,5.0,agricultural_burning
9,4,2,0,227.92,358.2,4.96,31.2,10.9,1.984,1.63,33.4,52.7,0.636,6.288,agricultural_burning
15,11,2,0,181.13,285.82,13.43,17.04,13.36,1.068,4.21,24.6,29.7,0.634,1.268,agricultural_burning
18,4,4,0,101.36,142.03,2.71,45.81,27.14,3.174,2.84,30.2,60.6,0.714,16.92,vehicular
9,4,6,1,30.68,53.79,9.05,12.11,9.92,0.699,4.6,25.3,69.1,0.57,1.338,unknown
10,2,2,0,38.85,40.29,10.82,34.52,22.96,0.75,0.11,18.1,62.9,0.964,3.19,seasonal_inversion
2,7,0,0,175.74,249.22,68.18,20.33,11.0,1.408,3.28,23.4,93.9,0.705,0.298,industrial
5,1,1,0,108.97,148.51,12.71,26.82,13.8,0.95,0.78,23.6,90.3,0.734,2.11,seasonal_inversion
8,11,5,1,80.78,123.73,10.18,47.92,25.19,0.756,0.33,28.1,87.7,0.653,4.706,seasonal_inversion
0,12,2,0,143.01,167.68,84.86,42.25,25.84,0.928,2.22,25.9,58.4,0.853,0.498,industrial
17,4,2,0,103.03,149.13,9.03,129.0,88.78,2.634,2.48,30.5,90.0,0.691,14.29,vehicular
5,1,1,0,78.54,110.04,2.78,23.21,16.07,0.734,1.22,19.4,52.3,0.714,8.361,seasonal_inversion
22,11,2,0,176.74,205.28,75.49,28.6,16.01,1.233,2.84,19.0,46.2,0.861,0.379,industrial
11,4,6,1,241.34,375.63,8.83,27.41,15.71,1.205,3.41,38.2,27.6,0.643,3.104,agricultural_burning
12,4,2,0,120.32,289.8,13.3,29.46,12.14,1.473,2.69,31.9,45.3,0.415,2.215,agricultural_burning
9,6,2,0,55.97,98.63,8.76,19.14,13.39,0.437,5.19,36.6,51.2,0.567,2.184,unknown
5,2,6,1,49.76,62.06,2.92,23.79,14.51,0.346,5.02,27.1,77.3,0.802,8.149,unknown
23,4,1,0,153.48,205.55,41.69,38.47,25.91,1.262,1.97,27.6,47.6,0.747,0.923,industrial
10,1,3,0,91.65,110.91,1.13,34.13,19.82,0.872,1.47,15.0,98.0,0.826,30.196,seasonal_inversion
14,9,2,0,39.08,61.68,13.48,12.14,7.06,0.575,1.37,36.9,54.1,0.633,0.901,unknown
10,10,1,0,98.06,248.79,9.47,24.27,11.92,2.213,2.11,29.3,56.1,0.394,2.563,agricultural_burning
21,10,2,0,35.9,50.73,12.92,23.5,12.32,0.461,3.42,23.2,77.2,0.708,1.819,unknown
11,11,2,0,180.36,320.34,9.51,15.85,6.75,1.406,3.64,24.1,32.8,0.563,1.667,agricultural_burning
10,8,0,0,77.48,166.24,8.08,117.88,83.65,1.235,0.51,38.2,49.9,0.466,14.584,vehicular
10,10,4,0,88.19,175.28,5.42,146.73,108.52,1.972,2.68,21.8,51.3,0.503,27.096,vehicular
10,10,2,0,68.8,124.97,4.54,64.7,46.43,2.879,1.51,34.2,38.4,0.551,14.242,vehicular
7,11,5,1,98.52,126.71,8.61,20.19,15.4,0.226,0.13,21.6,75.0,0.778,2.346,seasonal_inversion
6,10,3,0,101.66,132.45,78.66,36.65,27.32,1.15,2.42,17.4,53.1,0.768,0.466,industrial
17,11,3,0,125.88,188.71,4.84,10.01,5.23,1.303,4.42,27.5,67.5,0.667,2.07,agricultural_burning
17,8,4,0,57.19,98.38,7.41,93.59,44.19,2.714,1.9,33.2,65.0,0.581,12.628,vehicular
5,9,3,0,47.16,38.91,2.7,16.77,9.99,0.54,5.01,38.2,88.9,1.212,6.206,unknown
8,7,0,0,66.52,127.76,8.05,108.33,48.48,1.619,0.96,23.7,50.5,0.521,13.46,vehicular
19,10,1,0,90.04,172.07,8.95,125.1,61.05,3.188,0.62,40.6,74.3,0.523,13.975,vehicular
17,10,3,0,175.68,242.57,10.94,6.36,4.48,1.23,1.18,39.5,32.7,0.724,0.581,agricultural_burning
7,1,3,0,57.33,115.12,4.02,49.69,34.29,2.48,0.62,36.4,86.7,0.498,12.349,vehicular
20,2,0,0,117.89,184.62,5.07,112.94,78.14,4.227,2.68,27.6,39.9,0.639,22.275,vehicular
17,3,5,1,110.51,180.48,6.66,20.71,10.47,1.396,3.63,34.0,56.1,0.612,3.11,agricultural_burning
8,11,3,0,111.19,121.0,12.94,37.68,26.4,1.509,0.17,12.8,76.9,0.919,2.912,seasonal_inversion
1,12,1,0,124.72,150.27,57.69,17.63,9.19,1.274,1.78,31.6,69.2,0.83,0.306,industrial
5,5,5,1,213.91,252.28,77.76,38.74,25.89,1.118,1.42,34.1,73.4,0.848,0.498,industrial
8,12,1,0,68.74,87.16,3.41,6.85,3.67,0.446,0.53,30.9,85.3,0.789,2.007,seasonal_inversion
2,12,2,0,27.47,59.28,-0.64,13.44,12.0,0.58,6.06,32.6,77.4,0.463,5.0,unknown
19,3,4,0,118.47,209.17,7.79,83.7,47.95,2.487,0.54,26.3,26.8,0.566,10.746,vehicular
10,9,5,1,65.46,95.4,11.26,15.65,9.92,0.612,7.38,35.7,65.4,0.686,1.391,unknown
12,3,2,0,145.79,240.22,5.51,6.32,4.21,2.14,1.27,28.2,41.0,0.607,1.147,agricultural_burning
19,12,2,0,39.34,49.1,7.01,91.17,70.53,2.838,1.83,41.4,77.6,0.801,13.011,vehicular
14,3,4,0,57.59,80.92,10.68,22.31,12.4,0.321,3.88,42.8,58.5,0.712,2.089,unknown
7,6,5,1,22.32,14.39,4.71,6.48,1.89,0.626,1.51,23.9,55.1,1.551,1.376,unknown
18,4,3,0,224.28,310.34,10.22,13.76,4.8,1.118,3.54,29.3,25.1,0.723,1.346,agricultural_burning
8,2,0,0,107.08,121.18,20.67,31.14,18.97,0.777,1.47,26.4,71.5,0.884,1.506,seasonal_inversion
9,12,5,1,84.34,130.86,18.76,32.66,12.24,0.49,1.12,16.1,76.7,0.644,1.741,seasonal_inversion
9,12,5,1,72.12,138.38,6.68,13.17,8.21,2.315,1.67,27.7,56.9,0.521,1.973,agricultural_burning
10,1,0,0,65.07,87.79,13.15,28.41,12.78,0.545,0.39,20.5,77.6,0.741,2.16,seasonal_inversion
17,9,3,0,74.85,102.17,2.69,50.89,25.16,3.419,2.41,29.3,39.6,0.733,18.942,vehicular
9,7,2,0,22.02,47.64,5.06,132.48,84.3,2.953,2.37,32.1,54.4,0.462,26.186,vehicular
7,1,5,1,90.11,115.03,15.54,22.59,16.01,0.901,0.02,22.9,75.7,0.783,1.453,seasonal_inversion
6,11,6,1,126.76,162.75,14.13,37.47,28.14,0.888,0.34,15.1,77.9,0.779,2.651,seasonal_inversion
9,12,6,1,122.17,278.65,13.02,4.49,4.33,2.631,3.02,34.0,40.9,0.438,0.345,agricultural_burning
7,2,6,1,91.38,119.13,34.19,-0.24,-3.64,0.479,0.53,17.2,71.0,0.767,-0.007,seasonal_inversion
14,11,0,0,142.14,384.21,16.24,32.48,18.39,2.31,2.07,28.1,51.5,0.37,2.0,agricultural_burning
19,4,3,0,94.97,135.81,8.38,83.14,41.61,2.097,0.81,22.2,38.3,0.699,9.917,vehicular
9,1,2,0,42.43,45.52,14.07,20.94,8.54,0.567,6.46,36.7,25.5,0.932,1.488,unknown
15,10,1,0,166.66,341.5,12.05,7.11,-0.1,1.602,1.44,32.6,44.4,0.488,0.59,agricultural_burning
8,12,1,0,61.3,112.11,11.25,19.62,7.14,0.83,0.51,25.9,77.3,0.547,1.744,seasonal_inversion
11,11,5,1,177.65,290.17,10.56,17.73,13.99,1.517,4.93,27.8,67.9,0.612,1.679,agricultural_burning
2,9,0,0,146.4,205.86,84.4,21.31,7.26,0.418,3.91,27.8,81.6,0.711,0.252,industrial
17,9,3,0,84.64,168.52,6.47,73.34,39.86,2.617,2.13,27.6,79.8,0.502,11.328,vehicular
10,4,5,1,217.12,360.68,6.2,32.57,13.58,1.681,1.09,32.4,18.4,0.602,5.256,agricultural_burning
14,3,4,0,10.86,26.3,4.36,24.1,14.4,0.741,2.69,18.8,91.5,0.413,5.526,unknown
5,12,6,1,98.21,134.21,8.92,41.06,33.7,0.573,0.72,12.1,71.1,0.732,4.603,seasonal_inversion
22,5,1,0,182.97,219.15,124.38,31.14,18.92,0.623,3.55,34.8,81.9,0.835,0.25,industrial
20,1,4,0,82.55,147.5,1.49,78.97,40.78,2.68,2.81,30.0,63.3,0.56,52.911,vehicular
11,10,4,0,154.33,263.71,6.65,9.42,8.35,1.819,3.14,35.3,21.3,0.585,1.416,agricultural_burning
10,12,5,1,72.64,98.82,12.63,20.59,12.07,1.231,1.16,11.7,73.6,0.735,1.63,seasonal_inversion
16,10,5,1,166.22,273.59,11.94,16.7,7.66,2.53,3.07,23.9,29.8,0.608,1.399,agricultural_burning
5,8,4,0,148.43,186.67,87.5,37.55,24.76,0.338,3.35,32.9,48.3,0.795,0.429,industrial
9,9,0,0,59.6,94.09,1.82,117.61,59.41,3.169,0.71,23.6,62.8,0.633,64.575,vehicular
9,1,4,0,119.37,184.82,12.72,8.71,6.25,0.99,1.16,25.6,80.9,0.646,0.685,seasonal_inversion
5,12,0,0,139.52,167.68,79.52,56.23,40.4,0.424,0.54,29.7,60.1,0.832,0.707,industrial
6,10,3,0,152.11,193.43,89.23,28.52,19.68,1.011,3.8,22.4,66.3,0.786,0.32,industrial
2,7,3,0,167.76,246.17,72.72,37.2,31.11,0.491,1.68,30.1,79.0,0.681,0.512,industrial
16,10,2,0,80.48,132.93,4.72,19.59,8.72,0.503,4.11,28.8,76.0,0.605,4.149,unknown
2,1,3,0,129.55,140.17,50.84,36.27,24.33,1.204,3.89,25.1,94.6,0.924,0.713,industrial
2,12,2,0,67.62,124.74,2.65,16.68,6.33,0.56,7.04,28.8,79.3,0.542,6.286,unknown
1,9,1,0,132.36,175.42,81.68,15.78,10.69,0.722,2.65,29.9,72.8,0.755,0.193,industrial
17,4,2,0,120.21,194.88,8.86,16.48,6.76,1.476,1.51,34.9,75.8,0.617,1.86,agricultural_burning
20,1,4,0,75.65,97.39,5.36,77.3,56.29,2.493,0.81,36.7,77.3,0.777,14.434,vehicular
1,2,4,0,13.53,28.73,14.35,19.7,12.21,0.596,2.01,38.3,45.4,0.471,1.373,unknown
9,6,1,0,27.6,37.28,6.9,38.41,20.32,0.463,3.83,33.2,86.6,0.74,5.568,unknown
11,2,3,0,47.62,84.49,7.41,4.55,4.97,0.535,3.64,32.3,95.4,0.564,0.614,unknown
10,8,3,0,68.88,132.51,3.89,84.03,40.75,3.325,2.67,26.2,66.9,0.52,21.599,vehicular
0,12,2,0,206.62,287.86,105.56,41.25,27.44,0.708,0.55,20.5,74.1,0.718,0.391,industrial
21,3,6,1,41.42,62.8,9.93,23.35,17.86,0.36,7.08,15.4,68.6,0.66,2.352,unknown
8,4,2,0,62.13,100.8,12.31,95.43,62.61,2.233,1.12,32.9,51.3,0.616,7.755,vehicular
3,5,2,0,39.08,64.96,12.92,16.73,13.58,0.381,7.82,36.1,30.9,0.602,1.295,unknown
4,1,5,1,172.85,226.93,51.98,43.48,20.79,0.823,2.35,22.4,62.0,0.762,0.837,industrial
19,6,0,0,69.35,152.78,1.11,78.68,48.68,1.651,2.74,34.0,38.4,0.454,70.919,vehicular
10,12,3,0,59.32,52.62,15.18,11.22,7.09,0.841,0.92,16.8,46.8,1.127,0.74,seasonal_inversion
10,11,2,0,86.37,123.09,23.97,18.44,13.22,0.91,1.22,13.7,90.5,0.702,0.77,seasonal_inversion
9,11,3,0,81.37,128.21,14.6,27.34,15.07,0.984,0.42,21.5,68.7,0.635,1.872,seasonal_inversion
9,12,3,0,103.88,145.1,10.9,21.02,22.49,1.149,1.07,12.7,84.4,0.716,1.928,seasonal_inversion
7,11,3,0,62.39,104.72,9.36,104.0,67.45,1.879,2.11,25.7,50.8,0.596,11.112,vehicular
5,1,6,1,81.43,93.48,7.09,38.15,26.4,0.851,0.84,11.2,66.6,0.871,5.377,seasonal_inversion
3,1,4,0,43.11,59.52,3.14,15.67,10.57,0.622,6.68,24.8,71.2,0.724,4.994,unknown
2,8,2,0,156.94,236.79,75.56,-5.21,-0.81,1.668,2.96,25.9,73.3,0.663,-0.069,industrial
9,8,3,0,54.79,81.21,9.36,144.06,89.37,2.805,1.51,37.9,35.9,0.675,15.386,vehicular
18,2,0,0,83.7,152.97,0.3,106.36,70.71,2.358,2.25,24.2,81.1,0.547,351.145,vehicular
9,9,2,0,99.6,145.99,4.99,103.12,81.28,2.381,2.34,26.8,50.3,0.682,20.67,vehicular
1,10,5,1,177.58,263.93,57.29,32.32,25.46,1.241,2.28,25.1,55.1,0.673,0.564,industrial
15,11,5,1,205.71,290.35,5.65,18.31,7.27,1.858,2.94,34.9,50.0,0.708,3.24,agricultural_burning
9,10,2,0,53.85,79.64,0.75,96.67,51.86,4.377,1.66,28.6,35.3,0.676,128.825,vehicular
16,11,1,0,215.66,350.49,5.16,19.86,14.07,2.409,2.61,36.1,54.8,0.615,3.853,agricultural_burning
10,3,1,0,133.67,253.55,8.49,12.85,6.87,1.367,1.42,36.2,28.6,0.527,1.514,agricultural_burning
9,3,2,0,171.36,388.2,5.29,3.32,1.47,1.497,4.45,33.6,43.6,0.441,0.627,agricultural_burning
18,8,4,0,82.35,119.42,10.59,82.19,49.28,2.103,1.3,26.2,80.9,0.69,7.758,vehicular
6,2,5,1,85.99,111.5,15.13,17.51,7.0,0.691,0.84,25.1,79.7,0.771,1.157,seasonal_inversion
10,12,3,0,83.09,119.49,2.37,43.65,30.82,1.211,1.11,23.5,79.4,0.695,18.422,seasonal_inversion
10,2,2,0,111.84,199.6,0.4,-1.04,-1.35,1.402,0.67,27.1,73.5,0.56,-2.575,seasonal_inversion
4,12,2,0,152.78,177.69,77.86,9.6,7.14,0.636,3.46,24.0,78.0,0.86,0.123,industrial
22,10,4,0,155.05,194.72,75.29,23.05,8.65,0.738,1.05,23.0,63.9,0.796,0.306,industrial
12,11,4,0,124.67,246.93,8.28,20.14,13.05,2.218,4.03,36.7,41.6,0.505,2.432,agricultural_burning
18,12,2,0,97.01,130.34,7.64,93.73,64.32,1.67,1.38,34.0,20.0,0.744,12.275,vehicular
0,2,0,0,158.16,233.37,92.46,7.72,7.79,0.411,3.75,29.0,44.3,0.678,0.083,industrial
18,7,0,0,77.64,129.22,7.6,76.27,59.53,1.332,0.8,21.4,70.0,0.601,10.03,vehicular
10,8,2,0,15.88,25.31,12.18,29.67,15.19,0.456,2.4,20.8,90.9,0.627,2.435,unknown
8,12,4,0,50.73,63.77,13.98,25.56,13.18,0.521,0.4,19.8,69.0,0.795,1.828,seasonal_inversion
7,1,0,0,108.93,169.15,7.91,39.02,21.04,1.177,0.55,15.4,92.8,0.644,4.931,seasonal_inversion
16,1,1,0,33.24,33.86,10.71,5.48,4.63,0.498,7.92,29.2,61.9,0.982,0.512,unknown
7,9,1,0,70.35,129.01,10.57,88.99,52.76,3.835,0.65,31.4,69.2,0.545,8.423,vehicular
10,9,2,0,66.6,74.49,0.25,34.46,25.22,0.307,1.79,31.8,70.2,0.894,135.234,unknown
9,12,5,1,49.08,64.61,4.88,24.3,20.56,1.086,0.89,19.2,62.8,0.76,4.981,seasonal_inversion
15,4,6,1,230.74,376.69,13.47,39.85,19.09,1.608,2.56,45.4,41.2,0.613,2.959,agricultural_burning
17,7,1,0,55.89,87.78,4.85,92.14,67.95,2.733,2.87,16.0,51.6,0.637,19.006,vehicular
7,11,3,0,98.27,136.28,20.56,27.49,26.55,0.755,0.9,17.8,98.0,0.721,1.337,seasonal_inversion
11,12,4,0,167.73,297.67,7.78,25.66,20.55,2.406,1.7,22.3,44.6,0.563,3.297,agricultural_burning
7,8,3,0,43.35,67.15,7.04,96.54,73.64,0.824,2.84,35.6,48.9,0.646,13.708,vehicular
8,11,5,1,74.09,126.79,16.86,51.73,40.26,1.144,1.43,20.8,80.2,0.584,3.068,seasonal_inversion
23,10,0,0,44.68,37.36,10.08,28.62,16.99,0.253,2.9,38.3,46.2,1.196,2.838,unknown
22,6,6,1,135.37,171.54,46.94,54.32,39.18,0.838,2.61,25.1,66.2,0.789,1.157,industrial
18,2,3,0,61.34,67.69,2.59,127.85,66.86,2.781,1.22,39.5,32.4,0.906,49.314,vehicular
23,6,5,1,109.18,119.04,87.84,31.09,20.13,0.524,1.39,33.4,54.6,0.917,0.354,industrial
12,12,2,0,188.23,290.59,13.32,22.65,9.87,2.729,4.54,31.9,79.7,0.648,1.7,agricultural_burning
7,6,2,0,87.76,136.94,9.83,81.13,38.12,0.883,1.76,27.8,64.3,0.641,8.255,vehicular
18,6,1,0,72.69,126.48,0.53,82.49,35.94,1.887,2.09,31.3,52.0,0.575,155.983,vehicular
10,12,0,0,101.01,134.59,14.89,32.29,13.73,1.232,0.74,18.2,82.3,0.75,2.169,seasonal_inversion
7,12,6,1,130.04,161.87,8.37,27.84,20.14,0.292,0.51,15.1,80.4,0.803,3.326,seasonal_inversion
8,1,5,1,77.84,122.13,5.72,37.25,21.35,0.765,0.66,15.3,87.5,0.637,6.515,seasonal_inversion
2,12,3,0,52.15,76.65,6.28,29.03,17.89,0.519,1.64,41.9,32.1,0.68,4.62,unknown
2,11,5,1,166.41,231.47,80.83,51.5,21.91,0.672,2.95,32.6,73.9,0.719,0.637,industrial
0,6,4,0,166.9,162.41,83.36,35.69,29.34,0.647,3.42,32.1,100.0,1.028,0.428,industrial
1,9,1,0,121.83,170.77,94.54,57.37,49.98,1.042,0.83,29.6,54.5,0.713,0.607,industrial
9,2,5,1,97.88,117.79,14.12,30.87,17.0,0.642,0.66,15.2,91.0,0.831,2.187,seasonal_inversion
10,10,3,0,181.07,248.22,5.18,16.67,8.87,2.728,2.3,40.2,54.6,0.729,3.219,agricultural_burning
1,2,5,1,168.87,231.56,113.56,27.74,20.43,0.836,0.63,25.4,65.2,0.729,0.244,industrial
10,4,1,0,62.53,118.79,2.04,129.35,81.69,4.328,1.02,29.3,30.7,0.526,63.405,vehicular
9,11,4,0,89.65,140.15,12.97,8.98,6.8,0.965,1.44,12.4,70.4,0.64,0.692,seasonal_inversion
11,10,0,0,224.43,367.11,5.97,14.3,10.24,1.723,4.66,30.7,32.3,0.611,2.397,agricultural_burning
13,10,1,0,73.72,195.95,7.2,27.27,15.17,2.429,4.18,27.1,59.6,0.376,3.79,agricultural_burning
5,12,5,1,192.53,303.35,82.34,27.02,16.28,1.069,3.64,21.3,72.6,0.635,0.328,industrial
20,5,4,0,99.71,195.19,-0.96,74.06,62.28,2.219,1.36,26.6,45.9,0.511,5.0,vehicular
3,12,1,0,162.72,227.27,51.25,33.95,19.37,1.285,2.04,24.7,43.6,0.716,0.662,industrial
8,11,2,0,92.0,92.57,3.23,30.31,16.9,0.622,0.05,12.0,81.3,0.994,9.388,seasonal_inversion
19,12,4,0,56.61,93.66,8.35,109.8,64.81,3.228,1.89,34.2,64.4,0.604,13.143,vehicular
0,6,2,0,102.01,145.94,57.97,3.38,6.36,0.859,1.31,26.0,90.2,0.699,0.058,industrial
12,9,4,0,50.71,74.11,7.94,9.37,5.32,0.289,1.94,15.0,63.1,0.684,1.18,unknown
17,4,2,0,138.07,235.55,11.82,26.86,14.15,1.819,1.64,29.7,18.2,0.586,2.272,agricultural_burning
9,3,6,1,97.56,174.46,14.17,16.64,11.32,0.63,1.51,44.4,56.9,0.559,1.174,agricultural_burning
21,4,2,0,55.71,85.9,5.84,14.04,8.86,0.142,1.75,24.7,71.7,0.648,2.404,unknown
9,1,2,0,51.81,63.52,5.88,40.77,21.69,1.234,0.55,19.4,64.8,0.816,6.934,seasonal_inversion
18,11,4,0,89.31,155.98,3.17,17.15,5.69,1.3,2.68,35.9,57.7,0.573,5.417,agricultural_burning
3,9,6,1,118.08,176.07,89.99,12.67,5.26,1.427,1.99,26.2,57.7,0.671,0.141,industrial
4,5,3,0,175.14,193.19,71.83,29.98,16.83,0.563,3.59,21.2,77.3,0.907,0.417,industrial
4,5,2,0,43.63,38.17,15.18,10.86,4.52,0.5,3.01,26.5,68.8,1.143,0.716,unknown
18,5,1,0,33.77,62.33,7.28,95.81,66.34,2.471,2.0,26.4,68.9,0.542,13.152,vehicular
22,2,0,0,98.84,100.49,106.86,34.91,23.45,1.11,0.83,33.1,69.3,0.984,0.327,industrial
15,1,0,0,34.1,50.38,13.23,26.7,13.67,0.491,5.85,24.7,72.9,0.677,2.018,unknown
0,7,1,0,117.39,173.15,91.06,67.37,51.21,1.433,3.54,29.8,65.9,0.678,0.74,industrial
5,2,4,0,136.07,194.94,51.07,18.5,4.67,0.632,3.63,27.8,53.1,0.698,0.362,industrial
11,10,4,0,140.52,210.89,2.02,14.23,8.09,2.678,3.82,26.2,60.1,0.666,7.033,agricultural_burning
1,2,0,0,17.32,1.85,11.2,26.01,12.59,0.341,7.98,32.7,74.9,9.368,2.322,unknown
4,3,3,0,134.58,164.7,76.34,32.39,22.56,1.025,1.57,24.1,72.0,0.817,0.424,industrial
11,4,1,0,69.03,215.51,2.01,17.72,5.52,1.569,2.24,28.9,34.4,0.32,8.823,agricultural_burning
22,1,6,1,181.16,220.88,68.4,21.12,21.76,1.469,3.56,29.2,71.6,0.82,0.309,industrial
14,4,5,1,214.39,352.64,1.46,16.65,11.46,2.254,3.05,28.0,47.9,0.608,11.378,agricultural_burning
4,4,2,0,23.09,37.83,2.44,14.04,8.2,0.347,3.48,29.1,73.3,0.61,5.764,unknown
5,11,3,0,60.49,80.71,14.69,29.82,23.69,0.426,1.1,18.5,80.3,0.749,2.03,seasonal_inversion
2,8,3,0,12.45,11.02,6.78,24.08,16.63,0.533,2.23,14.8,65.8,1.129,3.554,unknown
6,11,2,0,140.68,209.98,14.12,12.16,10.16,1.054,0.61,14.3,80.0,0.67,0.861,seasonal_inversion
19,2,4,0,60.11,94.53,7.8,129.18,80.76,1.857,1.67,26.3,47.6,0.636,16.561,vehicular
5,12,0,0,48.45,67.7,4.09,29.76,28.79,0.366,1.22,15.6,83.1,0.716,7.283,seasonal_inversion
22,11,0,0,36.56,59.25,6.53,23.3,16.55,0.283,1.4,23.8,62.4,0.617,3.566,unknown
10,1,5,1,105.96,168.47,6.89,16.05,10.38,0.95,1.43,16.7,74.2,0.629,2.33,seasonal_inversion
17,8,2,0,92.27,168.0,3.92,101.46,70.46,1.759,1.32,24.1,68.3,0.549,25.855,vehicular
13,5,2,0,5.41,-12.89,10.94,1.39,-2.21,0.746,6.03,26.3,65.3,0.5,0.127,unknown
5,11,5,1,102.92,132.25,16.45,17.18,14.21,1.168,1.08,21.2,74.4,0.778,1.044,seasonal_inversion
20,11,1,0,87.2,96.61,6.21,96.36,58.33,2.816,1.89,30.0,33.1,0.903,15.521,vehicular
0,8,1,0,106.93,135.59,84.07,20.49,9.35,1.175,3.28,31.9,65.6,0.789,0.244,industrial
11,11,5,1,125.92,313.93,12.18,18.14,8.23,1.405,3.08,28.8,18.9,0.401,1.489,agricultural_burning
19,10,2,0,78.94,161.09,-0.74,81.94,38.82,2.61,1.06,28.5,60.2,0.49,5.0,vehicular
6,9,3,0,70.77,121.81,12.0,4.78,2.28,0.749,2.08,33.2,57.6,0.581,0.398,unknown
14,10,4,0,158.21,255.33,6.43,18.89,5.02,1.46,1.88,34.1,39.4,0.62,2.939,agricultural_burning
1,4,1,0,151.45,205.22,104.73,21.27,11.07,0.207,2.33,23.8,74.0,0.738,0.203,industrial
7,11,4,0,103.21,125.16,6.66,28.84,23.03,1.032,1.0,26.9,76.1,0.825,4.329,seasonal_inversion
23,11,2,0,174.02,264.87,63.27,45.03,23.96,0.273,1.34,14.7,49.6,0.657,0.712,industrial
14,12,3,0,105.17,228.63,7.7,14.88,6.54,2.18,3.85,30.2,30.4,0.46,1.933,agricultural_burning
9,3,6,1,34.67,33.59,3.64,41.54,22.06,0.554,2.12,28.4,77.4,1.032,11.411,unknown
3,11,1,0,46.27,85.14,10.04,32.49,18.79,0.218,3.62,22.8,50.8,0.543,3.236,unknown
17,2,2,0,30.33,37.82,12.61,27.39,17.57,0.484,1.36,35.1,72.2,0.802,2.172,unknown
19,11,2,0,88.51,142.32,5.42,65.88,39.96,1.849,2.69,34.3,35.9,0.622,12.16,vehicular
20,5,4,0,86.25,127.84,4.7,75.07,60.61,2.496,2.57,35.4,53.3,0.675,15.969,vehicular
5,12,0,0,191.61,262.43,67.15,25.0,13.45,0.605,1.55,26.1,61.6,0.73,0.372,industrial
10,1,5,1,101.96,140.73,12.26,36.08,22.83,1.426,0.92,14.7,63.7,0.725,2.944,seasonal_inversion
20,10,1,0,24.76,43.72,0.64,-6.18,-4.29,0.432,1.51,37.1,56.8,0.566,-9.682,unknown
14,12,5,1,144.39,217.85,0.33,42.85,22.77,1.653,1.89,41.2,29.1,0.663,128.015,agricultural_burning
19,12,0,0,43.57,50.98,4.08,72.54,41.34,2.758,0.65,31.2,58.6,0.855,17.793,vehicular
4,5,5,1,81.16,129.01,8.91,39.89,32.02,0.287,2.48,20.0,41.6,0.629,4.475,unknown
19,5,4,0,73.96,131.85,7.16,94.5,64.7,1.845,2.28,30.3,61.7,0.561,13.206,vehicular
10,1,0,0,53.06,65.1,19.7,31.69,18.92,1.358,0.95,20.1,70.6,0.815,1.609,seasonal_inversion
18,11,3,0,86.25,155.22,13.03,116.24,66.19,2.532,1.72,34.9,76.0,0.556,8.919,vehicular
14,10,5,1,60.67,87.13,2.91,13.99,7.66,0.46,7.12,31.8,63.5,0.696,4.801,unknown
1,2,1,0,134.7,148.12,76.19,49.32,24.84,0.951,1.02,23.3,42.7,0.909,0.647,industrial
17,4,6,1,139.35,248.43,7.63,16.48,12.33,0.562,2.76,35.1,39.1,0.561,2.161,agricultural_burning
17,11,1,0,61.86,134.95,8.85,105.18,62.35,2.152,0.81,35.0,61.5,0.458,11.88,vehicular
19,6,2,0,76.63,129.16,4.51,57.15,45.09,2.305,2.43,36.5,37.7,0.593,12.679,vehicular
18,11,2,0,211.76,307.63,12.89,36.4,26.93,1.744,1.38,34.0,37.7,0.688,2.825,agricultural_burning
14,3,3,0,116.03,258.74,3.45,13.36,7.37,2.426,4.72,40.0,52.2,0.448,3.873,agricultural_burning
3,10,5,1,189.46,189.53,113.65,33.61,19.32,0.739,1.68,29.4,40.7,1.0,0.296,industrial
1,6,6,1,33.39,47.76,0.56,3.68,-0.02,0.473,7.8,26.6,56.3,0.699,6.626,unknown
15,11,6,1,147.53,321.4,2.75,13.33,1.01,0.622,3.45,33.3,47.2,0.459,4.849,agricultural_burning
7,9,6,1,41.37,71.03,5.88,7.53,6.19,0.263,1.27,25.4,59.0,0.582,1.281,unknown
17,9,2,0,78.29,136.84,10.06,67.23,38.24,3.434,0.95,34.4,60.8,0.572,6.68,vehicular
6,4,3,0,32.69,57.51,5.31,11.49,6.89,0.711,6.98,29.7,90.5,0.568,2.165,unknown
17,8,1,0,60.4,97.46,0.44,37.75,26.11,1.271,2.23,32.5,59.9,0.62,86.296,vehicular
6,12,6,1,177.33,237.52,54.58,14.83,18.92,0.658,1.34,15.6,60.9,0.747,0.272,industrial
9,2,4,0,140.28,167.95,16.19,44.51,27.65,0.576,1.42,10.4,95.5,0.835,2.749,seasonal_inversion
10,2,2,0,77.31,97.58,4.72,39.12,20.02,0.949,0.83,16.6,81.0,0.792,8.287,seasonal_inversion
19,11,2,0,88.68,106.67,1.85,102.47,68.49,2.099,2.06,24.9,33.3,0.831,55.475,vehicular
0,1,5,1,119.18,162.63,108.05,33.48,19.71,0.619,3.52,38.2,67.7,0.733,0.31,industrial
13,3,2,0,72.38,205.12,5.91,23.37,8.88,1.642,3.68,35.1,66.7,0.353,3.957,agricultural_burning
13,11,6,1,144.24,289.44,-1.01,28.89,12.56,1.777,2.09,28.0,59.4,0.498,5.0,agricultural_burning
6,12,5,1,96.53,168.59,9.7,13.38,11.66,0.909,0.91,19.6,67.8,0.573,1.379,seasonal_inversion
6,2,1,0,58.16,76.44,11.15,18.9,10.02,0.412,0.59,18.1,80.7,0.761,1.695,seasonal_inversion
12,3,3,0,242.52,333.39,10.23,30.42,17.68,2.024,3.13,29.1,31.7,0.727,2.974,agricultural_burning
8,10,4,0,49.78,98.66,3.35,105.94,63.02,2.76,2.15,32.2,44.8,0.505,31.668,vehicular
19,2,0,0,93.94,162.04,7.75,95.41,67.46,1.548,2.12,35.4,65.6,0.58,12.314,vehicular
17,10,6,1,89.98,141.48,3.67,36.28,26.25,2.066,3.23,30.8,32.2,0.636,9.882,agricultural_burning
15,10,2,0,42.79,69.75,9.23,38.4,17.17,0.7,2.97,35.8,71.6,0.613,4.162,unknown
16,7,4,0,41.01,85.84,5.33,9.25,5.4,0.611,1.75,38.5,68.6,0.478,1.738,unknown
1,7,2,0,9.34,21.73,11.82,23.53,14.27,0.498,3.97,22.9,50.6,0.43,1.992,unknown
0,1,2,0,205.81,292.72,144.7,32.05,22.92,0.58,0.92,29.6,64.6,0.703,0.221,industrial
9,11,4,0,37.97,76.36,4.54,110.88,60.5,2.401,0.82,32.2,81.9,0.497,24.43,vehicular
19,10,2,0,75.14,134.74,10.88,77.0,52.43,2.425,1.98,37.6,68.6,0.558,7.075,vehicular
8,1,4,0,109.84,116.94,20.71,34.41,29.74,0.546,0.99,19.9,82.3,0.939,1.662,seasonal_inversion
3,1,0,0,56.36,72.19,10.46,23.6,6.33,0.304,4.77,23.0,55.5,0.781,2.256,unknown
17,5,4,0,42.18,62.94,10.39,24.11,10.99,0.516,2.4,26.9,43.3,0.67,2.32,unknown
2,10,3,0,170.03,210.06,94.6,57.81,36.23,0.605,2.77,34.0,54.4,0.809,0.611,industrial
19,2,1,0,108.54,184.6,8.3,99.14,62.73,3.007,2.46,29.3,46.2,0.588,11.94,vehicular
9,4,3,0,175.14,270.82,8.36,13.64,2.61,1.599,4.98,30.7,48.8,0.647,1.631,agricultural_burning
7,11,1,0,57.76,84.53,5.75,42.86,20.11,0.732,1.38,18.6,93.7,0.683,7.451,seasonal_inversion
8,12,2,0,134.2,218.74,0.24,104.07,59.24,1.65,1.99,30.1,64.8,0.614,437.377,vehicular
23,3,6,1,106.21,108.8,65.4,61.68,32.37,0.237,1.14,31.9,71.0,0.976,0.943,industrial
9,11,0,0,81.96,210.38,6.6,3.62,1.95,2.513,4.83,34.9,47.3,0.39,0.549,agricultural_burning
16,4,3,0,40.98,73.14,9.98,44.82,28.87,0.636,4.64,31.5,76.9,0.56,4.49,unknown
5,4,0,0,122.95,187.99,107.12,52.2,39.09,0.745,0.55,31.8,49.7,0.654,0.487,industrial
5,4,4,0,196.03,339.23,121.68,22.58,12.65,0.934,3.56,27.8,77.8,0.578,0.186,industrial
15,3,0,0,70.06,206.5,8.23,17.51,6.83,2.163,4.23,36.8,52.8,0.339,2.129,agricultural_burning
7,6,5,1,46.76,56.69,4.13,20.18,10.25,0.838,4.01,36.5,38.6,0.825,4.889,unknown
5,4,6,1,169.62,213.2,68.2,47.35,22.71,0.447,3.45,22.8,74.1,0.796,0.694,industrial
15,6,1,0,31.03,48.23,4.88,18.27,9.05,0.426,7.75,27.3,84.1,0.643,3.741,unknown
5,11,0,0,80.44,122.33,5.38,38.89,27.96,1.091,1.0,15.8,56.7,0.658,7.23,seasonal_inversion
8,12,4,0,64.02,114.65,13.05,35.91,22.83,0.706,0.83,15.3,76.5,0.558,2.752,seasonal_inversion
16,10,5,1,127.17,198.85,5.47,32.28,14.09,1.416,2.26,27.4,34.6,0.64,5.901,agricultural_burning
0,2,3,0,228.05,305.63,55.67,49.9,22.19,0.703,3.35,32.8,53.8,0.746,0.896,industrial
13,4,0,0,158.32,312.75,6.65,21.26,9.94,2.081,4.04,39.0,50.3,0.506,3.197,agricultural_burning
9,12,0,0,97.95,212.39,5.65,136.98,96.37,2.29,1.31,32.2,37.8,0.461,24.241,vehicular
6,3,0,0,-0.67,-3.55,13.64,3.81,3.2,0.546,5.66,28.0,73.7,0.5,0.279,unknown
18,8,1,0,43.96,39.04,6.96,25.06,10.98,0.303,6.09,29.6,71.1,1.126,3.602,unknown
5,2,1,0,105.0,118.33,17.87,24.35,15.4,0.933,1.05,19.2,92.0,0.887,1.363,seasonal_inversion
22,9,6,1,176.4,190.11,73.24,51.16,33.5,0.785,3.97,25.6,54.3,0.928,0.699,industrial
5,1,4,0,141.98,203.32,2.5,3.34,5.5,1.154,0.63,21.0,87.3,0.698,1.337,seasonal_inversion
23,11,0,0,166.0,229.58,74.86,31.05,20.8,0.672,3.49,23.3,62.0,0.723,0.415,industrial
8,2,6,1,113.85,127.69,18.1,23.18,20.67,0.76,0.6,9.9,74.5,0.892,1.281,seasonal_inversion
9,3,3,0,96.81,184.52,15.97,23.4,14.8,1.318,4.61,35.4,51.7,0.525,1.465,agricultural_burning
1,8,4,0,51.32,53.91,4.4,24.89,12.51,0.502,4.52,41.9,43.4,0.952,5.662,unknown
17,4,0,0,238.09,381.74,7.03,30.56,19.35,2.105,2.6,31.6,54.7,0.624,4.345,agricultural_burning
7,3,2,0,83.34,144.21,7.67,103.92,58.67,1.54,0.99,19.4,71.9,0.578,13.554,vehicular
23,4,2,0,28.09,13.61,4.62,30.1,8.26,0.009,4.84,26.1,68.8,2.064,6.513,unknown
19,5,4,0,71.46,116.96,2.57,49.54,25.55,2.529,1.76,30.3,35.2,0.611,19.26,vehicular
2,1,2,0,121.4,162.25,50.67,54.93,40.53,0.603,1.75,37.7,47.2,0.748,1.084,industrial
11,3,2,0,84.49,209.43,10.65,14.74,7.3,2.336,4.52,25.4,37.2,0.403,1.385,agricultural_burning
8,1,3,0,62.26,119.34,3.57,56.61,32.3,2.635,2.89,33.5,52.9,0.522,15.837,vehicular
20,8,2,0,78.97,125.56,6.32,46.02,31.38,2.525,2.1,31.9,67.1,0.629,7.284,vehicular
10,5,4,0,36.21,70.62,6.88,111.92,64.14,2.706,2.33,36.2,64.2,0.513,16.263,vehicular
6,10,2,0,213.88,322.52,82.98,47.34,26.13,0.976,2.83,28.5,57.0,0.663,0.571,industrial
8,10,0,0,67.04,123.61,5.23,134.47,88.61,2.607,2.32,38.6,51.5,0.542,25.699,vehicular
17,1,2,0,97.94,182.87,3.71,98.2,63.43,3.072,1.96,20.8,49.5,0.536,26.475,vehicular
6,2,3,0,125.45,195.42,29.87,26.55,13.55,0.311,1.19,20.4,73.2,0.642,0.889,seasonal_inversion
8,6,6,1,33.23,36.14,9.42,2.18,3.38,0.699,1.63,25.6,65.4,0.919,0.231,unknown
18,6,1,0,53.04,101.1,0.82,102.65,63.47,1.44,1.48,31.9,49.3,0.525,125.666,vehicular
3,5,3,0,49.91,44.26,7.36,15.41,9.16,0.184,1.2,36.9,77.4,1.128,2.093,unknown
0,9,0,0,147.6,184.74,69.41,61.18,48.38,1.016,0.78,18.5,84.8,0.799,0.881,industrial
17,1,0,0,93.75,161.45,3.98,104.93,57.09,3.528,1.86,40.6,73.9,0.581,26.39,vehicular
22,2,2,0,218.51,314.1,53.93,48.48,25.06,1.414,1.05,29.0,85.5,0.696,0.899,industrial
11,11,5,1,148.31,294.63,1.35,6.61,4.01,2.044,1.02,31.6,37.8,0.503,4.915,agricultural_burning
23,7,1,0,154.74,241.76,76.88,18.6,6.29,1.43,1.87,19.2,79.3,0.64,0.242,industrial
8,12,0,0,84.68,98.67,9.62,20.38,12.46,0.802,1.16,20.3,69.9,0.858,2.119,seasonal_inversion
5,12,4,0,88.73,93.57,15.49,26.76,15.19,0.977,0.25,14.2,72.2,0.948,1.728,seasonal_inversion
14,11,1,0,122.79,256.02,14.06,38.57,23.63,2.275,4.97,21.7,47.3,0.48,2.744,agricultural_burning
5,6,6,1,139.68,155.4,97.79,29.03,16.99,0.824,1.83,19.1,63.6,0.899,0.297,industrial
9,1,6,1,107.33,125.46,8.31,30.17,23.25,0.342,1.0,14.9,78.7,0.855,3.631,seasonal_inversion
23,5,4,0,94.0,123.09,66.34,37.16,31.49,0.866,3.93,22.7,53.8,0.764,0.56,industrial
9,7,2,0,72.24,136.4,2.49,82.14,57.25,2.532,2.73,31.7,42.1,0.53,33.041,vehicular
11,4,0,0,114.11,277.59,6.77,3.98,4.48,1.163,4.12,33.4,48.1,0.411,0.588,agricultural_burning
15,11,5,1,155.72,240.85,13.66,15.68,5.39,0.959,3.19,25.2,58.2,0.647,1.148,agricultural_burning
1,7,1,0,172.97,229.99,45.95,34.41,16.13,1.254,3.51,33.6,84.2,0.752,0.749,industrial
6,2,1,0,102.54,149.05,0.85,15.92,8.64,0.774,0.02,14.6,87.3,0.688,18.828,seasonal_inversion
0,9,5,1,144.86,201.16,56.4,46.84,39.76,0.835,1.06,32.7,70.3,0.72,0.83,industrial
23,6,2,0,144.35,239.21,73.89,36.75,25.11,0.105,0.75,30.2,52.6,0.603,0.497,industrial
16,3,3,0,278.52,411.68,5.13,4.99,2.39,2.049,4.15,30.6,41.3,0.677,0.972,agricultural_burning
7,12,3,0,50.54,83.8,6.89,76.56,57.58,2.892,0.64,39.0,72.8,0.603,11.115,vehicular
8,10,3,0,75.78,108.79,3.32,72.67,32.34,2.884,2.66,32.1,72.4,0.697,21.904,vehicular
19,5,3,0,90.07,162.47,2.92,111.73,80.64,2.44,0.69,31.2,52.0,0.554,38.269,vehicular
22,11,4,0,30.21,64.59,9.42,22.81,17.36,0.336,2.08,28.7,81.1,0.468,2.421,unknown
8,11,0,0,69.85,80.28,1.85,27.89,15.38,0.266,1.37,6.4,63.1,0.87,15.067,seasonal_inversion
16,2,2,0,55.92,62.6,10.51,19.28,14.24,0.382,6.57,28.4,74.1,0.893,1.834,unknown
18,2,1,0,86.06,186.33,8.21,104.37,56.85,2.592,2.44,23.9,62.7,0.462,12.719,vehicular
10,2,1,0,82.57,87.24,1.29,28.88,20.54,0.569,1.36,15.0,71.0,0.946,22.403,seasonal_inversion
0,4,2,0,171.26,236.96,107.52,49.37,32.95,1.215,1.05,26.2,100.0,0.723,0.459,industrial
7,2,5,1,73.73,93.37,17.11,26.24,13.49,1.297,0.6,16.9,69.4,0.79,1.534,seasonal_inversion
7,12,2,0,82.6,124.51,5.81,128.21,71.88,3.448,0.77,29.2,42.8,0.663,22.069,vehicular
17,1,3,0,44.99,54.3,10.94,25.18,11.91,0.61,4.46,32.4,68.6,0.829,2.303,unknown
2,12,3,0,145.68,189.77,78.81,31.77,21.11,1.203,1.88,30.7,68.7,0.768,0.403,industrial
9,5,2,0,50.65,108.91,2.5,55.84,47.49,3.416,2.22,27.2,68.8,0.465,22.319,vehicular
5,10,5,1,20.17,28.94,10.58,16.24,10.77,0.254,6.65,36.1,56.1,0.697,1.534,unknown
11,12,6,1,84.15,175.29,9.49,18.11,11.02,1.309,3.48,40.4,50.6,0.48,1.909,agricultural_burning
15,10,6,1,206.26,259.11,6.38,15.58,13.84,2.499,3.02,25.5,58.2,0.796,2.441,agricultural_burning
7,3,5,1,44.98,48.99,8.48,27.2,14.65,0.313,2.79,25.0,42.8,0.918,3.208,unknown
7,10,4,0,121.76,215.04,7.94,107.83,70.21,2.671,2.0,34.3,64.0,0.566,13.587,vehicular
16,12,0,0,150.25,295.64,11.73,6.08,7.56,1.615,1.13,34.5,57.3,0.508,0.518,agricultural_burning
10,11,4,0,80.36,98.11,11.65,26.71,13.87,1.432,1.16,14.0,94.3,0.819,2.292,seasonal_inversion
0,4,4,0,154.5,178.58,127.6,44.15,22.77,1.051,3.98,30.4,60.3,0.865,0.346,industrial
10,11,0,0,78.34,99.2,2.42,99.3,43.12,2.152,2.95,39.2,32.0,0.79,40.965,vehicular
17,11,0,0,158.05,323.7,8.86,23.25,10.25,1.077,3.87,33.0,15.0,0.488,2.623,agricultural_burning
6,7,4,0,203.5,261.04,63.62,31.68,30.87,0.409,2.05,28.7,35.0,0.78,0.498,industrial
5,11,6,1,88.84,119.62,22.14,21.36,16.11,0.661,0.99,13.3,73.1,0.743,0.965,seasonal_inversion
10,2,0,0,96.13,132.8,15.9,20.83,11.15,0.346,0.89,23.2,60.8,0.724,1.31,seasonal_inversion
7,2,6,1,131.16,193.38,18.6,32.16,18.25,0.868,0.35,14.0,98.0,0.678,1.729,seasonal_inversion
3,7,3,0,189.49,249.92,106.98,29.27,19.52,0.319,3.34,28.8,38.4,0.758,0.274,industrial
10,12,5,1,120.43,158.1,5.29,5.52,4.26,1.35,0.66,5.1,75.2,0.762,1.044,seasonal_inversion
7,1,2,0,78.79,147.24,12.4,98.76,47.88,2.744,1.01,21.8,31.5,0.535,7.962,vehicular
13,2,4,0,27.9,26.19,12.13,27.25,14.14,0.328,1.5,24.8,52.0,1.066,2.246,unknown
7,1,6,1,78.58,150.41,4.39,27.5,17.66,1.132,1.02,16.2,83.7,0.522,6.271,seasonal_inversion
9,12,5,1,126.35,210.13,7.88,23.71,15.87,1.063,4.19,34.4,15.0,0.601,3.009,agricultural_burning
4,8,5,1,144.3,155.65,61.41,63.75,47.41,1.154,2.69,33.8,70.8,0.927,1.038,industrial
5,12,2,0,90.29,128.82,18.72,25.49,15.49,1.322,0.18,16.0,79.2,0.701,1.362,seasonal_inversion
1,5,3,0,167.21,227.03,67.29,44.17,23.44,0.8,1.1,35.3,76.8,0.736,0.656,industrial
5,12,3,0,103.44,166.43,4.52,37.37,21.52,0.806,0.88,14.4,67.2,0.621,8.26,seasonal_inversion
9,2,5,1,100.91,118.67,4.2,20.35,17.48,0.855,0.12,16.0,62.1,0.85,4.843,seasonal_inversion
17,5,2,0,58.74,95.96,3.43,116.28,68.86,2.649,1.65,29.0,63.8,0.612,33.894,vehicular
7,8,3,0,108.12,222.25,4.58,42.41,32.76,1.374,2.22,31.2,60.1,0.486,9.269,vehicular
4,2,6,1,226.2,335.89,107.71,23.81,18.43,0.584,3.77,24.5,42.7,0.673,0.221,industrial
17,5,3,0,38.45,64.86,6.07,54.28,35.46,2.613,0.81,22.5,53.1,0.593,8.949,vehicular
8,11,3,0,78.58,114.48,11.52,32.14,20.63,0.793,0.67,21.8,50.8,0.686,2.79,seasonal_inversion
19,10,6,1,39.05,59.76,10.84,-4.86,-4.66,0.536,2.13,28.1,47.8,0.654,-0.449,unknown
7,11,1,0,97.79,123.24,23.71,37.26,20.66,0.857,0.07,18.0,71.1,0.793,1.571,seasonal_inversion
6,10,6,1,165.67,244.18,80.08,31.59,26.07,1.251,1.74,29.8,55.0,0.678,0.394,industrial
10,1,3,0,105.41,148.42,1.18,24.26,16.81,0.54,0.31,12.5,67.1,0.71,20.572,seasonal_inversion
3,3,4,0,179.17,277.84,63.17,31.68,20.71,0.473,3.37,24.8,45.3,0.645,0.501,industrial
11,12,2,0,168.39,259.97,2.45,13.64,6.79,1.669,2.32,37.1,25.0,0.648,5.558,agricultural_burning
12,9,3,0,80.96,122.89,13.58,19.44,15.67,0.738,6.67,22.3,98.0,0.659,1.432,unknown
18,3,2,0,101.62,160.62,5.89,136.11,66.84,1.883,2.39,36.5,45.2,0.633,23.093,vehicular
21,6,3,0,58.05,93.86,10.54,25.11,18.15,0.78,4.13,24.1,76.8,0.618,2.382,unknown
18,11,3,0,42.32,28.32,7.39,16.92,11.49,0.664,7.04,33.3,37.9,1.495,2.291,unknown
17,3,0,0,126.84,287.22,3.78,18.16,8.52,1.824,1.25,34.7,58.6,0.442,4.805,agricultural_burning
13,6,5,1,31.32,50.4,11.42,7.72,6.95,0.089,2.34,26.0,75.5,0.622,0.676,unknown
17,3,1,0,119.77,288.88,3.07,25.39,15.03,1.817,2.17,39.2,65.1,0.415,8.272,agricultural_burning
7,12,4,0,113.46,154.93,14.02,38.35,19.98,0.859,0.24,27.0,75.8,0.732,2.736,seasonal_inversion
18,4,2,0,125.94,235.61,5.77,19.61,14.47,1.326,4.1,35.3,40.9,0.535,3.401,agricultural_burning
4,7,2,0,24.82,32.26,15.89,12.17,6.72,0.389,2.96,24.9,53.7,0.769,0.766,unknown
8,2,2,0,117.73,153.58,20.16,23.96,21.43,0.55,0.33,14.7,79.6,0.767,1.189,seasonal_inversion
18,3,3,0,148.96,199.01,15.42,30.16,18.42,1.064,2.84,37.3,43.0,0.749,1.956,agricultural_burning
5,12,2,0,113.25,170.97,8.94,17.61,7.74,1.157,0.25,22.1,77.3,0.662,1.97,seasonal_inversion
16,10,4,0,137.55,207.94,6.55,15.82,10.27,1.627,3.0,35.2,15.0,0.662,2.416,agricultural_burning
7,11,1,0,91.71,100.96,5.36,113.55,87.67,4.661,0.51,32.9,64.9,0.908,21.179,vehicular
23,3,5,1,187.63,247.64,92.14,12.84,8.91,1.017,2.39,32.2,47.7,0.758,0.139,industrial
9,11,1,0,120.26,172.58,16.27,24.96,13.85,0.633,1.06,17.3,66.2,0.697,1.534,seasonal_inversion
17,6,3,0,105.24,142.78,9.05,97.53,53.05,1.277,1.42,29.6,58.9,0.737,10.778,vehicular
8,5,0,0,63.13,95.46,2.62,92.61,56.12,3.784,2.43,33.9,37.7,0.661,35.304,vehicular
3,4,0,0,44.45,70.0,8.46,3.23,5.83,0.528,3.34,28.9,98.0,0.635,0.382,unknown
16,3,1,0,93.8,191.62,8.71,18.64,12.68,1.01,1.14,27.1,58.2,0.49,2.139,agricultural_burning
9,3,2,0,156.92,334.09,8.01,33.54,14.2,2.288,4.62,32.7,58.8,0.47,4.189,agricultural_burning
9,5,3,0,142.9,208.28,5.31,103.65,77.79,1.67,2.42,29.8,78.4,0.686,19.504,vehicular
18,4,0,0,178.26,298.47,3.41,29.68,14.8,1.484,4.2,34.4,41.8,0.597,8.714,agricultural_burning
11,12,5,1,36.55,59.59,2.36,10.46,6.89,0.438,4.65,29.0,70.9,0.613,4.433,unknown
1,8,5,1,241.64,269.41,92.11,19.62,15.23,1.496,3.09,26.0,80.2,0.897,0.213,industrial
10,10,0,0,165.43,257.72,9.08,5.74,3.86,2.338,4.64,40.2,36.5,0.642,0.632,agricultural_burning
9,12,4,0,17.63,32.8,11.49,117.42,70.25,1.121,1.61,38.1,26.2,0.538,10.215,vehicular
8,11,2,0,94.94,107.31,13.55,27.92,15.91,0.625,0.21,18.9,90.6,0.885,2.061,seasonal_inversion
5,9,6,1,46.41,61.92,5.29,18.87,11.43,0.759,4.43,30.1,71.9,0.75,3.564,unknown
0,11,5,1,26.07,45.89,4.56,22.48,17.0,0.754,4.21,24.4,59.7,0.568,4.925,unknown
7,11,4,0,112.92,196.67,13.39,12.45,5.38,1.144,0.56,14.9,67.1,0.574,0.93,seasonal_inversion
8,5,2,0,64.71,110.66,7.42,80.73,49.33,1.994,2.58,32.8,90.0,0.585,10.876,vehicular
7,9,3,0,59.29,87.84,8.69,44.03,31.19,3.205,1.78,33.3,71.8,0.675,5.065,vehicular
20,9,4,0,47.75,76.49,6.56,21.1,13.44,0.648,1.83,19.6,68.7,0.624,3.217,unknown
2,11,4,0,157.85,228.15,78.67,34.9,23.31,0.726,2.33,38.1,57.0,0.692,0.444,industrial
22,3,3,0,20.37,27.61,14.51,30.21,9.92,0.39,5.52,13.3,67.2,0.738,2.082,unknown
9,1,6,1,160.55,234.53,15.96,7.67,6.46,1.103,0.69,19.5,59.1,0.685,0.481,seasonal_inversion
10,2,2,0,39.2,36.51,4.13,8.39,11.65,1.033,1.23,22.4,68.4,1.074,2.03,seasonal_inversion
9,11,1,0,108.67,182.57,15.28,35.19,24.18,0.922,0.58,19.7,82.3,0.595,2.303,seasonal_inversion
8,2,4,0,147.54,230.6,17.64,42.88,20.01,0.689,1.3,18.3,75.4,0.64,2.431,seasonal_inversion
9,2,0,0,58.86,76.23,10.0,30.65,25.23,0.488,1.12,17.7,95.3,0.772,3.064,seasonal_inversion
1,7,0,0,206.92,242.79,70.88,23.15,19.07,0.941,0.88,25.7,52.7,0.852,0.327,industrial
13,6,5,1,41.51,57.87,11.01,-0.37,-0.6,0.272,3.5,29.7,76.6,0.717,-0.034,unknown
7,1,5,1,70.25,107.96,13.59,14.35,8.73,0.512,0.87,17.9,79.2,0.651,1.056,seasonal_inversion
3,8,1,0,125.84,151.9,70.75,26.65,17.63,0.739,3.37,28.7,74.4,0.828,0.377,industrial
20,9,0,0,82.32,117.56,6.77,37.76,25.07,2.58,0.7,34.8,43.4,0.7,5.576,vehicular
3,3,2,0,222.43,344.22,44.81,28.83,20.66,1.479,2.96,38.4,48.9,0.646,0.643,industrial
8,12,0,0,62.13,122.65,5.25,62.29,45.63,2.602,2.77,35.3,39.9,0.507,11.862,vehicular
9,2,4,0,99.99,152.37,12.9,17.14,10.96,0.683,0.56,7.1,77.4,0.656,1.329,seasonal_inversion
20,4,3,0,21.27,35.97,12.66,15.82,10.73,0.385,3.78,24.5,28.7,0.591,1.25,unknown
5,12,2,0,108.32,128.97,18.57,21.95,10.38,0.422,1.38,15.8,86.1,0.84,1.182,seasonal_inversion
14,12,6,1,132.86,308.47,4.48,19.68,12.99,2.038,2.94,32.6,36.8,0.431,4.392,agricultural_burning
22,2,3,0,157.68,268.08,67.52,51.52,40.42,0.793,2.51,28.2,54.4,0.588,0.763,industrial
9,10,4,0,114.78,223.13,2.68,7.15,3.44,2.167,2.03,21.8,67.4,0.514,2.665,agricultural_burning
9,1,0,0,50.78,86.07,13.31,49.11,35.41,1.096,1.31,20.4,80.9,0.59,3.689,seasonal_inversion
9,10,4,0,111.59,247.68,8.7,16.08,8.93,1.564,1.38,27.0,56.9,0.451,1.849,agricultural_burning
0,3,5,1,157.55,184.79,59.25,9.3,2.05,0.754,1.99,32.8,99.1,0.853,0.157,industrial
16,4,1,0,184.12,337.55,7.91,13.06,9.24,1.309,1.6,29.2,33.6,0.545,1.652,agricultural_burning
17,12,4,0,33.07,54.66,3.71,45.33,20.35,0.407,7.88,31.7,33.5,0.605,12.222,unknown
6,4,0,0,158.24,222.16,93.6,8.41,6.45,0.623,3.2,25.1,66.1,0.712,0.09,industrial
23,11,1,0,46.53,56.75,2.84,12.27,4.43,0.559,6.57,27.3,88.0,0.82,4.318,unknown
5,11,1,0,92.02,148.48,14.31,33.18,16.22,0.734,0.01,22.3,79.5,0.62,2.318,seasonal_inversion
18,11,2,0,88.02,159.95,4.8,43.79,25.82,2.623,0.78,31.5,49.1,0.55,9.116,vehicular
7,2,5,1,109.39,123.17,19.22,22.56,15.61,0.861,0.2,27.7,75.6,0.888,1.173,seasonal_inversion
15,2,5,1,59.77,48.4,9.6,24.4,20.22,0.068,1.38,14.2,61.9,1.235,2.542,unknown
10,11,6,1,82.88,147.43,9.2,38.71,20.33,1.115,1.19,10.2,87.0,0.562,4.208,seasonal_inversion
14,3,6,1,246.05,375.23,13.59,19.84,12.08,1.573,3.15,37.4,15.2,0.656,1.46,agricultural_burning
9,12,1,0,157.42,239.67,13.52,13.32,10.17,1.072,0.45,10.5,86.2,0.657,0.985,seasonal_inversion
8,2,3,0,26.52,43.44,7.87,25.4,21.7,0.273,4.1,24.0,65.4,0.61,3.228,unknown
13,1,1,0,43.09,48.52,7.94,8.06,1.87,0.328,4.19,34.7,75.8,0.888,1.015,unknown
17,11,4,0,60.85,77.49,-0.02,115.18,74.6,3.692,1.6,29.3,63.9,0.785,5.0,vehicular
2,2,5,1,27.9,39.66,8.14,20.59,7.3,0.792,6.78,20.2,48.8,0.703,2.529,unknown
14,4,4,0,128.28,194.78,5.78,34.07,21.11,1.51,3.14,36.6,42.3,0.659,5.892,agricultural_burning
12,12,5,1,110.87,206.24,4.11,21.34,10.91,2.382,3.63,23.2,34.9,0.538,5.195,agricultural_burning
22,3,0,0,172.95,229.68,74.21,13.58,9.62,1.109,3.39,26.3,56.4,0.753,0.183,industrial
1,9,4,0,158.08,217.35,84.35,11.43,8.85,0.851,3.16,28.5,61.5,0.727,0.136,industrial
5,11,5,1,91.78,136.28,18.78,22.56,12.38,0.266,0.39,15.9,60.6,0.673,1.201,seasonal_inversion
1,12,6,1,141.18,136.43,36.99,28.25,18.68,0.633,2.83,24.5,56.0,1.035,0.764,industrial
20,7,2,0,74.14,97.28,4.06,70.0,39.9,1.709,2.68,27.3,75.5,0.762,17.235,vehicular
18,10,2,0,161.0,310.84,13.69,26.24,16.73,1.92,3.76,28.4,65.9,0.518,1.917,agricultural_burning
12,11,1,0,148.32,238.64,12.63,35.55,14.97,0.756,4.94,34.3,41.6,0.622,2.814,agricultural_burning
0,8,6,1,175.71,204.39,83.32,20.4,12.25,1.059,1.68,35.8,59.9,0.86,0.245,industrial
8,6,3,0,51.33,86.36,9.47,30.06,12.78,0.921,1.58,33.9,60.1,0.594,3.174,unknown
17,3,0,0,276.02,399.94,13.4,22.77,11.46,1.634,1.51,31.2,66.2,0.69,1.699,agricultural_burning
16,11,4,0,246.62,383.03,6.08,16.65,10.69,1.786,2.32,39.2,46.0,0.644,2.739,agricultural_burning
8,2,4,0,119.59,184.29,15.9,25.12,18.79,0.602,0.52,15.6,82.3,0.649,1.58,seasonal_inversion
16,12,2,0,216.38,434.75,13.17,17.94,10.8,1.951,3.24,36.9,15.0,0.498,1.362,agricultural_burning
23,10,0,0,73.97,91.98,1.75,7.91,5.6,0.257,7.77,31.4,32.1,0.804,4.53,unknown
7,4,6,1,13.65,20.72,10.93,6.39,0.1,0.552,1.52,18.6,35.8,0.659,0.585,unknown
8,12,0,0,101.21,160.14,3.85,21.05,15.3,0.837,1.31,26.7,98.0,0.632,5.473,seasonal_inversion
18,4,4,0,146.08,311.21,13.27,11.61,3.21,2.714,3.21,31.2,32.3,0.469,0.875,agricultural_burning
7,2,4,0,53.98,54.94,1.75,117.87,73.13,3.086,2.52,27.2,36.1,0.983,67.202,vehicular
1,8,5,1,172.32,239.61,59.52,31.67,19.17,0.769,1.49,28.8,68.7,0.719,0.532,industrial
9,1,1,0,39.42,59.15,1.22,7.56,4.04,1.104,0.19,20.3,88.1,0.666,6.197,seasonal_inversion
9,11,2,0,74.44,116.33,5.65,98.31,57.98,1.953,0.76,34.9,39.6,0.64,17.405,vehicular
7,6,0,0,49.6,96.53,7.46,96.42,52.27,4.343,1.32,29.3,38.9,0.514,12.919,vehicular
17,11,1,0,112.68,254.17,4.87,20.58,15.09,1.781,1.42,37.7,35.6,0.443,4.227,agricultural_burning
9,1,5,1,105.56,128.08,9.43,43.88,31.16,0.946,0.54,17.9,80.2,0.824,4.652,seasonal_inversion
1,12,0,0,146.75,230.16,112.74,33.29,21.88,0.95,2.38,27.8,97.5,0.638,0.295,industrial
2,2,3,0,258.5,371.96,87.88,20.63,7.09,0.405,1.94,23.2,80.7,0.695,0.235,industrial
12,3,1,0,39.98,58.17,7.37,8.8,1.83,0.376,4.6,30.1,91.0,0.687,1.194,unknown
17,3,0,0,97.74,187.0,7.49,95.96,44.3,3.733,2.99,29.9,49.1,0.523,12.812,vehicular
9,2,0,0,58.83,77.21,6.83,72.7,53.21,2.482,1.03,24.4,53.5,0.762,10.652,vehicular
23,4,5,1,162.99,206.15,71.27,46.98,36.19,1.534,1.36,33.6,41.5,0.791,0.659,industrial
6,2,3,0,69.08,79.17,15.68,38.6,26.4,1.179,0.14,18.1,88.5,0.873,2.462,seasonal_inversion
9,3,4,0,96.63,172.73,7.01,42.77,20.96,3.201,2.46,30.0,83.4,0.559,6.104,vehicular
10,7,2,0,86.29,147.19,3.02,129.25,68.02,2.818,0.74,29.5,62.2,0.586,42.822,vehicular
17,9,3,0,64.52,102.3,0.44,43.62,23.17,2.59,2.84,23.0,27.5,0.631,100.124,vehicular
6,3,0,0,198.54,279.23,103.04,32.63,22.0,1.15,1.52,26.8,54.6,0.711,0.317,industrial
8,11,5,1,112.45,123.12,11.83,32.29,9.03,0.887,0.86,8.9,65.4,0.913,2.729,seasonal_inversion
